Age,Annual_Income,Monthly_Inhand_Salary,Num_Bank_Accounts,Num_Credit_Card,Num_of_Loan,Delay_from_due_date,Num_of_Delayed_Payment,Num_Credit_Inquiries,Credit_Mix,Outstanding_Debt,Credit_Utilization_Ratio,Credit_History_Age_Months,Payment_of_Min_Amount,Total_EMI_per_month,Monthly_Balance,Payment_Behaviour,Credit_Score_Category,Credit_Default
56,44109.67,2858.07,4,1,1,6,3,2,Bad,18257.01,47.47,388,Yes,1404.96,50.0,High_spent_Small_value_payments,Poor,1
69,18240.24,1117.07,5,5,0,9,3,6,Bad,2030.71,69.07,285,Yes,146.08,359.42,Low_spent_Large_value_payments,Poor,1
46,38220.44,2639.76,2,2,2,4,3,6,Standard,3670.1,12.15,111,No,136.07,1612.92,Low_spent_Large_value_payments,Standard,1
32,15000.0,904.49,3,9,1,1,5,1,Bad,5653.18,57.91,119,Yes,504.43,54.38,High_spent_Large_value_payments,Poor,1
60,32463.2,2241.09,5,3,2,1,1,2,Standard,4063.12,16.88,403,Yes,174.5,1198.54,Low_spent_Medium_value_payments,Good,1
25,15000.0,922.8,5,6,1,0,3,3,Standard,1924.54,29.85,68,No,136.7,254.24,High_spent_Large_value_payments,Standard,1
38,74876.6,5211.74,5,2,2,0,1,0,Good,20014.82,29.93,91,No,826.63,2673.64,Low_spent_Large_value_payments,Good,0
56,57898.36,3931.64,3,5,4,11,5,4,Bad,9368.7,23.62,257,Yes,168.14,2153.22,Low_spent_Small_value_payments,Poor,1
36,48050.25,2968.73,6,5,1,0,1,1,Bad,20955.8,30.53,65,No,1679.77,50.0,Low_spent_Small_value_payments,Poor,1
40,90454.64,5981.74,7,5,2,3,1,1,Good,20734.37,13.58,53,No,775.13,2756.77,High_spent_Large_value_payments,Good,0
28,20550.7,1302.65,2,4,0,0,0,3,Good,3140.53,35.94,34,Yes,260.52,369.32,Low_spent_Large_value_payments,Standard,0
28,103612.98,6416.84,5,4,2,0,1,6,Standard,8119.11,18.78,93,Yes,387.45,2975.07,Low_spent_Small_value_payments,Good,0
41,63533.01,4403.33,5,6,1,2,2,7,Standard,20190.75,48.49,151,No,1546.41,724.69,High_spent_Small_value_payments,Poor,1
53,31510.21,2028.36,5,8,3,0,2,1,Good,5917.04,21.8,159,Yes,195.44,738.63,High_spent_Small_value_payments,Good,0
57,71780.78,4616.76,7,8,2,10,4,6,Bad,13403.78,10.65,418,No,558.24,1890.35,Low_spent_Medium_value_payments,Standard,0
41,18698.97,1156.35,4,6,0,0,1,4,Standard,3116.47,9.35,118,No,225.86,401.29,High_spent_Medium_value_payments,Good,0
20,22143.33,1420.49,4,7,1,6,1,2,Standard,6145.5,66.42,13,Yes,546.34,193.02,High_spent_Small_value_payments,Poor,1
39,25206.22,1750.38,6,3,0,9,3,2,Bad,4022.59,53.46,155,No,384.38,316.02,High_spent_Large_value_payments,Poor,1
19,26439.47,1690.38,3,2,2,2,0,4,Standard,1690.04,37.23,6,Yes,69.82,655.41,Low_spent_Large_value_payments,Poor,0
41,19265.39,1354.53,2,6,1,0,1,6,Standard,3035.18,41.65,92,No,292.49,577.36,High_spent_Small_value_payments,Poor,1
61,75648.27,5314.42,3,4,3,0,2,5,Standard,21711.75,19.21,448,Yes,668.8,2509.31,Low_spent_Small_value_payments,Good,0
47,31091.43,1914.29,5,7,4,14,6,3,Standard,4678.76,5.87,190,No,82.44,1249.51,Low_spent_Small_value_payments,Standard,0
55,44869.03,2778.33,4,2,4,4,3,6,Standard,27412.8,37.96,183,Yes,652.19,1167.82,High_spent_Small_value_payments,Poor,1
19,25791.21,1788.51,2,6,3,0,1,1,Standard,12575.23,13.58,6,Yes,295.4,558.24,High_spent_Large_value_payments,Standard,0
38,15000.0,963.82,6,4,4,4,3,2,Good,1325.86,59.42,54,Yes,26.36,463.76,Low_spent_Medium_value_payments,Poor,1
50,42703.43,2564.23,2,5,0,0,1,4,Standard,14275.95,39.12,329,No,1394.88,50.0,High_spent_Small_value_payments,Standard,0
29,15000.0,944.5,6,6,3,3,2,2,Bad,4560.72,18.49,47,Yes,114.97,349.55,High_spent_Medium_value_payments,Poor,1
39,34850.39,2316.66,3,4,0,10,3,1,Bad,5869.5,41.36,131,Yes,393.13,1145.26,High_spent_Small_value_payments,Poor,1
61,15978.69,1097.08,2,4,3,3,2,5,Good,3376.38,14.33,116,No,91.06,439.15,High_spent_Medium_value_payments,Good,1
42,119654.73,7352.19,5,4,2,2,3,3,Standard,39670.38,26.98,217,Yes,1944.74,2984.03,Low_spent_Small_value_payments,Standard,0
66,62743.96,3839.78,3,6,3,1,1,2,Good,14761.07,47.71,229,No,397.64,1584.69,High_spent_Small_value_payments,Good,0
44,38694.48,2708.2,4,6,3,2,3,2,Bad,9470.21,56.8,271,Yes,221.75,1098.98,High_spent_Large_value_payments,Poor,1
59,77514.79,5281.66,3,3,3,11,4,1,Good,30762.8,9.24,379,Yes,827.09,1726.2,High_spent_Small_value_payments,Good,0
45,21855.56,1450.97,2,5,2,1,1,2,Bad,3444.31,15.39,257,No,171.46,590.51,High_spent_Large_value_payments,Standard,0
33,50316.46,3438.27,4,6,1,2,0,5,Bad,12099.06,26.78,61,Yes,888.04,694.73,Low_spent_Large_value_payments,Poor,1
32,40940.96,2646.67,5,12,1,7,3,2,Standard,12595.97,20.12,56,No,1223.35,509.06,Low_spent_Small_value_payments,Poor,0
64,42549.02,2902.55,3,5,3,0,1,3,Good,10422.71,52.84,346,Yes,245.35,984.15,High_spent_Small_value_payments,Good,1
68,77917.99,4988.92,4,1,1,4,2,0,Good,17537.08,39.43,170,Yes,1231.98,1004.66,High_spent_Small_value_payments,Standard,0
61,56358.89,3530.57,5,6,0,0,1,2,Bad,11525.59,50.67,450,Yes,786.92,1514.58,Low_spent_Medium_value_payments,Standard,1
69,43184.38,2932.12,7,5,0,0,6,2,Standard,22896.86,25.87,163,No,1649.15,50.0,High_spent_Large_value_payments,Poor,0
20,15000.0,968.2,3,2,2,2,3,2,Bad,4295.07,34.27,16,Yes,210.6,305.63,Low_spent_Large_value_payments,Poor,1
54,20413.92,1441.87,6,10,4,1,1,3,Good,1513.15,10.89,135,Yes,35.58,949.81,Low_spent_Large_value_payments,Good,0
68,33737.82,2152.0,3,1,1,0,4,4,Bad,8049.3,11.37,380,No,626.11,374.38,High_spent_Small_value_payments,Standard,1
24,38408.09,2688.0,5,8,2,7,5,4,Standard,5042.38,23.13,58,Yes,179.78,1050.19,Low_spent_Small_value_payments,Poor,1
38,18432.63,1292.26,3,3,2,5,3,5,Standard,8711.19,23.85,82,Yes,371.8,159.12,High_spent_Medium_value_payments,Poor,1
26,154354.32,9665.68,2,6,3,10,2,3,Standard,47313.43,19.17,27,Yes,1116.29,3999.13,Low_spent_Medium_value_payments,Standard,1
56,90204.67,6192.32,8,3,2,1,2,4,Bad,56228.5,22.46,292,No,2506.23,686.63,Low_spent_Medium_value_payments,Poor,0
35,52118.28,3371.62,4,4,4,3,5,0,Good,19047.23,22.95,54,No,457.65,1810.69,Low_spent_Large_value_payments,Good,0
21,37919.55,2652.09,7,5,3,22,6,6,Bad,6098.4,48.16,29,Yes,170.97,1369.58,Low_spent_Large_value_payments,Poor,1
42,31973.88,2074.35,7,4,2,3,1,2,Bad,13746.22,38.98,236,Yes,511.33,485.53,High_spent_Medium_value_payments,Poor,1
31,20513.71,1396.23,8,5,2,3,1,4,Standard,5116.59,17.59,115,Yes,197.38,572.04,High_spent_Large_value_payments,Standard,0
67,38043.61,2475.07,4,6,2,0,1,2,Standard,3563.17,8.49,276,No,141.46,1508.63,Low_spent_Medium_value_payments,Good,0
26,42389.31,2647.97,5,3,0,8,3,6,Standard,15498.91,6.59,46,No,1529.32,50.0,High_spent_Small_value_payments,Poor,1
43,17239.24,1071.58,5,6,0,3,4,1,Good,1391.41,25.97,104,Yes,132.65,420.63,Low_spent_Small_value_payments,Standard,1
19,44378.3,2867.23,2,9,6,1,1,4,Standard,17100.17,21.67,7,Yes,241.84,1755.8,Low_spent_Medium_value_payments,Poor,1
37,33085.31,2255.91,10,5,3,6,1,4,Standard,9636.44,41.21,57,Yes,287.31,707.93,High_spent_Medium_value_payments,Poor,1
45,15000.0,998.32,3,6,3,3,2,3,Standard,3193.03,25.93,236,No,74.42,592.06,Low_spent_Small_value_payments,Standard,0
64,21671.84,1461.99,2,5,1,18,6,0,Standard,8482.41,11.54,186,No,617.15,50.0,High_spent_Small_value_payments,Poor,1
24,28334.54,1786.73,4,4,3,3,1,1,Good,5911.78,33.25,60,Yes,167.55,1080.31,High_spent_Medium_value_payments,Standard,0
61,112714.41,7350.73,4,6,1,12,4,3,Bad,30308.35,24.76,370,Yes,2148.09,1730.56,High_spent_Small_value_payments,Poor,1
25,50712.71,3067.15,4,6,1,3,1,6,Standard,5965.64,6.49,41,No,401.73,1372.81,High_spent_Medium_value_payments,Standard,0
64,16296.59,1122.13,3,4,2,3,2,1,Standard,3396.93,19.89,225,Yes,119.19,558.38,High_spent_Medium_value_payments,Standard,0
52,48611.81,3438.01,4,4,4,0,1,5,Bad,3185.82,24.92,151,Yes,55.85,1731.57,High_spent_Large_value_payments,Poor,1
31,15000.0,966.12,5,8,3,10,6,2,Bad,6636.68,31.85,106,Yes,202.13,383.18,Low_spent_Small_value_payments,Poor,1
34,69537.03,4180.48,2,4,0,11,3,5,Good,25643.07,16.47,158,Yes,2436.06,50.0,Low_spent_Large_value_payments,Poor,1
53,27373.35,1692.75,2,7,2,0,2,6,Standard,6965.78,17.03,361,Yes,326.69,482.06,Low_spent_Large_value_payments,Standard,1
67,34331.49,2302.58,4,3,1,0,0,2,Standard,9173.12,2.93,515,No,914.62,614.45,Low_spent_Large_value_payments,Good,0
57,80456.99,5360.92,5,5,3,2,0,0,Standard,9553.14,34.57,401,Yes,306.34,1910.95,High_spent_Small_value_payments,Good,1
21,16775.95,1149.74,4,4,2,1,1,2,Standard,1560.21,10.07,25,Yes,63.11,444.18,High_spent_Small_value_payments,Standard,1
19,15704.92,985.49,1,3,0,2,1,4,Standard,6015.39,63.75,6,No,491.04,50.0,Low_spent_Small_value_payments,Poor,1
23,25587.02,1746.89,7,6,1,1,1,5,Bad,7108.74,16.67,26,No,546.86,239.2,Low_spent_Small_value_payments,Poor,1
59,67712.58,4567.43,7,4,1,6,2,7,Bad,4238.6,3.21,230,Yes,313.42,2185.92,High_spent_Small_value_payments,Standard,1
21,15000.0,952.46,2,2,1,0,1,4,Good,4142.12,64.62,23,No,385.46,186.56,Low_spent_Small_value_payments,Poor,1
46,15000.0,988.64,4,4,1,9,4,2,Standard,4763.22,33.45,171,No,418.83,80.19,High_spent_Small_value_payments,Poor,1
35,27703.24,1706.39,3,4,1,0,1,2,Bad,6588.39,16.98,90,No,470.03,222.13,High_spent_Medium_value_payments,Poor,0
43,50566.49,3281.91,4,3,3,4,1,1,Standard,3931.01,28.21,135,Yes,117.98,1544.68,High_spent_Large_value_payments,Standard,0
61,74619.49,5189.51,4,6,2,4,3,2,Standard,33637.26,22.53,304,Yes,1229.86,1798.33,High_spent_Medium_value_payments,Standard,0
51,27504.45,1775.77,5,2,3,1,1,5,Good,2487.93,39.92,286,Yes,66.7,738.51,Low_spent_Medium_value_payments,Good,0
27,28371.6,1960.34,4,6,4,3,2,2,Bad,5800.33,32.29,41,Yes,139.8,1229.74,Low_spent_Large_value_payments,Poor,1
53,72572.43,4818.4,5,4,3,3,1,6,Standard,32597.23,27.42,244,Yes,747.75,2471.97,Low_spent_Large_value_payments,Standard,1
31,15000.0,931.18,5,4,1,0,0,4,Standard,8610.08,13.96,49,No,651.83,50.0,Low_spent_Small_value_payments,Standard,0
48,28764.22,1906.93,4,6,1,2,4,2,Bad,4224.74,20.06,323,Yes,284.93,618.88,Low_spent_Medium_value_payments,Poor,1
65,40711.03,2665.82,3,3,5,9,2,7,Good,7834.99,12.46,321,Yes,127.77,976.74,Low_spent_Large_value_payments,Good,0
32,47549.72,3058.33,5,7,0,14,4,5,Good,12343.71,36.87,60,Yes,1101.47,933.14,Low_spent_Small_value_payments,Poor,1
25,26745.35,1639.38,4,5,1,0,2,4,Standard,4571.27,6.83,54,Yes,304.83,390.63,Low_spent_Small_value_payments,Standard,1
31,37073.76,2391.79,5,7,4,1,3,1,Standard,11155.89,38.84,61,Yes,246.94,791.6,High_spent_Large_value_payments,Poor,1
40,15000.0,911.82,3,3,2,4,2,2,Standard,2520.64,26.06,176,No,111.26,356.64,Low_spent_Medium_value_payments,Standard,1
57,24466.28,1494.16,4,7,4,2,1,1,Bad,3059.03,25.8,168,Yes,74.11,754.77,High_spent_Medium_value_payments,Poor,1
38,47672.27,3075.14,4,5,2,0,2,3,Good,11687.05,29.33,70,No,475.71,1478.36,Low_spent_Small_value_payments,Good,0
33,20143.23,1275.23,5,12,3,0,0,5,Standard,6352.57,36.25,67,No,152.4,661.32,Low_spent_Large_value_payments,Standard,0
62,37623.74,2634.67,3,9,2,9,4,2,Standard,9864.19,27.75,315,Yes,440.94,632.09,High_spent_Large_value_payments,Standard,0
35,47482.83,3042.23,5,5,2,3,4,7,Good,5771.08,18.3,105,Yes,229.44,1767.81,High_spent_Small_value_payments,Standard,1
64,29568.67,2016.88,3,4,1,2,2,0,Standard,3633.61,32.24,400,Yes,263.26,875.42,Low_spent_Large_value_payments,Good,0
41,40226.38,2644.66,4,4,2,6,3,1,Bad,24924.65,33.43,104,No,1091.56,365.09,High_spent_Large_value_payments,Poor,1
43,20381.04,1378.32,5,5,2,7,1,6,Good,6797.98,27.84,198,Yes,239.56,642.06,Low_spent_Medium_value_payments,Standard,0
42,32081.45,2015.29,5,3,3,3,3,2,Standard,5439.15,4.81,132,No,130.42,803.93,High_spent_Small_value_payments,Good,0
62,52372.12,3676.73,5,4,1,1,2,1,Standard,34644.08,62.87,279,No,2573.71,50.0,Low_spent_Large_value_payments,Poor,1
58,39902.08,2623.27,3,4,1,1,0,3,Standard,2642.05,36.38,404,Yes,236.83,1244.01,Low_spent_Medium_value_payments,Good,1
46,25542.05,1762.55,1,4,2,1,1,9,Standard,1733.31,68.24,253,No,75.08,1015.35,Low_spent_Medium_value_payments,Poor,1
32,41544.89,2656.99,4,2,4,3,1,2,Standard,13416.47,34.27,62,Yes,311.55,844.32,High_spent_Small_value_payments,Poor,1
62,55757.43,3405.98,3,8,2,2,2,2,Standard,14482.1,21.18,365,Yes,519.0,1775.07,High_spent_Medium_value_payments,Good,0
18,15000.0,1009.48,4,8,2,2,3,1,Standard,4497.54,32.08,6,No,155.75,265.09,High_spent_Small_value_payments,Poor,1
42,72798.05,4374.0,2,6,2,3,2,1,Bad,22092.9,16.03,258,Yes,1101.81,1259.09,High_spent_Small_value_payments,Poor,1
24,29680.55,1933.66,4,5,4,4,1,2,Good,6974.27,10.56,59,Yes,146.18,901.27,High_spent_Small_value_payments,Good,0
26,46877.54,2910.56,4,2,7,0,1,3,Bad,19366.51,25.39,76,Yes,273.82,1438.78,Low_spent_Medium_value_payments,Poor,1
41,74484.64,4975.32,3,4,0,2,2,0,Standard,20439.37,17.48,178,Yes,1766.98,1093.69,Low_spent_Large_value_payments,Standard,0
18,15946.52,1125.99,1,4,1,0,1,3,Standard,4440.14,18.79,6,Yes,401.2,381.04,High_spent_Small_value_payments,Poor,0
61,23726.2,1542.94,6,5,2,8,6,3,Standard,5421.51,2.97,282,No,207.45,800.47,Low_spent_Large_value_payments,Good,1
25,30542.39,2103.03,5,4,1,1,0,4,Standard,17480.96,46.26,43,Yes,1472.12,50.0,High_spent_Medium_value_payments,Poor,1
41,22691.55,1486.32,3,4,1,17,4,4,Standard,3749.53,57.72,135,No,298.28,393.9,Low_spent_Large_value_payments,Poor,1
28,102843.32,6723.03,3,4,0,10,3,4,Good,17026.44,61.88,78,No,1633.69,2116.62,Low_spent_Medium_value_payments,Poor,1
68,21718.87,1522.05,3,2,6,5,1,3,Good,5711.87,17.73,430,Yes,72.5,963.89,Low_spent_Medium_value_payments,Good,0
34,26021.33,1812.16,3,9,1,1,1,2,Good,7526.35,8.24,74,No,650.11,130.39,High_spent_Small_value_payments,Good,0
25,41053.58,2812.7,6,6,1,0,4,4,Bad,15939.09,23.79,55,No,1478.26,357.77,High_spent_Large_value_payments,Poor,1
52,17653.87,1115.89,7,7,1,3,0,1,Good,1951.79,12.98,185,No,181.13,510.97,High_spent_Medium_value_payments,Good,0
52,28640.92,1887.56,4,9,2,3,1,4,Bad,7763.79,7.48,86,Yes,360.89,396.81,Low_spent_Large_value_payments,Poor,1
50,43935.24,2742.68,4,3,2,6,1,1,Good,10980.35,10.14,119,No,548.3,998.93,High_spent_Small_value_payments,Good,0
22,29741.06,1927.49,2,6,3,0,2,4,Bad,9228.48,4.54,31,Yes,303.22,767.7,Low_spent_Small_value_payments,Poor,1
59,34336.63,2240.32,3,6,1,3,1,4,Standard,19554.36,50.99,378,Yes,1435.75,50.0,Low_spent_Medium_value_payments,Poor,0
56,26433.85,1824.19,5,2,1,7,3,5,Standard,6394.33,23.03,110,Yes,505.03,766.09,High_spent_Large_value_payments,Poor,1
58,15000.0,1045.6,4,5,1,2,3,4,Standard,4234.35,34.65,148,Yes,355.15,356.56,Low_spent_Medium_value_payments,Poor,1
45,44044.51,2840.51,3,8,0,3,0,2,Bad,16943.23,79.18,169,Yes,1540.32,50.0,Low_spent_Medium_value_payments,Poor,1
24,104084.66,6265.04,4,6,0,8,3,1,Bad,32460.2,27.6,19,No,2896.25,971.21,High_spent_Small_value_payments,Poor,1
26,36718.68,2545.92,1,4,1,3,3,2,Good,11575.12,20.78,62,Yes,1031.83,493.0,High_spent_Medium_value_payments,Standard,0
25,41571.02,2572.75,3,6,1,5,1,6,Standard,4834.33,38.31,18,Yes,367.84,831.69,High_spent_Medium_value_payments,Poor,1
29,55029.99,3672.54,2,3,3,7,2,2,Bad,17136.17,20.0,36,No,445.06,2097.66,Low_spent_Large_value_payments,Poor,1
51,16956.42,1021.97,4,3,2,9,3,3,Good,8509.05,23.09,281,Yes,312.78,390.62,High_spent_Medium_value_payments,Standard,1
50,100862.03,6488.25,5,6,3,6,3,8,Standard,13390.38,33.56,299,Yes,428.53,2352.22,High_spent_Medium_value_payments,Standard,0
65,41002.87,2898.13,6,5,2,0,2,4,Bad,16481.17,11.3,214,Yes,664.43,1147.69,High_spent_Large_value_payments,Poor,0
40,96675.39,5905.98,2,5,4,6,1,5,Standard,18719.5,12.44,137,Yes,384.99,2208.99,Low_spent_Medium_value_payments,Standard,0
41,23392.72,1510.94,7,5,0,0,1,3,Good,5359.72,12.5,167,Yes,528.46,101.3,Low_spent_Large_value_payments,Good,0
54,108102.72,6845.87,2,2,3,6,4,6,Good,29830.03,45.21,93,No,966.66,3496.54,High_spent_Large_value_payments,Standard,0
52,57820.19,4036.15,2,10,1,2,3,4,Bad,3587.7,35.45,284,No,272.59,2445.58,High_spent_Medium_value_payments,Standard,0
61,50605.93,3512.95,2,3,4,1,2,5,Standard,12023.45,38.58,124,Yes,289.38,1392.2,Low_spent_Small_value_payments,Poor,1
57,41790.1,2615.02,3,6,0,12,5,1,Standard,15979.51,52.87,152,Yes,1357.32,50.0,High_spent_Large_value_payments,Poor,1
39,31284.65,1904.59,6,6,2,12,7,4,Good,12440.73,1.46,179,Yes,550.35,340.42,High_spent_Large_value_payments,Standard,1
44,74631.58,4984.94,4,3,2,1,1,2,Standard,19489.46,31.85,243,No,789.1,2012.56,High_spent_Large_value_payments,Good,0
52,39506.32,2514.34,4,3,2,3,1,4,Bad,10027.99,22.15,284,Yes,498.79,1212.95,Low_spent_Medium_value_payments,Poor,1
18,15000.0,1009.21,6,4,2,2,1,5,Good,882.29,4.05,6,No,39.47,624.94,Low_spent_Small_value_payments,Good,0
52,18577.16,1121.09,5,6,2,0,1,2,Standard,4764.85,69.34,363,Yes,186.67,306.79,High_spent_Medium_value_payments,Poor,1
54,32483.66,1995.96,3,12,1,2,2,5,Bad,13847.43,30.61,331,No,1186.57,149.1,Low_spent_Small_value_payments,Poor,0
64,43739.17,2949.58,2,7,3,5,3,2,Standard,23578.28,3.46,348,Yes,751.44,1239.41,High_spent_Small_value_payments,Good,1
31,35103.18,2186.95,3,4,3,0,5,2,Standard,5126.36,35.86,37,Yes,117.59,1397.5,High_spent_Large_value_payments,Poor,0
20,75461.85,5228.79,5,5,2,1,1,4,Good,1081.76,40.91,19,Yes,40.01,3097.98,High_spent_Medium_value_payments,Good,0
18,15000.0,909.52,3,4,1,0,2,1,Bad,1277.5,30.24,6,Yes,85.47,419.52,Low_spent_Small_value_payments,Poor,0
22,39582.91,2467.38,4,5,1,0,3,8,Standard,13290.92,21.9,22,Yes,956.41,565.3,High_spent_Small_value_payments,Poor,1
43,15000.0,1062.27,5,2,2,0,4,7,Good,3014.04,21.54,169,No,127.99,452.99,High_spent_Large_value_payments,Good,0
31,57286.91,3705.99,6,4,4,2,2,4,Standard,18415.24,51.78,127,Yes,364.35,1241.88,High_spent_Small_value_payments,Poor,1
56,34314.55,2320.19,1,4,1,5,6,4,Standard,10145.88,41.08,347,Yes,843.65,480.32,Low_spent_Large_value_payments,Poor,0
44,46712.45,2895.18,6,3,4,2,3,3,Good,2534.5,40.73,172,Yes,52.49,1733.53,High_spent_Large_value_payments,Standard,0
26,21626.4,1440.47,8,4,0,1,3,7,Standard,4434.17,27.84,78,No,323.46,418.17,Low_spent_Medium_value_payments,Poor,1
32,78251.16,5310.6,4,6,2,6,4,4,Bad,14625.65,7.76,133,Yes,687.95,3020.74,Low_spent_Medium_value_payments,Poor,0
32,67848.65,4302.07,4,3,3,1,4,5,Standard,46540.4,56.89,74,Yes,1211.63,1287.71,Low_spent_Small_value_payments,Poor,1
43,51540.68,3555.26,3,4,0,0,3,0,Standard,6832.4,61.07,119,No,646.37,1467.48,Low_spent_Medium_value_payments,Standard,1
59,33600.28,2235.66,6,8,2,0,4,2,Good,9144.87,47.54,233,Yes,334.51,1078.37,High_spent_Medium_value_payments,Standard,1
30,51426.78,3302.4,3,4,1,10,3,1,Good,4330.75,17.57,106,Yes,338.25,1473.63,High_spent_Medium_value_payments,Good,0
68,23762.51,1569.3,6,6,3,0,3,3,Standard,5320.35,17.05,383,No,156.19,894.44,High_spent_Small_value_payments,Good,0
49,60677.81,4019.8,3,3,5,1,1,1,Good,20461.24,40.93,105,Yes,318.21,1865.59,Low_spent_Medium_value_payments,Standard,0
56,97703.1,6037.4,2,3,4,2,1,3,Bad,32938.94,17.41,193,Yes,608.18,2318.31,Low_spent_Small_value_payments,Poor,1
66,69034.82,4443.28,4,7,1,2,2,6,Good,25064.64,19.59,468,Yes,2457.13,50.0,Low_spent_Medium_value_payments,Good,0
69,23440.92,1493.67,4,4,2,8,5,3,Good,2444.09,45.95,521,Yes,99.85,876.09,High_spent_Large_value_payments,Good,1
49,45109.6,2902.49,3,8,0,2,1,3,Good,25412.38,26.23,109,Yes,2031.74,50.0,High_spent_Small_value_payments,Poor,1
21,16715.89,1140.78,6,3,0,7,4,2,Standard,1674.21,47.43,31,Yes,166.61,331.07,Low_spent_Medium_value_payments,Poor,1
47,51196.9,3339.45,3,6,1,0,2,2,Standard,19168.25,27.72,222,No,1512.36,382.94,Low_spent_Large_value_payments,Standard,1
54,47589.24,3340.13,9,3,3,8,5,4,Standard,4688.22,4.89,328,Yes,122.23,1902.03,High_spent_Small_value_payments,Good,0
40,15000.0,947.72,5,8,4,2,2,6,Good,1110.12,7.92,205,Yes,20.43,380.84,Low_spent_Medium_value_payments,Good,0
56,18086.66,1166.65,7,5,2,2,2,2,Standard,5700.65,31.35,137,Yes,238.57,500.22,Low_spent_Small_value_payments,Poor,1
62,30641.69,2099.73,5,5,2,3,2,1,Bad,6272.92,24.91,335,Yes,231.64,677.09,High_spent_Large_value_payments,Standard,1
32,30317.61,1998.39,2,5,1,3,0,2,Good,3528.01,23.41,49,Yes,264.27,642.58,Low_spent_Medium_value_payments,Standard,0
60,17576.43,1158.75,7,7,1,14,3,3,Good,6744.75,22.7,255,Yes,619.86,50.0,Low_spent_Small_value_payments,Standard,1
46,45861.77,2778.21,6,7,1,3,0,5,Bad,11503.37,68.67,151,Yes,934.61,903.62,High_spent_Medium_value_payments,Poor,1
53,42229.92,2716.15,9,7,3,0,0,5,Good,11561.7,32.48,332,Yes,284.61,1198.87,Low_spent_Small_value_payments,Good,0
30,32319.9,2033.99,3,9,4,0,3,3,Standard,4421.26,19.19,43,Yes,84.67,1010.44,Low_spent_Medium_value_payments,Standard,1
49,23075.46,1634.35,3,6,3,4,4,4,Standard,4405.84,18.8,296,Yes,107.39,925.69,High_spent_Small_value_payments,Standard,1
24,68133.5,4315.61,6,6,1,9,3,7,Bad,12300.04,63.02,32,Yes,918.61,1706.47,High_spent_Medium_value_payments,Poor,1
68,98051.12,6822.6,5,7,0,1,0,1,Bad,21985.63,6.23,145,No,2013.39,2286.45,High_spent_Small_value_payments,Standard,0
39,27169.85,1829.23,5,4,2,8,3,4,Good,12085.0,10.75,167,No,574.77,301.97,High_spent_Medium_value_payments,Good,1
45,25152.18,1602.02,6,7,3,1,1,2,Bad,1245.8,7.55,290,Yes,40.9,626.81,High_spent_Medium_value_payments,Standard,0
19,48762.88,3212.9,4,5,1,3,1,3,Good,18645.05,25.48,9,No,1858.64,50.0,High_spent_Medium_value_payments,Standard,0
59,29295.3,2024.48,4,5,2,8,2,2,Good,8239.16,10.62,416,Yes,330.56,541.81,Low_spent_Medium_value_payments,Good,0
62,33401.69,2323.75,7,6,5,2,0,6,Good,2302.84,13.09,239,No,31.73,1098.8,Low_spent_Small_value_payments,Good,0
23,56601.56,3494.44,3,5,2,2,2,1,Standard,9509.27,10.03,20,Yes,412.52,1920.28,High_spent_Small_value_payments,Standard,0
45,15000.0,955.18,4,6,1,0,2,3,Bad,1087.92,29.45,261,Yes,75.04,438.39,High_spent_Medium_value_payments,Poor,1
45,80096.02,5096.64,4,4,3,12,3,6,Standard,16359.23,4.49,71,Yes,490.22,2343.94,Low_spent_Large_value_payments,Standard,0
61,37934.2,2293.33,3,4,4,21,8,3,Good,6297.27,19.04,445,Yes,141.88,1239.79,Low_spent_Medium_value_payments,Standard,1
61,28370.47,1886.09,2,6,0,4,1,1,Good,3870.41,9.66,237,Yes,277.13,910.12,High_spent_Large_value_payments,Good,0
37,34422.29,2384.11,2,4,4,8,6,1,Good,3099.53,10.33,157,No,71.35,1033.98,High_spent_Small_value_payments,Good,0
47,35506.02,2277.13,3,5,2,4,2,1,Standard,9047.01,32.58,163,Yes,341.07,617.83,Low_spent_Small_value_payments,Standard,1
28,15000.0,1020.26,3,6,2,1,3,0,Standard,1467.39,8.55,76,Yes,58.22,379.41,Low_spent_Medium_value_payments,Standard,0
45,89050.86,5948.61,2,4,1,2,4,2,Standard,17919.57,37.09,140,Yes,1231.33,2906.21,High_spent_Large_value_payments,Standard,1
42,37227.22,2385.13,1,4,1,6,3,2,Standard,9318.28,29.04,121,No,755.14,294.97,Low_spent_Large_value_payments,Standard,0
56,47372.69,2914.75,3,4,1,5,2,2,Bad,17459.16,14.01,205,No,1340.84,142.86,Low_spent_Small_value_payments,Poor,0
50,64275.25,4350.43,9,6,2,21,5,9,Good,15505.26,36.14,288,No,681.75,1656.61,Low_spent_Small_value_payments,Poor,0
18,19678.9,1362.92,5,3,1,0,1,1,Standard,6395.33,46.05,6,Yes,483.74,414.59,High_spent_Small_value_payments,Poor,1
44,48246.72,3253.28,4,6,5,6,1,1,Standard,9002.44,33.36,157,No,157.18,1265.91,Low_spent_Medium_value_payments,Standard,0
69,30927.94,1861.67,5,2,0,4,4,5,Good,17062.07,12.11,252,Yes,1303.17,50.0,High_spent_Small_value_payments,Standard,1
30,60358.83,3762.92,5,4,1,8,2,1,Standard,30848.02,16.43,37,Yes,2298.75,59.66,Low_spent_Medium_value_payments,Poor,1
58,15000.0,911.29,2,4,4,0,0,3,Standard,1892.69,21.29,340,Yes,43.25,480.9,High_spent_Small_value_payments,Good,0
20,34219.24,2264.6,7,5,2,6,2,4,Standard,4020.64,12.21,19,Yes,154.68,1383.62,Low_spent_Small_value_payments,Poor,1
56,25293.62,1724.9,3,5,3,1,2,4,Standard,7144.69,32.8,169,No,175.56,581.49,Low_spent_Small_value_payments,Standard,1
23,47068.43,2880.49,2,5,2,3,0,3,Good,9508.84,30.99,27,No,468.8,1273.27,High_spent_Medium_value_payments,Good,0
25,48147.6,3326.13,8,5,2,6,2,2,Standard,20839.06,25.4,68,No,992.12,1153.6,Low_spent_Medium_value_payments,Poor,0
44,23752.06,1568.06,4,6,3,8,4,5,Bad,6812.74,27.92,255,Yes,187.68,887.25,High_spent_Large_value_payments,Poor,1
26,23687.33,1598.29,4,7,1,6,2,4,Bad,3271.03,12.57,67,Yes,226.19,615.57,High_spent_Medium_value_payments,Poor,1
54,33982.49,2396.56,6,6,2,8,5,1,Bad,6000.24,22.42,228,Yes,253.15,1285.25,High_spent_Medium_value_payments,Poor,1
50,21205.47,1291.55,3,9,1,0,2,1,Good,10589.53,39.69,118,Yes,718.39,50.0,Low_spent_Medium_value_payments,Standard,0
68,60185.71,4198.75,3,3,3,2,1,6,Bad,12025.8,54.57,370,Yes,378.32,2303.57,High_spent_Small_value_payments,Poor,1
59,29099.48,1785.72,2,3,1,0,1,2,Good,2288.32,28.47,230,Yes,184.89,810.32,Low_spent_Small_value_payments,Good,0
61,15000.0,963.86,4,2,1,5,3,5,Standard,2508.19,43.11,218,Yes,185.12,281.01,Low_spent_Small_value_payments,Poor,0
41,29001.61,2007.61,3,3,2,1,3,2,Good,1536.95,21.59,215,No,70.81,866.16,High_spent_Small_value_payments,Good,0
32,19474.74,1359.68,9,4,2,0,1,6,Good,2763.39,3.72,82,No,99.72,602.49,Low_spent_Medium_value_payments,Good,0
49,15000.0,982.29,1,4,1,0,3,5,Good,4464.84,36.6,206,Yes,401.22,144.45,High_spent_Small_value_payments,Standard,1
49,17284.13,1148.29,6,3,3,0,2,1,Standard,6330.2,45.93,182,Yes,185.64,317.75,High_spent_Medium_value_payments,Poor,0
41,38779.42,2624.27,2,9,4,2,0,4,Good,1236.26,19.71,191,Yes,22.27,1448.39,High_spent_Medium_value_payments,Good,0
58,80594.4,5562.75,5,7,4,4,1,4,Standard,6239.36,11.05,168,No,138.53,2949.34,Low_spent_Small_value_payments,Good,1
69,43822.85,2687.06,3,2,4,3,0,1,Standard,13680.05,11.07,404,No,317.17,899.74,Low_spent_Small_value_payments,Good,0
66,25237.8,1735.75,5,5,1,8,4,3,Standard,5251.92,15.94,323,Yes,486.24,497.4,High_spent_Medium_value_payments,Standard,0
66,47740.84,3113.36,5,3,2,2,1,5,Good,26903.67,14.16,423,Yes,1167.38,872.8,Low_spent_Large_value_payments,Good,0
69,27571.72,1788.9,4,8,1,1,3,3,Good,1908.24,73.22,345,Yes,133.34,705.39,Low_spent_Small_value_payments,Standard,1
29,23938.42,1546.24,3,6,3,7,3,2,Standard,2070.71,11.81,60,Yes,49.95,949.65,Low_spent_Small_value_payments,Standard,1
56,18167.37,1190.26,2,4,3,2,4,1,Good,1394.97,3.79,127,Yes,35.61,463.28,High_spent_Medium_value_payments,Good,1
19,15000.0,1053.57,3,3,2,12,4,2,Standard,3004.7,19.3,6,No,147.1,563.23,Low_spent_Large_value_payments,Poor,0
20,28740.02,1895.08,2,4,0,2,1,3,Standard,4324.43,10.06,10,Yes,302.11,991.82,Low_spent_Large_value_payments,Standard,0
66,39927.96,2807.98,3,5,2,4,2,3,Bad,5255.56,25.73,477,No,223.31,1285.72,Low_spent_Large_value_payments,Good,0
54,34270.01,2123.13,2,4,4,7,1,7,Standard,7072.59,50.25,161,No,170.47,885.35,High_spent_Large_value_payments,Poor,1
66,28294.42,1919.63,2,4,0,4,2,0,Bad,5346.58,21.1,437,Yes,434.53,508.31,High_spent_Small_value_payments,Standard,0
34,20589.83,1416.57,4,7,1,23,7,2,Good,6378.71,49.96,100,No,612.59,319.91,Low_spent_Large_value_payments,Poor,1
66,52310.26,3523.47,2,5,4,2,5,4,Standard,13246.23,32.49,120,Yes,256.42,1934.97,High_spent_Medium_value_payments,Poor,1
19,16477.0,1096.96,4,7,1,0,0,4,Good,6614.55,33.15,6,No,538.5,117.65,Low_spent_Medium_value_payments,Standard,0
19,57850.46,3825.0,3,4,2,2,0,0,Good,27052.61,57.77,10,Yes,1170.43,1254.55,Low_spent_Large_value_payments,Poor,1
45,19903.88,1379.87,4,8,1,0,1,1,Good,7183.54,13.95,134,Yes,634.81,155.67,High_spent_Large_value_payments,Good,0
40,23121.98,1593.13,3,5,3,0,1,3,Good,3969.5,9.44,161,No,105.53,972.38,High_spent_Medium_value_payments,Good,0
54,15061.98,923.67,5,7,3,8,3,2,Standard,5056.51,37.72,261,Yes,138.21,393.24,Low_spent_Small_value_payments,Poor,1
49,26880.56,1859.95,2,2,1,2,2,2,Bad,3360.81,46.77,246,No,292.68,831.17,Low_spent_Medium_value_payments,Poor,0
50,65198.22,4204.36,4,6,3,1,3,2,Good,24332.36,35.37,332,No,770.92,1454.57,High_spent_Large_value_payments,Good,0
18,49482.62,3104.95,4,7,0,1,3,3,Good,8402.83,20.89,6,Yes,660.07,1285.24,High_spent_Large_value_payments,Standard,0
36,65319.98,4534.68,5,11,2,18,5,6,Standard,12497.53,56.78,128,Yes,533.13,1512.33,High_spent_Medium_value_payments,Poor,1
19,49676.41,3213.08,5,5,0,0,1,4,Standard,12067.79,9.64,10,No,1109.73,415.72,Low_spent_Small_value_payments,Standard,0
61,18728.43,1287.72,5,10,2,6,3,5,Standard,4965.1,3.52,382,Yes,245.12,652.74,Low_spent_Medium_value_payments,Good,0
43,29778.04,1871.66,4,4,1,0,1,4,Bad,6684.48,10.19,113,Yes,472.64,788.48,High_spent_Small_value_payments,Poor,1
49,22739.99,1365.37,5,8,2,3,3,1,Standard,6679.89,23.66,135,No,231.52,658.5,Low_spent_Large_value_payments,Standard,0
23,80687.98,5274.37,6,3,1,3,1,2,Bad,33658.82,30.16,47,Yes,2285.71,210.44,High_spent_Small_value_payments,Poor,1
49,17710.75,1081.88,4,6,2,9,2,4,Good,3976.85,25.95,106,Yes,146.65,362.11,High_spent_Small_value_payments,Standard,0
21,62082.45,4232.31,4,4,0,3,0,3,Bad,27430.09,22.32,11,Yes,2312.61,415.9,High_spent_Medium_value_payments,Poor,1
28,62054.75,3908.88,3,5,3,8,4,6,Good,10194.66,59.87,82,Yes,245.64,1847.0,Low_spent_Small_value_payments,Poor,0
34,108855.01,7054.48,4,8,1,1,4,4,Good,38514.4,24.95,63,Yes,2885.08,1410.47,Low_spent_Small_value_payments,Poor,1
55,28401.24,1730.85,5,4,2,1,4,2,Bad,5265.46,28.31,355,Yes,189.9,537.77,High_spent_Large_value_payments,Poor,0
41,55680.95,3513.77,3,9,3,10,5,1,Good,4444.11,27.39,93,Yes,142.2,1616.33,Low_spent_Medium_value_payments,Standard,0
22,142770.13,9774.92,8,4,3,1,0,5,Standard,20651.14,18.13,18,Yes,659.11,4872.38,Low_spent_Small_value_payments,Good,0
69,25069.69,1545.35,5,2,0,6,1,0,Standard,15566.07,2.49,346,No,1081.74,50.0,Low_spent_Large_value_payments,Good,0
51,15000.0,1005.16,3,5,3,0,1,4,Good,2300.6,30.4,247,No,59.52,437.28,High_spent_Small_value_payments,Good,0
23,15000.0,1049.08,3,5,1,1,2,2,Standard,1638.92,42.81,35,Yes,159.66,489.59,Low_spent_Medium_value_payments,Poor,1
39,55693.97,3751.82,2,4,4,0,1,1,Good,12408.75,43.89,132,Yes,271.97,1236.21,Low_spent_Small_value_payments,Standard,0
28,15000.0,1031.79,3,5,0,2,0,3,Good,6160.81,24.07,30,No,444.15,50.0,High_spent_Small_value_payments,Standard,0
65,29045.2,1777.0,4,5,0,7,5,1,Good,9759.9,12.73,345,Yes,914.24,67.49,Low_spent_Medium_value_payments,Good,0
33,47211.27,2960.91,7,5,1,5,3,3,Good,8094.23,43.93,131,Yes,623.43,731.12,High_spent_Small_value_payments,Standard,1
50,40583.03,2828.27,6,3,5,1,2,0,Standard,6827.48,5.24,202,No,130.27,1446.33,High_spent_Medium_value_payments,Good,0
26,46876.27,3175.73,4,3,2,3,3,6,Standard,6527.84,7.02,38,No,275.86,1400.58,High_spent_Small_value_payments,Standard,0
23,41496.9,2777.33,3,4,3,3,3,6,Bad,1922.71,49.85,17,Yes,57.53,1242.51,High_spent_Medium_value_payments,Poor,1
33,78223.04,5255.87,5,2,1,6,2,6,Standard,13557.14,29.83,77,No,1225.38,1042.1,High_spent_Small_value_payments,Poor,0
46,20508.82,1322.56,3,4,2,0,3,3,Standard,4296.89,19.51,284,Yes,146.63,766.34,High_spent_Medium_value_payments,Standard,0
20,24192.62,1463.23,4,5,1,6,5,4,Bad,12163.29,38.15,10,No,1024.26,50.0,High_spent_Medium_value_payments,Poor,1
37,22843.1,1564.71,5,6,5,1,2,3,Standard,4948.69,43.25,162,Yes,73.62,619.86,Low_spent_Small_value_payments,Poor,1
53,59761.39,4025.09,2,5,2,5,3,11,Standard,21291.89,9.63,171,Yes,980.6,1428.74,High_spent_Large_value_payments,Poor,1
36,62332.56,4059.22,10,7,3,0,2,3,Standard,19971.27,33.34,61,Yes,512.22,1908.52,Low_spent_Medium_value_payments,Poor,1
43,47607.0,3320.46,5,3,1,6,1,4,Standard,5080.51,18.02,244,No,354.54,1492.13,High_spent_Small_value_payments,Good,1
20,73872.52,4701.37,4,3,1,6,3,5,Standard,10712.44,47.01,8,No,930.1,1317.18,Low_spent_Medium_value_payments,Poor,1
36,17911.09,1131.77,4,4,2,1,1,3,Standard,7769.8,14.41,55,Yes,387.09,182.52,High_spent_Small_value_payments,Poor,1
37,98748.79,6858.63,3,6,1,11,5,3,Standard,41585.71,38.23,106,Yes,2806.69,50.0,High_spent_Small_value_payments,Poor,1
49,90575.87,6216.59,3,4,3,3,1,2,Good,23314.17,10.03,296,Yes,522.44,3720.53,High_spent_Large_value_payments,Good,0
24,56464.83,3702.9,5,8,1,4,1,2,Bad,4647.78,38.91,19,Yes,338.32,1655.36,Low_spent_Medium_value_payments,Poor,1
69,105776.04,6496.37,3,6,0,1,2,0,Standard,2754.98,46.15,191,Yes,196.12,3670.71,High_spent_Large_value_payments,Good,0
58,15000.0,934.95,3,4,1,3,1,3,Good,2356.51,73.63,336,No,214.28,327.66,Low_spent_Large_value_payments,Standard,0
50,26511.43,1779.16,3,8,2,0,3,3,Standard,8819.55,16.1,170,Yes,382.66,402.15,High_spent_Medium_value_payments,Standard,0
57,23360.88,1499.1,4,6,1,1,1,1,Good,7183.18,60.4,279,Yes,498.61,171.47,Low_spent_Large_value_payments,Standard,1
56,55987.72,3866.61,3,3,1,0,1,2,Standard,30766.31,10.75,209,No,2170.27,50.0,Low_spent_Small_value_payments,Standard,0
35,19339.71,1359.41,4,7,0,1,3,1,Bad,7770.72,26.69,180,No,715.25,50.0,High_spent_Small_value_payments,Poor,1
57,57210.75,3931.97,4,5,3,0,1,4,Good,11413.77,27.36,375,Yes,280.61,2419.66,High_spent_Small_value_payments,Good,0
18,82646.0,5296.79,4,7,3,1,0,7,Standard,12494.7,12.76,6,No,297.95,2742.1,High_spent_Medium_value_payments,Good,0
28,55111.94,3777.6,4,3,1,8,3,4,Bad,23379.49,11.95,80,Yes,1602.21,689.82,High_spent_Medium_value_payments,Poor,1
45,43055.73,2747.27,5,7,1,3,0,5,Good,18789.13,3.56,178,Yes,1749.08,68.66,Low_spent_Small_value_payments,Standard,0
42,20075.91,1240.9,7,5,4,4,1,3,Good,2031.83,45.2,139,Yes,49.8,528.05,High_spent_Large_value_payments,Standard,0
67,21848.54,1318.82,3,7,3,2,3,1,Standard,2290.14,48.55,120,Yes,72.32,702.36,High_spent_Small_value_payments,Poor,1
40,76862.34,4932.92,4,3,0,6,2,0,Good,22389.42,12.09,178,No,1503.23,1004.73,Low_spent_Large_value_payments,Good,0
48,57965.85,4045.35,6,6,1,12,4,2,Standard,13821.15,12.2,214,No,1035.99,694.73,High_spent_Medium_value_payments,Standard,0
47,35475.17,2220.36,2,6,2,6,2,5,Standard,7933.15,19.4,93,Yes,371.29,1151.33,Low_spent_Large_value_payments,Poor,1
59,28261.46,1758.91,5,5,1,1,2,2,Standard,4382.07,17.34,337,Yes,405.32,760.16,High_spent_Large_value_payments,Good,1
52,15000.0,1057.6,4,8,2,0,0,3,Bad,988.01,36.08,232,Yes,35.97,550.53,Low_spent_Medium_value_payments,Poor,0
24,19100.86,1151.23,7,4,1,0,1,5,Bad,4389.36,24.51,31,Yes,405.47,370.55,Low_spent_Small_value_payments,Poor,1
33,114330.82,7833.11,4,6,6,10,2,5,Bad,15675.51,35.94,64,Yes,201.42,3639.77,High_spent_Small_value_payments,Poor,1
43,16843.61,1069.26,2,7,3,2,2,6,Good,5607.33,28.28,194,Yes,186.18,344.2,Low_spent_Small_value_payments,Standard,0
65,40687.98,2457.8,5,8,2,0,5,2,Standard,16103.79,53.76,189,Yes,780.99,425.85,High_spent_Large_value_payments,Poor,0
69,66467.37,4648.92,4,3,0,12,4,3,Standard,37279.99,32.86,340,No,3254.24,50.0,Low_spent_Medium_value_payments,Poor,1
66,17103.64,1052.09,3,1,1,2,1,1,Bad,3026.04,29.58,412,Yes,248.88,256.19,High_spent_Small_value_payments,Standard,0
19,40571.71,2676.82,5,5,1,8,5,5,Good,20453.67,26.39,9,Yes,1725.44,50.0,Low_spent_Small_value_payments,Poor,1
18,63751.58,4014.37,7,4,1,1,2,1,Good,19720.42,52.87,6,No,1763.51,252.76,Low_spent_Small_value_payments,Poor,0
65,36588.88,2221.17,4,5,1,1,3,1,Bad,9691.71,27.68,271,No,700.47,462.05,High_spent_Medium_value_payments,Standard,0
29,203016.36,12290.78,7,5,3,18,6,2,Good,42769.13,22.55,75,Yes,1215.07,7375.64,High_spent_Small_value_payments,Good,0
22,15000.0,918.78,6,6,5,1,1,5,Standard,9682.83,32.38,20,No,178.61,387.57,High_spent_Small_value_payments,Poor,0
54,68544.41,4165.66,3,2,3,11,3,3,Standard,19941.9,8.32,348,Yes,455.18,1480.81,Low_spent_Small_value_payments,Good,0
49,32738.89,2234.08,5,7,1,2,2,2,Good,5125.87,7.69,246,Yes,380.13,615.65,Low_spent_Large_value_payments,Good,0
26,57708.06,3766.05,2,4,1,1,4,6,Standard,2649.06,37.55,43,No,250.12,1915.65,Low_spent_Small_value_payments,Standard,0
58,47324.54,3015.27,5,2,1,3,2,2,Standard,6406.23,42.81,154,Yes,514.69,1498.56,High_spent_Medium_value_payments,Poor,1
52,23390.99,1509.48,2,4,1,1,1,4,Standard,1117.56,30.96,360,Yes,80.43,540.6,High_spent_Large_value_payments,Standard,0
36,41664.21,2919.14,3,2,1,0,2,1,Standard,4327.12,6.89,188,No,330.84,1686.14,Low_spent_Small_value_payments,Good,0
65,15000.0,1048.0,6,7,1,0,1,3,Good,7573.84,13.64,204,Yes,686.51,50.0,High_spent_Large_value_payments,Good,0
33,52153.6,3533.57,2,4,5,0,0,1,Standard,4692.5,41.0,70,Yes,81.99,1579.74,Low_spent_Large_value_payments,Standard,0
20,43429.54,3022.0,5,5,2,3,0,1,Good,10842.02,17.01,9,Yes,469.5,1189.87,Low_spent_Small_value_payments,Good,0
37,53273.6,3380.89,2,9,0,1,1,3,Good,12878.21,3.21,100,Yes,1033.05,966.19,Low_spent_Large_value_payments,Good,0
41,68519.32,4394.05,4,6,1,0,2,6,Good,19255.62,44.59,116,No,1753.09,641.8,High_spent_Large_value_payments,Standard,0
50,45277.79,3017.7,3,7,4,0,3,0,Standard,1967.36,10.47,79,Yes,45.16,1837.7,Low_spent_Medium_value_payments,Good,0
41,39689.96,2649.54,5,4,1,1,1,1,Standard,19035.64,45.43,204,Yes,1728.94,103.15,Low_spent_Small_value_payments,Poor,1
69,21404.55,1395.97,4,4,2,7,1,2,Good,2807.4,6.87,367,Yes,130.93,479.61,Low_spent_Large_value_payments,Good,0
28,23686.67,1524.01,6,3,1,7,3,5,Good,7150.13,58.73,30,No,542.54,339.55,High_spent_Medium_value_payments,Poor,1
66,74016.31,5231.74,7,4,3,13,5,2,Standard,25899.84,18.84,507,Yes,837.75,1438.38,Low_spent_Medium_value_payments,Standard,0
25,85974.09,5923.23,5,5,3,5,3,3,Good,18761.06,9.83,36,No,487.76,3139.65,High_spent_Medium_value_payments,Good,0
53,31480.82,2037.2,6,2,9,1,2,4,Standard,1831.05,20.64,336,No,15.44,1291.62,High_spent_Large_value_payments,Good,0
55,37331.83,2534.05,8,7,4,4,1,3,Standard,1873.78,24.0,381,Yes,41.52,976.74,High_spent_Small_value_payments,Good,0
57,21104.28,1327.89,3,5,1,2,1,1,Standard,3126.69,33.94,98,Yes,308.84,305.72,Low_spent_Small_value_payments,Poor,1
37,73398.16,4483.54,5,3,5,0,3,3,Good,15682.62,15.13,199,No,235.89,1851.96,Low_spent_Small_value_payments,Good,1
52,54135.75,3454.84,7,6,2,0,2,5,Standard,22017.06,17.2,187,No,803.61,1069.91,Low_spent_Small_value_payments,Standard,1
65,116393.32,7491.72,4,8,3,6,1,6,Good,45483.84,28.91,152,Yes,1036.64,3714.16,High_spent_Small_value_payments,Standard,0
42,21439.84,1290.23,8,4,2,17,7,4,Standard,9961.11,30.21,171,Yes,410.04,469.36,Low_spent_Small_value_payments,Poor,1
52,28946.23,1992.28,7,1,5,5,3,4,Standard,9951.57,37.13,92,Yes,192.71,1076.15,High_spent_Small_value_payments,Poor,1
42,41725.49,2665.89,4,2,6,5,2,6,Bad,13283.61,44.72,118,No,214.04,929.39,Low_spent_Large_value_payments,Poor,1
46,53524.44,3548.02,2,3,2,8,3,6,Standard,5843.57,69.83,263,No,269.99,1197.55,High_spent_Small_value_payments,Poor,0
35,31907.6,1940.02,3,3,5,7,1,3,Bad,5119.01,14.36,153,Yes,76.83,988.63,Low_spent_Small_value_payments,Poor,1
63,21508.93,1331.31,5,8,2,6,2,2,Standard,9771.78,26.83,475,Yes,405.16,279.84,Low_spent_Medium_value_payments,Standard,0
35,61626.33,4291.56,5,2,0,8,4,2,Standard,11619.85,13.59,44,Yes,819.51,1006.43,High_spent_Small_value_payments,Poor,1
19,55976.16,3727.68,6,5,1,3,3,0,Bad,26156.75,18.04,7,No,2247.59,159.3,Low_spent_Large_value_payments,Poor,1
52,20957.16,1473.18,5,4,2,0,4,2,Bad,2097.38,48.71,111,Yes,103.55,568.6,Low_spent_Small_value_payments,Poor,1
33,81900.93,5800.21,5,6,2,6,2,3,Bad,37739.01,28.12,150,Yes,1730.13,617.61,High_spent_Large_value_payments,Poor,1
58,73285.59,4692.37,3,1,1,1,1,3,Standard,19105.01,36.93,108,No,1554.22,340.63,High_spent_Small_value_payments,Standard,1
53,39362.86,2489.19,7,6,2,12,4,1,Good,18050.93,43.95,355,Yes,799.75,270.98,High_spent_Small_value_payments,Standard,1
50,38091.97,2639.73,2,3,0,0,1,4,Good,4577.5,22.26,157,Yes,392.86,962.3,High_spent_Medium_value_payments,Good,0
21,50636.84,3586.01,2,3,1,0,2,5,Standard,10369.65,22.27,24,Yes,918.31,935.87,Low_spent_Small_value_payments,Poor,1
50,21654.71,1446.99,8,4,1,2,4,1,Good,9634.07,41.89,195,Yes,661.11,50.0,High_spent_Medium_value_payments,Standard,1
31,36975.8,2537.06,4,5,3,4,5,0,Bad,14153.81,17.46,97,No,414.02,625.36,High_spent_Small_value_payments,Poor,1
38,15000.0,1027.03,4,4,2,4,1,2,Good,1912.11,25.81,118,Yes,81.87,402.14,Low_spent_Large_value_payments,Standard,0
65,61443.5,3923.14,2,5,1,1,0,6,Standard,24890.37,11.94,395,No,2479.96,50.0,Low_spent_Small_value_payments,Good,0
37,15000.0,993.32,3,7,3,1,3,4,Standard,2192.64,29.08,73,Yes,50.46,562.79,High_spent_Small_value_payments,Poor,0
25,89505.19,6178.08,2,5,2,2,1,5,Bad,34564.98,12.11,35,Yes,1365.72,2890.53,High_spent_Large_value_payments,Poor,1
24,29790.0,2009.47,2,6,4,2,1,3,Standard,11096.01,20.22,26,Yes,263.31,676.19,High_spent_Small_value_payments,Poor,1
20,31984.28,1926.39,3,6,0,8,5,4,Bad,14039.85,17.06,9,No,1126.92,50.0,High_spent_Medium_value_payments,Poor,1
34,24918.35,1585.99,4,8,4,0,0,4,Good,6563.13,40.78,61,Yes,163.6,724.32,Low_spent_Large_value_payments,Standard,0
50,30551.73,1880.92,3,6,2,7,3,4,Standard,7967.37,11.86,241,Yes,275.68,1034.07,High_spent_Small_value_payments,Standard,0
65,85060.56,5318.32,8,5,2,12,5,2,Standard,32777.95,24.71,290,Yes,1106.05,2133.95,Low_spent_Medium_value_payments,Poor,1
29,15000.0,1047.14,5,5,2,7,2,3,Standard,492.19,28.02,63,No,22.44,525.68,Low_spent_Large_value_payments,Poor,1
68,78133.89,4719.26,5,7,3,10,7,3,Good,17670.11,40.58,481,No,579.31,1387.23,Low_spent_Large_value_payments,Good,0
39,44480.85,2774.77,4,5,1,5,4,2,Good,1174.08,10.38,156,Yes,80.37,1146.08,High_spent_Small_value_payments,Good,0
39,17602.34,1115.17,5,4,2,0,2,4,Good,2082.56,24.36,146,Yes,93.59,543.86,Low_spent_Medium_value_payments,Standard,0
63,19049.81,1270.3,5,7,1,5,2,2,Bad,1136.38,8.43,363,Yes,92.7,548.25,High_spent_Large_value_payments,Standard,0
47,99293.54,6532.13,8,8,1,1,2,4,Bad,26918.41,60.13,221,Yes,2245.93,1137.06,High_spent_Medium_value_payments,Poor,1
55,20592.78,1284.26,5,6,1,4,3,4,Good,4447.87,13.87,290,Yes,401.46,265.0,High_spent_Small_value_payments,Good,0
55,18178.41,1123.05,5,8,1,7,1,1,Good,5306.24,14.1,284,No,393.57,156.6,High_spent_Large_value_payments,Good,0
62,71853.8,4495.56,2,4,1,1,2,1,Standard,27263.89,36.43,210,Yes,2290.77,403.86,Low_spent_Large_value_payments,Poor,0
68,44494.98,2911.93,2,4,0,10,5,3,Good,13865.78,4.7,417,No,1236.17,585.57,Low_spent_Small_value_payments,Good,0
25,20686.67,1301.97,2,6,0,13,4,1,Standard,5457.99,45.96,46,Yes,395.49,252.53,High_spent_Small_value_payments,Poor,1
44,41356.09,2905.91,6,4,0,0,1,1,Standard,11220.81,34.04,232,Yes,894.71,269.87,Low_spent_Large_value_payments,Standard,0
44,19624.78,1276.11,7,8,0,5,2,2,Standard,8761.8,45.32,135,Yes,722.12,50.0,Low_spent_Large_value_payments,Poor,1
51,70297.59,4262.63,4,5,5,4,3,3,Standard,15119.36,26.63,224,No,208.48,2063.17,Low_spent_Small_value_payments,Good,0
38,68653.17,4661.58,7,5,2,0,1,1,Standard,10153.03,61.74,173,Yes,505.61,1629.94,Low_spent_Small_value_payments,Standard,0
47,49971.28,3176.3,8,5,1,4,1,1,Bad,15540.83,26.42,153,Yes,1037.93,404.6,Low_spent_Large_value_payments,Poor,1
50,45116.2,3026.37,3,6,1,2,2,3,Good,4427.76,30.67,267,Yes,310.97,1184.35,High_spent_Small_value_payments,Good,0
45,104476.02,6585.01,4,3,1,0,1,7,Good,63720.39,9.59,236,Yes,4609.51,50.0,Low_spent_Medium_value_payments,Poor,0
64,36308.67,2403.02,4,3,2,6,4,0,Standard,7928.84,45.58,322,Yes,270.67,1289.69,High_spent_Small_value_payments,Standard,0
50,17869.94,1221.68,3,6,3,26,8,3,Good,6397.64,34.58,133,No,208.93,622.15,Low_spent_Small_value_payments,Poor,1
22,47557.0,3331.53,3,6,1,6,1,4,Bad,13940.92,31.52,41,Yes,1377.89,684.53,Low_spent_Small_value_payments,Poor,1
65,126960.11,7976.76,2,3,2,5,3,2,Good,30992.27,43.81,298,Yes,1280.24,3624.0,High_spent_Small_value_payments,Good,1
36,19754.65,1256.94,3,4,3,11,3,1,Bad,6209.89,45.33,173,Yes,178.27,350.52,High_spent_Small_value_payments,Poor,1
21,29235.01,1901.14,5,8,2,7,2,1,Good,3556.36,56.72,30,No,170.83,1135.26,High_spent_Large_value_payments,Standard,0
52,46623.86,3265.74,2,5,1,8,4,0,Good,10157.99,1.8,103,Yes,754.69,1412.39,High_spent_Large_value_payments,Good,0
66,35159.74,2452.92,6,3,6,0,2,3,Good,7076.85,34.33,286,No,95.08,1368.1,Low_spent_Medium_value_payments,Good,0
34,20143.12,1228.2,4,4,2,0,2,3,Standard,1291.81,9.42,93,Yes,62.15,466.79,High_spent_Small_value_payments,Standard,0
61,71190.5,4373.18,4,8,2,11,4,3,Good,7489.1,26.34,276,Yes,294.34,2650.27,High_spent_Large_value_payments,Good,0
45,146096.76,9550.06,4,4,1,12,4,1,Standard,29782.95,23.08,108,No,2906.74,2900.92,High_spent_Large_value_payments,Standard,0
47,40850.69,2498.23,5,9,3,1,3,2,Standard,11787.28,17.39,297,Yes,351.56,906.12,Low_spent_Large_value_payments,Good,0
46,21111.2,1345.71,1,4,3,9,2,6,Standard,1599.05,13.46,102,Yes,48.7,742.73,High_spent_Medium_value_payments,Poor,1
63,15000.0,924.11,5,5,3,16,5,5,Good,3840.39,30.76,152,No,113.31,356.89,Low_spent_Large_value_payments,Poor,0
23,42394.99,2835.82,7,7,0,1,2,3,Good,11865.93,9.06,22,Yes,1089.23,450.59,High_spent_Large_value_payments,Standard,0
52,70426.61,4950.02,5,2,0,0,2,4,Standard,13990.28,18.92,104,No,1332.28,939.84,Low_spent_Medium_value_payments,Standard,1
58,48295.84,3419.25,2,4,1,1,4,5,Good,9718.62,19.74,231,Yes,954.15,1381.86,Low_spent_Medium_value_payments,Good,0
54,36263.16,2323.2,4,3,3,5,5,5,Good,13119.26,42.45,155,No,321.02,752.38,Low_spent_Small_value_payments,Standard,0
41,25500.08,1695.48,1,7,3,12,4,1,Good,11384.51,16.39,147,No,376.58,309.83,High_spent_Medium_value_payments,Standard,1
46,18858.18,1306.42,6,3,2,5,2,5,Bad,3573.84,58.4,201,No,167.97,670.61,Low_spent_Large_value_payments,Poor,1
66,59925.1,3671.76,4,7,2,1,1,5,Good,26565.3,16.93,322,Yes,1115.63,780.43,Low_spent_Small_value_payments,Good,1
63,62834.71,4239.48,3,6,0,2,5,2,Good,7409.78,25.71,443,No,595.76,1732.21,High_spent_Small_value_payments,Good,0
48,15000.0,966.44,5,3,2,3,4,5,Bad,2274.1,34.05,297,Yes,91.82,311.39,Low_spent_Large_value_payments,Poor,1
52,94268.6,5866.64,5,2,2,0,2,4,Standard,2202.49,20.32,251,Yes,95.63,3564.45,Low_spent_Large_value_payments,Good,1
50,51248.56,3298.52,7,3,4,6,1,4,Standard,10393.58,12.33,218,No,234.05,1294.46,High_spent_Medium_value_payments,Good,0
69,84099.57,5115.18,4,4,4,6,2,3,Good,29058.56,25.22,288,No,650.69,2008.54,High_spent_Large_value_payments,Good,1
38,16231.73,1096.19,3,7,3,3,2,3,Standard,2563.23,15.14,164,Yes,63.53,649.04,High_spent_Medium_value_payments,Standard,0
49,16002.58,1003.97,1,3,1,4,2,6,Standard,2596.8,12.12,130,Yes,221.16,394.37,High_spent_Medium_value_payments,Poor,0
40,33210.4,2104.66,4,6,1,1,1,2,Good,2504.54,41.82,102,No,211.77,1077.45,High_spent_Small_value_payments,Good,0
50,49102.77,3010.57,4,6,0,1,0,3,Good,8168.34,22.42,224,No,599.81,1413.48,High_spent_Medium_value_payments,Good,0
20,106704.27,7401.77,5,5,2,0,1,0,Bad,20513.47,57.76,14,Yes,820.18,2578.81,High_spent_Small_value_payments,Poor,1
35,55472.76,3624.9,4,3,4,3,3,1,Good,23186.24,28.5,143,Yes,501.12,988.57,Low_spent_Small_value_payments,Standard,1
42,31394.6,2078.27,5,1,1,2,1,3,Standard,6575.57,25.73,251,Yes,635.4,459.43,Low_spent_Medium_value_payments,Standard,1
59,19617.52,1298.07,2,4,1,1,0,3,Standard,6534.18,5.08,115,No,510.9,396.53,Low_spent_Medium_value_payments,Good,1
48,75962.9,4895.58,1,6,1,0,1,1,Standard,23561.25,41.19,232,Yes,1770.19,1642.98,High_spent_Medium_value_payments,Standard,0
20,20356.93,1263.88,4,3,5,3,0,3,Good,2996.56,28.39,13,Yes,41.83,792.86,Low_spent_Small_value_payments,Standard,0
57,96479.05,6567.55,3,7,0,0,1,0,Bad,24771.78,16.36,221,Yes,2152.39,1669.74,High_spent_Large_value_payments,Standard,0
63,30618.79,1879.27,4,5,0,6,4,6,Standard,3135.32,14.36,142,No,286.69,557.08,Low_spent_Large_value_payments,Standard,1
41,94310.64,5764.77,3,5,1,4,7,3,Standard,27645.38,29.07,190,Yes,2026.18,1831.73,High_spent_Medium_value_payments,Poor,0
67,54576.51,3694.46,4,9,3,2,2,0,Standard,24475.31,46.58,420,No,711.71,1401.65,High_spent_Medium_value_payments,Good,0
49,33449.85,2082.67,4,5,5,5,3,2,Good,6391.45,14.96,116,Yes,126.45,927.85,Low_spent_Large_value_payments,Good,1
64,26591.91,1683.89,1,9,2,4,3,3,Good,8562.86,25.08,379,Yes,383.71,591.41,High_spent_Small_value_payments,Good,0
39,29597.8,1928.25,2,8,1,3,1,4,Good,3673.82,43.29,56,Yes,318.43,711.4,High_spent_Small_value_payments,Poor,1
40,46957.11,3046.01,3,5,1,13,6,4,Standard,13135.98,9.41,81,Yes,903.15,1132.91,Low_spent_Medium_value_payments,Poor,1
19,38036.21,2574.15,5,5,1,16,5,3,Good,4649.3,19.93,6,No,462.77,890.11,Low_spent_Medium_value_payments,Standard,0
44,25430.72,1697.6,4,5,3,7,4,3,Good,9450.11,39.82,273,Yes,259.17,888.61,Low_spent_Medium_value_payments,Standard,1
59,32880.04,2202.34,1,4,2,9,2,3,Bad,18584.96,24.33,289,Yes,774.92,708.97,High_spent_Large_value_payments,Poor,1
19,38068.64,2578.6,6,7,1,2,2,4,Bad,4733.22,49.83,6,No,441.2,984.35,Low_spent_Small_value_payments,Poor,1
43,15000.0,947.55,4,3,1,16,6,4,Standard,3915.07,37.98,266,Yes,321.59,330.09,High_spent_Large_value_payments,Poor,1
34,47805.73,3035.28,3,4,1,2,2,4,Standard,18977.28,58.82,59,Yes,1585.05,50.0,High_spent_Medium_value_payments,Poor,1
57,20174.35,1306.19,3,5,2,9,4,4,Bad,1766.38,20.73,412,Yes,83.09,498.55,Low_spent_Medium_value_payments,Poor,1
50,18178.6,1151.27,3,7,0,13,3,4,Standard,5061.97,31.07,139,No,373.47,163.47,Low_spent_Large_value_payments,Poor,1
26,15000.0,1060.05,2,5,2,6,1,5,Standard,6058.82,37.78,63,Yes,221.54,424.36,High_spent_Medium_value_payments,Poor,1
60,15000.0,1032.28,1,4,1,0,3,6,Bad,1479.48,17.97,370,Yes,113.67,408.52,Low_spent_Medium_value_payments,Poor,0
65,16102.53,994.87,6,2,0,10,2,3,Bad,9862.3,7.7,116,Yes,696.41,50.0,High_spent_Large_value_payments,Poor,1
56,23732.19,1425.37,6,4,3,0,3,5,Good,3451.07,27.1,325,Yes,100.83,548.25,High_spent_Medium_value_payments,Good,0
46,117237.31,7088.58,1,5,1,12,6,3,Good,14794.67,19.94,186,Yes,1382.8,1595.72,Low_spent_Small_value_payments,Standard,0
59,26488.67,1659.36,2,5,1,16,6,4,Good,10775.1,48.19,277,Yes,845.01,215.2,Low_spent_Small_value_payments,Poor,1
43,40402.63,2474.18,3,3,2,6,4,2,Good,16812.94,14.04,126,No,619.82,1096.56,High_spent_Small_value_payments,Good,0
52,46179.39,3037.58,3,6,2,9,5,2,Standard,13347.11,11.17,340,Yes,536.73,1043.67,High_spent_Medium_value_payments,Standard,1
67,39286.61,2722.36,5,7,1,0,1,3,Standard,14218.68,47.26,196,No,1030.13,173.96,Low_spent_Small_value_payments,Standard,1
42,34666.67,2356.69,3,5,1,1,2,3,Good,6222.58,8.77,134,No,470.95,563.2,Low_spent_Small_value_payments,Good,0
41,17726.64,1105.0,6,5,7,5,3,4,Bad,1315.91,9.12,63,No,12.96,560.43,Low_spent_Medium_value_payments,Poor,1
30,86730.12,5578.98,4,4,2,9,5,4,Good,11804.52,5.9,73,No,408.03,1995.6,Low_spent_Medium_value_payments,Good,0
24,107400.27,7034.95,3,4,2,11,3,1,Standard,5610.19,20.17,60,Yes,206.58,4665.89,Low_spent_Large_value_payments,Good,0
53,15000.0,1031.66,5,3,0,3,1,2,Bad,6395.67,25.19,155,No,497.25,50.0,Low_spent_Large_value_payments,Poor,1
62,19645.09,1357.29,5,4,2,1,0,5,Standard,1019.2,26.3,395,Yes,50.0,753.33,High_spent_Small_value_payments,Good,0
37,30702.94,2144.76,3,5,3,2,4,5,Good,10592.37,27.27,51,No,292.54,1113.31,High_spent_Small_value_payments,Standard,0
18,20358.98,1333.86,1,4,1,2,2,2,Good,1326.02,18.8,6,Yes,93.98,819.66,High_spent_Small_value_payments,Standard,0
25,49196.58,3321.82,6,6,3,4,2,3,Standard,17502.11,4.3,35,Yes,425.06,972.27,Low_spent_Small_value_payments,Standard,0
63,23459.64,1435.99,3,8,2,6,1,1,Standard,7194.19,16.55,131,Yes,270.87,694.15,High_spent_Medium_value_payments,Standard,0
33,133123.65,8802.66,4,6,0,0,1,3,Good,5057.06,22.37,77,No,489.68,5403.33,Low_spent_Large_value_payments,Good,0
31,74185.88,4651.02,1,2,1,5,3,0,Bad,4387.59,38.82,92,No,345.77,2438.16,High_spent_Small_value_payments,Poor,1
29,41255.69,2668.29,6,3,1,6,2,1,Good,17366.8,29.04,112,No,1698.8,50.0,High_spent_Medium_value_payments,Standard,0
68,67251.31,4497.02,4,1,3,5,2,1,Standard,27701.09,3.05,258,No,641.07,2102.04,Low_spent_Small_value_payments,Good,0
40,70512.15,4427.04,4,3,0,8,4,4,Standard,30388.78,21.18,121,Yes,2900.17,50.0,High_spent_Medium_value_payments,Poor,1
32,25890.5,1568.07,2,6,3,24,6,3,Good,6303.92,36.26,115,No,172.02,823.92,High_spent_Medium_value_payments,Poor,1
45,22253.84,1337.7,7,6,0,2,2,2,Good,8453.96,21.62,69,No,815.63,50.0,Low_spent_Medium_value_payments,Standard,0
51,38058.73,2292.66,3,2,1,0,1,3,Standard,16178.32,77.86,274,Yes,1479.89,50.0,High_spent_Large_value_payments,Poor,1
19,60899.59,3659.48,5,3,2,9,4,3,Standard,4807.66,17.75,6,Yes,181.22,2236.18,Low_spent_Medium_value_payments,Poor,1
49,39475.53,2415.73,4,4,3,0,0,4,Standard,10804.61,53.92,320,No,286.86,763.32,Low_spent_Medium_value_payments,Standard,0
40,15000.0,938.92,2,2,0,0,2,2,Good,1493.75,17.65,236,Yes,135.05,396.64,High_spent_Large_value_payments,Good,0
39,22433.38,1399.77,4,4,4,16,7,4,Good,5893.35,37.03,181,Yes,109.67,779.34,High_spent_Large_value_payments,Poor,1
68,34738.93,2455.71,4,2,0,11,3,4,Standard,4962.95,39.43,304,Yes,443.5,819.88,Low_spent_Medium_value_payments,Poor,0
42,34703.67,2197.27,2,6,3,2,2,2,Good,7224.69,31.24,93,Yes,206.17,934.48,High_spent_Large_value_payments,Standard,1
39,118601.61,7279.81,6,7,0,9,2,3,Good,21959.15,30.26,58,No,1712.89,2140.18,Low_spent_Small_value_payments,Good,0
39,15810.15,1042.05,3,8,1,0,4,1,Good,6872.51,57.63,196,No,616.04,50.0,Low_spent_Medium_value_payments,Standard,0
66,49185.47,3408.28,9,2,1,11,2,4,Good,17599.73,39.92,426,Yes,1717.48,259.37,Low_spent_Large_value_payments,Standard,0
69,88740.16,5976.26,6,4,1,2,1,1,Good,32032.59,5.74,515,Yes,3102.73,830.93,Low_spent_Large_value_payments,Good,0
59,141898.86,8969.08,4,6,1,1,2,0,Standard,44611.74,51.39,190,Yes,3772.02,1195.16,Low_spent_Large_value_payments,Poor,1
23,28491.51,1882.84,3,5,0,9,5,1,Good,4159.67,22.85,29,Yes,377.91,492.37,Low_spent_Medium_value_payments,Standard,0
32,48769.37,3303.85,1,4,4,1,2,8,Good,10145.09,40.07,140,Yes,202.27,1889.63,High_spent_Medium_value_payments,Standard,0
60,51116.17,3470.16,3,5,2,1,2,4,Standard,14257.7,2.73,231,No,530.81,1211.93,High_spent_Large_value_payments,Good,0
54,40834.76,2744.95,7,1,3,3,1,4,Standard,15416.32,16.77,168,No,454.42,1103.57,Low_spent_Large_value_payments,Standard,0
50,34224.36,2376.33,5,5,2,3,1,6,Standard,8334.93,33.22,233,Yes,316.76,1178.34,Low_spent_Medium_value_payments,Standard,1
25,47173.39,3275.07,4,7,2,2,2,2,Bad,10186.3,28.5,44,Yes,386.79,1905.73,High_spent_Small_value_payments,Poor,1
61,15000.0,994.08,5,8,4,4,6,4,Standard,1810.54,36.04,177,Yes,41.21,476.12,High_spent_Small_value_payments,Poor,1
61,54679.37,3535.39,3,5,1,1,0,6,Good,17258.59,11.91,420,Yes,1656.55,679.77,Low_spent_Small_value_payments,Good,0
22,39171.58,2622.55,3,4,5,1,0,0,Good,8704.14,17.12,31,No,145.84,1472.76,Low_spent_Small_value_payments,Good,0
56,31777.54,2188.33,3,8,3,2,0,4,Standard,10054.28,13.77,177,Yes,228.41,804.72,High_spent_Medium_value_payments,Standard,0
21,124009.98,7448.19,4,2,2,3,2,3,Good,7282.92,7.46,23,No,329.38,3853.2,High_spent_Medium_value_payments,Good,0
23,24222.56,1713.66,4,8,2,5,2,3,Standard,4951.89,3.53,51,No,227.33,745.85,Low_spent_Medium_value_payments,Standard,0
62,28514.11,1767.34,6,4,3,2,2,3,Bad,16022.06,32.41,172,Yes,522.95,470.37,High_spent_Medium_value_payments,Poor,1
49,119962.2,7808.86,6,3,2,3,2,4,Good,52830.48,45.42,237,No,2245.01,1651.08,Low_spent_Small_value_payments,Standard,0
69,22043.28,1530.84,3,6,1,15,4,0,Good,4187.76,14.06,550,Yes,360.03,328.02,High_spent_Small_value_payments,Good,0
47,26106.27,1630.02,1,6,1,1,2,2,Standard,10513.62,23.15,189,No,951.2,50.0,High_spent_Small_value_payments,Standard,0
64,33249.16,2166.69,2,4,2,0,1,5,Good,7786.99,11.88,406,Yes,325.21,823.66,Low_spent_Large_value_payments,Good,0
52,60140.62,3694.82,4,2,7,4,3,3,Standard,18132.98,38.0,283,Yes,190.52,1325.68,High_spent_Medium_value_payments,Standard,0
57,41137.75,2644.33,3,3,2,15,4,3,Bad,9352.27,35.92,255,Yes,438.56,1128.37,Low_spent_Small_value_payments,Poor,1
69,16721.07,1035.35,6,11,3,6,1,4,Good,4440.97,8.92,304,No,129.99,333.51,Low_spent_Small_value_payments,Good,0
33,26388.9,1687.29,3,4,4,1,2,3,Good,6543.39,14.65,121,No,124.48,703.58,Low_spent_Medium_value_payments,Good,0
30,25224.91,1615.55,3,5,1,7,3,4,Good,7854.31,23.59,88,No,776.98,107.57,Low_spent_Large_value_payments,Standard,1
67,34671.29,2453.32,6,5,0,1,2,6,Standard,8214.04,25.49,314,Yes,774.67,777.99,High_spent_Small_value_payments,Standard,0
59,46887.49,3318.56,8,2,2,1,0,2,Standard,26312.09,29.35,139,Yes,1029.58,402.45,High_spent_Small_value_payments,Poor,1
47,46673.11,2858.43,5,5,3,1,1,2,Standard,2962.2,12.26,258,Yes,66.33,1594.45,Low_spent_Small_value_payments,Good,0
36,15000.0,1017.97,6,6,4,4,4,3,Good,9096.02,4.97,164,Yes,224.28,233.71,High_spent_Large_value_payments,Standard,0
34,68759.12,4164.09,4,8,0,0,4,4,Standard,14024.26,0.66,83,Yes,984.18,1441.04,Low_spent_Large_value_payments,Standard,1
36,42257.68,2549.28,6,7,0,0,0,3,Standard,9186.31,15.6,90,Yes,713.39,605.99,Low_spent_Small_value_payments,Standard,0
45,83342.94,5095.68,3,2,1,6,2,5,Bad,29217.43,17.62,170,Yes,2127.32,948.49,Low_spent_Small_value_payments,Poor,1
43,47406.71,3340.25,7,4,3,0,3,4,Good,21028.1,25.75,133,Yes,676.44,953.34,Low_spent_Small_value_payments,Standard,0
54,70318.75,4935.86,3,3,4,6,1,2,Bad,44378.46,70.83,320,No,863.45,2215.83,Low_spent_Medium_value_payments,Poor,1
43,48046.63,2983.74,2,3,3,1,3,2,Standard,13937.75,26.91,261,Yes,352.15,1695.73,High_spent_Medium_value_payments,Standard,1
40,81449.25,5029.61,2,4,3,7,3,5,Bad,37763.2,6.75,70,Yes,1029.25,2076.02,High_spent_Medium_value_payments,Poor,0
26,49679.64,3110.23,9,9,1,4,2,2,Good,14151.59,10.58,28,No,1412.7,223.9,Low_spent_Small_value_payments,Good,0
29,34243.46,2245.86,6,3,2,7,2,2,Good,8724.69,30.15,61,No,366.68,1112.72,Low_spent_Medium_value_payments,Standard,1
18,141982.75,9395.25,5,5,3,3,1,1,Bad,41041.21,22.79,6,Yes,925.71,5474.25,Low_spent_Large_value_payments,Standard,1
18,61909.09,3863.16,2,3,2,9,2,3,Standard,10329.22,43.22,6,No,452.47,1910.99,Low_spent_Large_value_payments,Poor,1
64,51238.51,3494.3,7,2,1,1,1,6,Standard,19149.79,6.31,457,No,1626.75,694.22,High_spent_Small_value_payments,Good,0
51,16885.61,1069.76,2,6,0,1,3,2,Standard,6847.22,17.4,283,No,474.18,50.0,Low_spent_Small_value_payments,Good,0
49,16764.44,1173.34,6,8,2,0,0,4,Standard,2368.46,28.51,302,No,112.42,392.64,Low_spent_Large_value_payments,Good,0
65,43287.94,2905.25,3,4,1,1,0,2,Standard,7607.12,55.2,251,Yes,529.45,1125.68,Low_spent_Medium_value_payments,Standard,1
42,39628.85,2565.06,7,6,3,2,2,4,Good,12723.28,49.09,235,No,291.41,1487.27,Low_spent_Small_value_payments,Good,0
57,25122.68,1722.35,4,4,0,8,2,3,Good,3504.15,30.38,393,No,320.2,480.44,Low_spent_Large_value_payments,Good,0
62,39521.09,2721.45,7,5,1,0,0,4,Bad,12903.19,44.46,444,No,1066.25,334.34,High_spent_Medium_value_payments,Standard,1
18,94200.07,5948.44,4,3,1,3,2,3,Standard,22913.53,35.22,6,No,1569.44,2249.76,High_spent_Medium_value_payments,Poor,0
33,55118.54,3509.96,7,6,2,1,2,4,Good,19595.67,20.71,95,Yes,829.25,655.54,High_spent_Medium_value_payments,Standard,0
56,18313.52,1284.5,6,2,3,4,4,5,Standard,4922.99,49.2,317,Yes,130.91,630.92,High_spent_Small_value_payments,Poor,1
22,33965.3,2098.54,2,5,1,38,10,0,Good,10156.11,46.88,35,No,926.68,214.29,Low_spent_Large_value_payments,Poor,1
39,22404.57,1354.5,4,7,2,8,3,3,Standard,8252.73,21.99,89,Yes,281.24,640.19,High_spent_Small_value_payments,Poor,1
46,28778.39,1868.26,4,3,2,1,2,2,Standard,1969.28,43.25,208,No,77.22,929.95,High_spent_Large_value_payments,Standard,0
20,28334.36,1946.0,3,6,4,13,5,2,Good,7108.57,12.83,12,Yes,147.43,873.91,High_spent_Small_value_payments,Poor,1
29,27266.46,1863.93,5,3,1,2,3,0,Bad,2466.42,35.03,88,Yes,209.86,942.06,High_spent_Medium_value_payments,Poor,1
43,17101.45,1196.44,3,2,1,5,2,4,Good,5077.57,32.31,215,Yes,457.94,120.49,Low_spent_Large_value_payments,Standard,1
33,33637.85,2212.57,5,6,6,14,4,9,Standard,3729.63,12.81,93,Yes,49.15,1065.0,High_spent_Large_value_payments,Poor,1
68,25942.44,1584.67,5,5,2,9,4,2,Standard,10126.65,33.68,134,No,374.24,553.95,Low_spent_Large_value_payments,Poor,0
54,15000.0,995.66,1,6,3,3,1,2,Bad,3530.49,7.58,273,Yes,94.83,471.71,Low_spent_Medium_value_payments,Standard,1
39,124465.42,8517.49,5,7,2,0,1,2,Standard,10171.11,26.61,225,No,386.89,4348.53,High_spent_Large_value_payments,Good,0
46,69791.1,4258.03,3,5,4,3,1,4,Bad,5517.3,33.55,255,Yes,124.73,2706.47,High_spent_Small_value_payments,Standard,0
31,28975.9,1792.75,4,4,3,5,3,4,Bad,3622.07,17.55,55,Yes,82.42,787.37,High_spent_Large_value_payments,Poor,1
45,36727.88,2208.56,4,3,1,1,2,2,Standard,8388.47,26.07,223,No,823.31,684.51,Low_spent_Small_value_payments,Standard,0
22,17979.86,1194.42,3,5,4,0,3,4,Standard,6295.3,6.42,23,No,151.34,550.53,High_spent_Large_value_payments,Standard,1
64,100451.84,6992.08,1,10,2,16,6,4,Standard,49896.9,22.44,227,Yes,1932.55,2093.17,High_spent_Small_value_payments,Poor,1
66,113365.59,7625.6,2,9,3,8,3,4,Standard,27379.78,55.41,282,No,640.45,4016.81,High_spent_Medium_value_payments,Standard,0
47,39895.4,2818.16,6,8,1,4,5,1,Good,2970.39,24.71,232,Yes,263.21,1590.86,Low_spent_Small_value_payments,Good,0
63,67112.02,4072.55,5,4,3,4,1,4,Standard,23956.75,36.18,375,Yes,785.17,1110.42,Low_spent_Large_value_payments,Standard,0
69,40342.96,2815.23,3,2,4,7,1,1,Good,6029.0,20.79,151,Yes,147.19,1333.72,High_spent_Small_value_payments,Good,1
22,16284.43,1120.68,2,6,3,6,1,3,Standard,4889.47,37.05,34,Yes,113.78,643.32,High_spent_Medium_value_payments,Poor,1
29,28364.85,1798.45,2,5,2,0,1,3,Good,11917.14,47.96,107,Yes,481.4,252.87,Low_spent_Small_value_payments,Standard,1
33,39306.96,2772.97,4,5,3,1,2,2,Standard,17247.93,35.81,123,Yes,496.8,1015.72,Low_spent_Small_value_payments,Poor,1
43,27646.97,1745.06,4,4,0,5,1,5,Good,1662.41,30.23,141,Yes,156.91,614.79,High_spent_Large_value_payments,Standard,1
43,31850.49,2217.88,4,7,2,7,3,3,Standard,3882.32,22.92,238,Yes,159.72,1214.6,High_spent_Large_value_payments,Standard,0
65,34377.59,2390.67,6,6,1,0,0,2,Standard,13718.9,44.56,296,No,1130.85,50.0,High_spent_Large_value_payments,Standard,1
38,34595.29,2359.67,5,3,1,6,1,5,Bad,10542.48,29.46,153,No,904.22,214.17,Low_spent_Medium_value_payments,Poor,1
56,37472.22,2477.07,4,3,2,0,1,1,Good,14807.84,42.73,149,No,728.78,848.23,High_spent_Small_value_payments,Good,0
53,19218.66,1178.1,1,3,3,1,2,2,Good,3925.23,16.33,88,Yes,99.07,698.52,Low_spent_Large_value_payments,Good,0
50,23618.61,1553.23,8,7,4,15,4,3,Good,2760.01,18.97,246,No,60.86,1002.1,High_spent_Small_value_payments,Good,0
47,16801.94,1073.06,4,6,5,2,1,3,Standard,2490.49,7.01,114,Yes,49.2,511.26,High_spent_Small_value_payments,Standard,1
54,65296.21,4478.17,5,3,1,3,0,1,Bad,33441.03,37.94,101,No,2734.65,367.38,Low_spent_Medium_value_payments,Poor,1
40,15000.0,1023.2,5,4,1,6,3,4,Good,4102.49,24.87,87,Yes,317.79,240.21,Low_spent_Small_value_payments,Standard,0
27,72558.92,5069.33,5,4,5,4,2,3,Good,31402.54,30.87,77,Yes,479.77,2989.77,High_spent_Small_value_payments,Standard,1
22,83433.87,5019.44,2,4,7,1,2,4,Good,22478.34,59.97,18,No,283.97,2813.4,High_spent_Medium_value_payments,Standard,0
53,30293.6,2083.15,5,4,2,4,2,4,Good,14757.95,6.29,266,Yes,607.53,245.52,Low_spent_Medium_value_payments,Good,0
51,15000.0,1052.5,4,6,2,3,1,4,Standard,6008.71,33.35,271,Yes,284.64,238.62,Low_spent_Medium_value_payments,Standard,0
69,29237.68,2004.27,5,4,4,0,1,4,Standard,9255.27,56.29,216,No,174.06,938.76,High_spent_Medium_value_payments,Standard,1
48,34943.56,2145.9,3,5,3,6,1,4,Good,2890.66,47.74,226,No,96.3,1392.61,High_spent_Large_value_payments,Good,0
27,19804.04,1205.68,6,6,0,4,1,3,Good,4913.89,7.73,42,No,473.94,239.07,Low_spent_Medium_value_payments,Good,0
36,26658.65,1605.54,4,7,2,0,1,4,Standard,4815.69,21.56,147,Yes,189.55,891.79,Low_spent_Medium_value_payments,Standard,0
49,90954.72,6076.81,2,8,1,0,0,0,Good,30525.34,29.06,135,Yes,2908.07,50.0,Low_spent_Large_value_payments,Standard,0
18,54119.85,3616.37,5,7,2,0,1,1,Good,13461.32,30.41,6,Yes,672.88,1265.93,Low_spent_Medium_value_payments,Standard,1
22,20853.18,1474.14,7,9,0,0,2,4,Good,7137.34,31.45,18,Yes,712.7,108.07,High_spent_Medium_value_payments,Poor,1
62,15000.0,964.68,2,6,2,1,0,4,Good,1762.93,17.18,473,Yes,68.04,321.94,High_spent_Medium_value_payments,Good,0
21,29845.51,1898.04,4,5,3,4,2,3,Bad,8742.24,13.76,23,Yes,244.62,674.06,Low_spent_Large_value_payments,Poor,1
33,31949.95,2133.13,3,6,2,0,2,2,Good,8175.34,9.12,50,No,341.73,642.44,High_spent_Medium_value_payments,Good,1
41,48909.14,3372.0,7,3,4,1,1,3,Standard,22576.6,21.26,238,No,507.41,1126.07,High_spent_Small_value_payments,Good,0
33,26339.1,1847.65,2,9,3,12,4,1,Good,5786.15,53.05,122,No,133.28,814.56,High_spent_Medium_value_payments,Poor,1
19,49360.2,3391.07,5,5,3,4,2,2,Standard,14486.47,26.29,7,Yes,454.21,1194.98,High_spent_Small_value_payments,Poor,1
66,115970.65,7494.29,3,5,1,4,2,4,Good,50190.6,32.4,247,Yes,3671.43,1559.56,High_spent_Small_value_payments,Standard,0
45,59236.94,3961.66,6,3,1,1,3,1,Good,3017.19,6.27,161,Yes,247.69,1387.27,Low_spent_Small_value_payments,Good,0
49,35282.66,2444.26,3,8,1,3,0,5,Standard,9975.2,44.91,244,Yes,863.41,589.29,High_spent_Large_value_payments,Poor,0
44,32536.24,2125.1,2,8,0,1,1,1,Bad,6545.32,31.93,108,No,539.91,360.96,Low_spent_Large_value_payments,Poor,1
37,29319.15,1827.97,3,4,4,3,0,1,Good,4616.3,26.67,116,Yes,79.62,1078.42,Low_spent_Small_value_payments,Good,0
41,73746.19,4560.37,6,4,7,7,5,6,Good,27895.9,9.86,183,Yes,314.84,2760.23,Low_spent_Large_value_payments,Standard,0
29,24924.63,1495.52,3,4,2,4,2,1,Standard,15538.39,20.59,75,Yes,633.3,50.0,High_spent_Small_value_payments,Poor,1
67,37314.36,2529.2,3,5,3,1,1,3,Standard,9607.22,38.77,486,Yes,265.77,896.47,Low_spent_Medium_value_payments,Good,0
52,37448.38,2291.97,4,3,2,6,3,5,Standard,11775.67,12.66,163,No,583.98,530.37,Low_spent_Small_value_payments,Standard,1
50,26874.4,1683.46,5,3,2,2,3,5,Bad,13322.9,30.13,323,Yes,537.72,414.94,Low_spent_Medium_value_payments,Poor,1
50,15938.94,1007.77,3,1,2,1,0,5,Standard,3023.34,52.99,262,Yes,131.57,467.82,Low_spent_Small_value_payments,Poor,1
68,44081.03,2912.47,5,5,3,2,3,3,Standard,4842.79,17.7,263,Yes,113.89,1080.85,High_spent_Medium_value_payments,Good,0
60,35010.3,2251.55,5,6,0,3,2,2,Good,17850.58,10.01,152,Yes,1323.68,138.92,High_spent_Large_value_payments,Standard,1
54,49027.87,3300.02,4,6,2,6,2,3,Bad,11216.92,7.63,175,No,385.77,1310.55,Low_spent_Small_value_payments,Standard,1
29,26366.24,1597.87,8,5,2,21,8,1,Standard,7357.14,31.38,47,Yes,303.56,503.22,High_spent_Medium_value_payments,Poor,1
20,75545.68,4634.17,1,5,3,20,5,4,Good,31835.94,47.17,20,No,885.0,2270.69,Low_spent_Large_value_payments,Poor,1
18,21459.78,1403.64,5,7,1,6,5,4,Standard,2815.7,7.89,6,Yes,274.21,596.37,High_spent_Medium_value_payments,Poor,1
50,101440.14,6456.71,6,5,4,0,0,2,Good,14685.92,20.88,257,No,328.85,3874.9,Low_spent_Small_value_payments,Good,0
57,15000.0,948.07,4,7,2,4,4,3,Good,4480.84,42.22,115,No,166.0,482.26,High_spent_Small_value_payments,Standard,0
27,47139.29,2862.59,1,8,0,1,4,1,Standard,5654.59,55.2,93,No,389.47,1108.28,High_spent_Large_value_payments,Poor,0
60,48303.46,3366.93,6,6,2,2,1,2,Good,20416.78,15.29,413,Yes,719.37,1025.36,High_spent_Medium_value_payments,Good,0
61,22531.41,1520.75,5,3,1,3,1,5,Good,5644.33,54.18,284,No,388.0,594.36,Low_spent_Small_value_payments,Standard,0
46,46846.72,2872.53,2,4,1,1,1,7,Good,7008.88,10.56,290,No,692.81,746.32,High_spent_Medium_value_payments,Good,0
30,78253.69,4750.36,1,9,0,7,3,4,Standard,33234.6,20.06,81,Yes,2997.73,50.0,Low_spent_Large_value_payments,Poor,1
29,15000.0,1058.42,4,3,0,0,1,2,Good,5657.42,3.8,105,Yes,391.84,55.95,High_spent_Small_value_payments,Good,1
48,49101.6,3308.43,5,6,9,2,2,4,Standard,16051.19,13.43,230,Yes,128.3,1815.66,Low_spent_Medium_value_payments,Standard,0
63,15000.0,967.84,5,6,0,6,3,2,Standard,2529.21,33.13,222,Yes,228.69,408.99,High_spent_Large_value_payments,Poor,1
19,20345.22,1375.38,2,2,0,20,5,3,Bad,6668.35,39.31,8,Yes,494.99,142.6,Low_spent_Medium_value_payments,Poor,1
68,96519.45,6582.01,3,4,1,4,2,3,Bad,35863.99,19.86,248,No,3043.41,490.43,High_spent_Large_value_payments,Poor,0
67,25614.93,1753.33,2,7,2,9,4,2,Standard,2285.86,25.09,248,Yes,81.91,682.92,High_spent_Small_value_payments,Standard,0
52,17955.86,1170.31,2,6,2,3,2,3,Standard,4883.0,18.22,302,No,234.68,357.53,Low_spent_Large_value_payments,Good,0
40,32248.84,2085.12,1,6,1,37,10,4,Standard,4516.38,18.86,158,No,384.98,493.16,Low_spent_Small_value_payments,Poor,1
34,125585.72,7550.15,5,3,5,10,4,2,Standard,24726.47,23.34,115,No,379.5,3415.98,High_spent_Small_value_payments,Good,1
43,15000.0,1050.57,4,3,3,5,3,5,Good,6829.86,30.64,151,Yes,220.69,201.81,High_spent_Large_value_payments,Standard,1
25,19326.14,1285.88,2,7,1,3,1,5,Standard,4332.28,43.04,32,Yes,364.45,347.03,Low_spent_Medium_value_payments,Poor,1
46,89184.19,5547.33,6,3,2,13,4,3,Standard,25884.49,11.74,225,No,1097.45,1163.05,Low_spent_Large_value_payments,Standard,1
43,110704.68,7745.16,6,6,2,5,1,6,Standard,56724.54,11.83,267,Yes,2265.72,2845.27,Low_spent_Medium_value_payments,Standard,0
27,34130.31,2386.11,4,4,4,11,2,4,Good,18325.23,57.31,34,Yes,324.52,1023.66,High_spent_Large_value_payments,Poor,1
43,17267.28,1221.08,8,3,4,3,4,4,Standard,5203.03,27.18,88,No,96.17,724.65,Low_spent_Small_value_payments,Poor,0
51,127708.56,8871.78,2,5,4,2,3,4,Good,61423.76,63.53,178,Yes,1266.15,4355.08,Low_spent_Medium_value_payments,Poor,1
68,94529.33,6693.56,4,5,1,18,7,1,Standard,38787.87,17.9,394,No,3504.94,1053.6,Low_spent_Small_value_payments,Poor,1
58,54577.02,3419.29,6,4,2,9,3,2,Standard,30222.43,39.75,349,Yes,1110.46,395.41,High_spent_Small_value_payments,Poor,1
24,22304.83,1541.81,3,4,0,3,1,3,Bad,6812.06,29.35,38,Yes,489.45,135.23,High_spent_Large_value_payments,Poor,1
21,35262.75,2430.17,3,6,0,11,5,6,Good,5539.29,24.7,7,No,465.37,734.66,Low_spent_Large_value_payments,Poor,1
67,32984.2,2061.57,3,7,2,0,1,6,Standard,2405.44,24.29,269,Yes,85.33,1199.08,Low_spent_Large_value_payments,Standard,1
62,44289.85,2704.62,6,5,0,2,2,6,Standard,8162.53,2.12,437,Yes,662.97,700.61,Low_spent_Medium_value_payments,Good,0
28,86733.97,6124.32,3,6,1,1,2,4,Standard,11117.62,42.52,61,No,948.41,1780.72,Low_spent_Medium_value_payments,Standard,1
46,61552.78,3890.56,2,4,1,10,3,3,Standard,32702.67,35.68,86,Yes,2712.82,50.0,High_spent_Small_value_payments,Poor,1
53,19026.24,1321.08,4,4,0,3,0,5,Standard,3099.74,75.69,126,No,299.72,603.22,High_spent_Small_value_payments,Poor,1
42,82942.08,4980.23,4,5,3,3,1,5,Standard,18694.41,18.84,179,Yes,429.14,1768.66,Low_spent_Medium_value_payments,Standard,0
38,43821.48,2639.27,2,5,2,0,3,3,Standard,13155.32,53.74,117,Yes,636.43,1192.72,Low_spent_Large_value_payments,Poor,1
53,54843.53,3567.4,6,4,4,4,3,3,Bad,11352.58,46.66,89,No,248.4,1669.89,Low_spent_Large_value_payments,Poor,1
27,87546.43,5479.19,3,6,2,3,1,0,Good,57212.91,30.15,84,Yes,2056.1,838.68,Low_spent_Medium_value_payments,Poor,0
54,18639.75,1257.69,5,5,2,0,0,1,Standard,4772.73,23.65,239,No,167.36,692.85,Low_spent_Small_value_payments,Good,0
26,35543.22,2350.36,6,3,4,8,3,3,Good,6041.03,20.76,71,No,142.54,1190.21,Low_spent_Medium_value_payments,Good,1
41,26400.21,1606.17,5,6,4,4,3,0,Good,3036.13,10.72,215,Yes,51.25,667.19,High_spent_Large_value_payments,Good,0
52,15000.0,926.43,6,6,2,14,7,2,Standard,2915.06,23.74,129,Yes,125.34,284.91,High_spent_Large_value_payments,Poor,1
66,44713.29,2870.77,5,4,2,3,1,4,Good,12214.54,20.49,471,Yes,585.84,1075.83,Low_spent_Small_value_payments,Good,0
52,163887.24,10162.76,5,4,4,4,3,2,Good,54927.68,5.95,184,Yes,1341.69,4977.29,Low_spent_Small_value_payments,Good,0
65,15000.0,1028.74,3,3,1,2,1,2,Standard,906.16,24.35,185,Yes,79.09,539.41,High_spent_Small_value_payments,Standard,0
53,35618.9,2297.68,7,3,4,3,0,2,Good,9838.92,42.07,194,Yes,243.08,1342.99,Low_spent_Large_value_payments,Standard,0
35,53333.81,3254.01,1,7,3,2,3,4,Good,2920.69,21.56,179,Yes,86.31,2088.63,High_spent_Small_value_payments,Good,0
66,39098.79,2551.08,2,4,4,0,1,2,Bad,8211.2,50.17,483,Yes,200.95,1516.58,Low_spent_Large_value_payments,Standard,1
56,33932.32,2069.33,1,7,2,0,4,2,Bad,8854.71,10.11,394,Yes,421.45,833.1,High_spent_Large_value_payments,Standard,0
49,16655.07,1022.57,3,6,1,2,3,3,Standard,3750.56,68.44,75,Yes,254.96,252.39,Low_spent_Large_value_payments,Poor,1
41,41759.07,2613.94,2,5,2,0,2,3,Standard,11424.13,21.35,99,No,457.98,713.46,Low_spent_Large_value_payments,Standard,1
40,23062.0,1598.46,3,7,2,1,1,3,Good,2611.2,21.32,187,Yes,104.56,912.21,High_spent_Large_value_payments,Good,0
49,15000.0,1050.25,9,6,0,0,1,4,Standard,1922.53,27.04,281,No,149.03,349.56,High_spent_Small_value_payments,Good,0
54,74366.09,5127.63,6,4,2,6,3,4,Good,10065.63,41.59,243,No,503.09,1944.57,Low_spent_Small_value_payments,Good,0
29,64539.42,4105.94,3,4,0,3,3,2,Good,4232.62,9.34,56,Yes,303.05,1779.35,Low_spent_Medium_value_payments,Good,0
66,37458.79,2358.09,2,5,3,0,2,2,Standard,8391.4,8.97,253,Yes,208.91,1293.7,High_spent_Medium_value_payments,Good,0
30,41666.17,2747.85,3,3,4,1,2,2,Good,5971.17,9.57,82,No,104.27,1022.65,High_spent_Medium_value_payments,Good,0
40,69188.56,4692.37,6,2,4,0,2,4,Good,17843.11,15.9,53,Yes,382.44,2368.2,High_spent_Large_value_payments,Good,0
42,41547.96,2940.0,6,5,1,1,2,2,Good,1250.17,42.8,196,No,118.13,1708.86,High_spent_Medium_value_payments,Good,0
52,62468.05,3837.12,3,8,1,5,2,2,Standard,10241.87,27.23,245,Yes,759.15,1275.72,High_spent_Medium_value_payments,Standard,1
58,30379.12,1838.97,5,6,0,7,1,5,Good,8852.45,10.73,267,No,756.54,507.93,Low_spent_Small_value_payments,Good,0
47,79792.93,5387.79,2,3,1,8,3,5,Standard,25616.76,38.93,117,No,1874.94,1848.91,High_spent_Medium_value_payments,Poor,1
34,44023.17,3038.29,2,6,3,0,1,2,Bad,25436.97,28.02,61,No,582.93,1475.23,High_spent_Large_value_payments,Poor,1
66,40799.75,2822.07,2,5,4,5,2,3,Good,12065.88,32.72,157,No,213.26,1370.89,Low_spent_Small_value_payments,Good,0
37,16948.99,1141.51,6,4,4,0,2,2,Standard,7667.24,5.83,191,Yes,154.72,586.44,Low_spent_Small_value_payments,Standard,0
65,43138.6,3034.16,3,7,1,16,6,5,Standard,13772.84,19.16,455,Yes,1012.7,434.21,High_spent_Medium_value_payments,Poor,1
42,22044.69,1444.72,5,4,0,2,2,5,Bad,8714.93,59.6,174,No,607.3,50.0,Low_spent_Large_value_payments,Poor,1
39,24761.13,1730.79,5,5,2,0,3,7,Bad,12881.62,38.84,98,Yes,517.99,204.09,Low_spent_Large_value_payments,Poor,1
30,22265.08,1569.35,6,5,1,0,2,4,Standard,2829.3,12.34,105,No,251.17,839.93,Low_spent_Medium_value_payments,Standard,0
36,19153.85,1325.02,5,5,3,9,4,5,Standard,6313.16,49.86,65,No,180.54,666.46,Low_spent_Small_value_payments,Poor,0
66,129944.52,8232.73,4,6,2,2,2,4,Good,59878.99,46.3,442,Yes,2506.69,2366.95,High_spent_Small_value_payments,Standard,0
53,80724.99,5015.09,4,2,4,0,1,3,Standard,34614.8,36.5,323,Yes,710.93,1820.32,Low_spent_Medium_value_payments,Standard,0
29,114946.32,7579.33,4,4,3,4,3,5,Standard,36104.71,56.44,52,No,1004.9,2311.23,High_spent_Large_value_payments,Poor,1
58,17435.49,1131.7,6,5,2,17,4,2,Good,7368.8,11.38,260,Yes,353.35,111.55,High_spent_Large_value_payments,Standard,0
36,37901.74,2634.51,5,5,1,0,1,5,Good,6783.89,40.97,135,No,459.28,1281.08,Low_spent_Small_value_payments,Good,0
29,16712.22,1020.84,4,6,0,6,3,1,Bad,1944.33,47.23,45,Yes,159.89,504.02,Low_spent_Medium_value_payments,Poor,1
26,23922.7,1502.16,3,5,1,4,3,7,Good,7024.41,30.62,41,No,673.61,375.32,Low_spent_Medium_value_payments,Poor,1
24,20933.87,1426.53,5,6,6,0,3,4,Good,6223.4,3.24,44,No,87.2,558.24,Low_spent_Small_value_payments,Good,0
45,76400.95,4662.68,6,6,1,3,0,2,Good,31313.58,38.89,189,No,2320.27,50.0,High_spent_Large_value_payments,Standard,0
31,28631.48,1817.38,2,4,1,0,3,1,Good,3902.49,47.14,79,No,290.84,467.37,Low_spent_Large_value_payments,Standard,0
48,68942.47,4425.71,6,7,1,8,2,2,Standard,25245.94,11.2,129,Yes,2219.42,530.0,High_spent_Small_value_payments,Poor,0
69,52180.94,3482.8,6,2,1,1,1,1,Standard,9259.49,21.43,352,Yes,861.63,1011.77,Low_spent_Medium_value_payments,Good,0
36,144666.05,8927.79,3,7,1,1,3,2,Standard,45405.47,41.21,99,Yes,4319.0,394.17,Low_spent_Medium_value_payments,Poor,1
64,15000.0,1039.85,3,3,0,2,2,2,Bad,5469.76,30.32,190,Yes,457.21,50.0,High_spent_Large_value_payments,Poor,1
33,77307.01,5013.23,3,3,2,7,3,2,Bad,20310.84,42.84,74,Yes,955.61,1787.21,Low_spent_Small_value_payments,Poor,1
22,72248.33,5052.64,3,8,2,1,5,4,Standard,14003.86,40.47,17,Yes,526.06,2361.39,High_spent_Medium_value_payments,Poor,0
52,20251.27,1317.72,5,8,1,3,1,4,Bad,315.23,40.52,189,Yes,27.02,769.16,Low_spent_Medium_value_payments,Poor,1
29,66454.98,4185.31,4,5,2,5,3,5,Bad,7512.93,31.55,115,No,349.24,1498.15,High_spent_Medium_value_payments,Poor,1
42,44430.75,2734.11,2,5,2,1,0,6,Good,16401.78,47.13,246,Yes,795.98,1050.12,Low_spent_Small_value_payments,Standard,0
69,31682.33,1902.23,6,4,3,5,3,2,Standard,10096.35,60.84,406,Yes,312.35,965.63,Low_spent_Small_value_payments,Poor,1
38,22151.02,1456.76,3,5,6,15,7,10,Good,5945.68,35.85,173,Yes,94.75,585.37,Low_spent_Small_value_payments,Poor,1
53,23588.97,1442.72,4,4,0,3,1,1,Good,5185.13,48.25,199,No,499.05,99.81,High_spent_Large_value_payments,Standard,1
40,124229.66,7980.98,1,7,1,0,2,5,Good,11063.84,47.19,195,No,837.08,3052.06,Low_spent_Medium_value_payments,Good,0
33,36330.38,2411.75,2,6,0,5,1,2,Standard,8028.53,10.31,142,No,621.79,872.75,Low_spent_Large_value_payments,Good,0
56,58062.66,3657.17,4,3,1,19,6,5,Standard,15211.69,14.88,346,Yes,1420.62,858.68,Low_spent_Large_value_payments,Poor,1
62,22594.47,1398.56,3,4,1,7,3,6,Standard,5414.73,40.79,177,Yes,528.88,238.02,Low_spent_Medium_value_payments,Poor,1
59,22744.72,1555.58,3,12,4,1,4,3,Standard,9563.4,27.67,381,Yes,224.07,591.87,Low_spent_Medium_value_payments,Standard,0
56,69507.57,4883.39,4,8,2,2,0,5,Standard,21144.46,18.6,350,Yes,783.13,2379.16,Low_spent_Medium_value_payments,Good,0
31,16159.35,987.14,3,4,3,0,2,2,Standard,5854.09,31.36,109,No,194.62,275.01,Low_spent_Large_value_payments,Standard,1
48,28307.21,1746.15,4,2,1,3,2,2,Good,12007.62,5.68,284,Yes,1054.62,79.94,High_spent_Medium_value_payments,Good,0
22,37064.56,2609.35,6,8,1,1,3,5,Bad,6342.94,46.86,37,No,524.03,723.49,High_spent_Small_value_payments,Poor,1
52,38825.15,2345.4,4,4,3,4,1,3,Standard,10398.24,45.61,246,Yes,342.57,833.86,Low_spent_Medium_value_payments,Poor,1
40,32615.54,2302.36,6,5,2,0,0,4,Good,10693.94,50.71,177,Yes,516.23,610.25,Low_spent_Large_value_payments,Standard,0
46,46050.41,2765.34,5,4,2,20,7,6,Standard,22799.99,18.24,148,No,984.53,153.26,High_spent_Small_value_payments,Poor,1
60,55034.39,3822.95,5,4,0,2,2,6,Standard,8000.87,16.44,141,Yes,630.51,948.77,Low_spent_Medium_value_payments,Standard,1
28,56431.49,3573.77,5,7,0,3,2,0,Good,23253.83,9.53,69,No,1913.43,50.0,High_spent_Medium_value_payments,Good,0
35,20100.86,1410.44,3,3,2,38,11,2,Standard,9818.57,11.88,115,No,417.38,350.06,Low_spent_Medium_value_payments,Poor,1
64,30623.01,1942.53,3,6,3,2,4,2,Bad,8873.05,19.85,417,Yes,256.93,1000.23,High_spent_Large_value_payments,Standard,0
29,74373.7,4989.61,6,4,1,2,2,6,Standard,25471.46,31.82,44,No,2295.66,50.0,Low_spent_Large_value_payments,Poor,1
26,62117.83,3780.93,6,7,4,8,4,3,Good,8629.56,28.08,76,No,186.46,2212.28,High_spent_Large_value_payments,Good,1
27,15935.18,997.94,2,4,2,0,2,1,Good,1964.54,29.69,81,No,94.01,586.3,Low_spent_Small_value_payments,Good,0
61,44841.44,3066.33,4,4,3,1,3,4,Good,13087.85,38.23,366,No,305.4,1542.19,High_spent_Large_value_payments,Good,1
34,15000.0,985.91,9,6,5,3,1,3,Standard,7776.79,9.79,63,Yes,152.85,401.4,Low_spent_Large_value_payments,Standard,1
55,37352.72,2616.67,4,3,2,4,2,4,Standard,13677.76,4.25,188,Yes,500.03,828.36,Low_spent_Large_value_payments,Standard,1
24,113398.13,7330.6,7,7,1,8,5,3,Bad,48669.56,56.29,35,Yes,3700.06,1031.89,Low_spent_Small_value_payments,Poor,1
63,20563.32,1427.57,2,6,4,6,2,0,Standard,3443.5,20.31,108,Yes,81.52,833.85,High_spent_Small_value_payments,Standard,0
30,22013.39,1427.87,4,4,3,6,4,3,Standard,2153.49,37.77,48,No,57.74,639.12,High_spent_Medium_value_payments,Poor,0
57,57435.5,4055.44,3,8,3,2,1,3,Good,22899.35,8.85,311,No,660.69,1940.89,Low_spent_Large_value_payments,Good,0
59,15000.0,1055.97,2,6,2,17,6,5,Standard,7895.35,35.69,296,Yes,340.89,241.87,Low_spent_Medium_value_payments,Poor,1
26,24843.39,1579.19,3,4,2,8,3,5,Good,2847.89,25.43,82,Yes,101.19,648.7,High_spent_Large_value_payments,Standard,0
67,51941.05,3614.97,4,5,1,3,0,1,Bad,30935.04,45.54,187,No,2475.89,50.0,High_spent_Large_value_payments,Poor,1
44,24820.58,1717.15,5,7,3,2,0,5,Standard,10234.95,8.47,175,Yes,331.03,716.01,Low_spent_Large_value_payments,Standard,0
19,31521.28,1963.22,3,3,2,0,2,5,Standard,10897.18,41.86,6,Yes,373.81,773.35,Low_spent_Large_value_payments,Poor,1
22,56755.7,3789.19,3,4,1,2,2,2,Standard,16472.14,26.84,29,No,1484.73,638.71,High_spent_Small_value_payments,Poor,1
46,46766.74,2842.83,4,5,2,0,1,4,Standard,16374.69,39.46,91,Yes,681.41,757.66,High_spent_Small_value_payments,Poor,0
54,42620.52,2943.56,6,2,2,1,4,6,Good,17806.57,15.98,113,Yes,601.42,1051.64,Low_spent_Large_value_payments,Standard,1
55,29629.53,1833.8,4,6,4,1,1,9,Standard,5422.43,66.03,225,No,112.11,953.52,High_spent_Large_value_payments,Poor,1
36,45344.16,2755.44,4,7,2,1,1,0,Good,6884.83,14.82,94,Yes,274.17,1004.76,High_spent_Medium_value_payments,Good,0
25,33717.1,2169.21,3,6,0,0,1,4,Standard,6799.47,12.58,43,No,597.49,730.59,High_spent_Large_value_payments,Standard,0
65,47795.34,3166.44,2,6,5,7,3,4,Standard,17411.03,24.67,123,Yes,255.73,1927.45,Low_spent_Medium_value_payments,Poor,1
62,26952.75,1866.79,4,4,2,0,3,2,Standard,4600.54,63.01,133,Yes,181.02,602.83,High_spent_Large_value_payments,Poor,1
18,32547.59,2296.37,5,6,1,6,3,1,Bad,7282.06,49.17,6,Yes,630.14,454.56,High_spent_Medium_value_payments,Poor,1
39,20050.82,1298.51,3,3,2,13,3,5,Standard,3888.5,16.61,73,Yes,178.71,379.83,Low_spent_Large_value_payments,Poor,1
69,35560.67,2156.93,2,8,1,3,1,3,Good,12242.53,8.86,307,No,931.71,128.03,Low_spent_Small_value_payments,Good,0
34,22323.6,1520.58,6,8,0,7,3,6,Standard,660.52,13.54,97,Yes,59.84,927.46,Low_spent_Large_value_payments,Poor,1
24,18612.19,1230.69,3,6,0,14,3,2,Good,8972.55,0.95,30,Yes,737.04,50.0,High_spent_Large_value_payments,Standard,1
42,42412.43,2750.54,3,2,2,3,1,1,Good,6635.21,4.15,78,Yes,278.28,1574.11,Low_spent_Small_value_payments,Good,0
62,41259.8,2613.83,6,4,0,1,1,3,Bad,21094.55,44.29,423,Yes,1787.22,50.0,High_spent_Medium_value_payments,Poor,1
21,58088.57,3801.47,2,6,2,0,2,3,Standard,24101.13,18.28,23,No,872.98,1113.84,High_spent_Small_value_payments,Standard,1
53,28038.24,1785.17,4,4,3,2,1,3,Good,15557.27,16.38,269,Yes,394.58,324.76,High_spent_Medium_value_payments,Good,0
23,46389.65,3163.82,7,3,0,0,1,2,Standard,5782.01,43.31,25,No,537.81,1187.26,Low_spent_Small_value_payments,Standard,0
48,50537.89,3330.05,5,7,3,9,3,4,Standard,18894.41,22.39,296,No,511.42,1514.73,High_spent_Medium_value_payments,Standard,0
36,47423.08,3295.87,7,7,5,7,1,1,Good,17920.02,45.02,89,No,281.87,1287.1,High_spent_Medium_value_payments,Standard,0
61,22128.19,1457.99,1,7,3,6,1,6,Good,11266.94,27.28,338,Yes,262.36,433.68,Low_spent_Large_value_payments,Standard,0
56,39720.32,2485.74,4,6,1,0,1,1,Standard,12494.82,2.71,384,Yes,908.15,645.99,High_spent_Small_value_payments,Good,0
44,45183.36,3127.6,6,6,1,5,3,2,Good,22639.2,4.01,279,Yes,1922.79,50.0,High_spent_Small_value_payments,Good,0
27,36472.25,2408.5,4,5,1,1,0,3,Standard,15887.23,69.32,37,No,1313.74,50.0,High_spent_Large_value_payments,Poor,1
43,15000.0,933.61,5,3,1,3,1,0,Good,4754.83,10.13,242,Yes,471.86,64.35,Low_spent_Small_value_payments,Good,0
36,39986.36,2669.28,2,4,2,17,5,3,Good,12907.71,16.34,150,Yes,469.12,1358.11,High_spent_Large_value_payments,Standard,0
56,136970.19,8749.01,8,6,2,0,2,1,Standard,19782.78,33.36,114,No,730.79,5049.03,High_spent_Medium_value_payments,Good,0
20,29259.99,2023.26,3,3,1,5,6,3,Standard,4468.36,36.95,7,Yes,400.87,499.52,High_spent_Small_value_payments,Poor,1
62,23462.38,1522.96,5,5,0,13,5,3,Standard,1534.78,13.63,294,Yes,122.54,802.02,Low_spent_Small_value_payments,Standard,1
30,45433.69,3083.57,5,6,2,0,0,4,Good,10785.4,34.53,80,Yes,413.19,1601.86,High_spent_Large_value_payments,Standard,0
67,43801.66,2673.43,2,6,2,4,1,4,Standard,13094.01,30.61,440,No,448.6,1250.75,Low_spent_Large_value_payments,Good,0
45,74283.27,4775.69,4,5,1,4,2,2,Standard,12765.69,35.7,163,Yes,1127.25,1887.68,Low_spent_Large_value_payments,Standard,1
37,17073.44,1206.27,4,10,2,4,2,5,Standard,3908.9,14.35,160,Yes,186.44,358.21,Low_spent_Small_value_payments,Standard,1
45,56321.3,3872.56,7,6,2,1,2,3,Standard,19474.19,59.84,290,Yes,967.33,1457.79,Low_spent_Large_value_payments,Poor,1
25,51753.81,3194.9,5,4,3,6,2,5,Standard,21044.69,20.49,72,Yes,574.15,1227.57,Low_spent_Large_value_payments,Poor,1
58,33346.63,2101.14,4,4,1,9,3,4,Bad,7444.52,23.89,278,Yes,652.36,315.83,High_spent_Large_value_payments,Poor,1
56,44498.57,2828.91,4,4,0,1,0,1,Bad,17286.75,11.18,336,Yes,1266.76,50.0,Low_spent_Large_value_payments,Standard,1
18,67351.1,4515.6,4,6,4,0,2,1,Standard,24519.51,36.03,6,No,564.87,1941.59,High_spent_Large_value_payments,Standard,0
20,61291.06,4180.1,4,4,1,15,4,3,Good,16729.07,11.47,17,No,1290.16,1534.17,High_spent_Medium_value_payments,Standard,1
30,18291.44,1246.01,5,9,1,8,3,6,Standard,2332.25,14.71,92,Yes,221.88,635.83,Low_spent_Large_value_payments,Poor,1
45,59402.7,3892.28,4,7,2,13,3,1,Bad,6201.98,54.41,162,No,293.6,1288.58,High_spent_Medium_value_payments,Poor,1
66,34932.99,2402.83,2,3,4,0,1,2,Standard,9683.53,44.34,309,No,169.23,1200.35,High_spent_Medium_value_payments,Good,1
42,37938.6,2455.96,5,3,2,10,3,3,Standard,12151.01,13.86,148,Yes,534.32,586.54,Low_spent_Medium_value_payments,Poor,1
50,37945.96,2327.68,6,4,1,9,3,1,Bad,10870.37,7.86,252,Yes,1027.71,545.17,Low_spent_Large_value_payments,Poor,1
55,33185.03,2194.02,6,6,1,3,0,2,Good,5786.31,31.2,307,Yes,487.05,871.59,High_spent_Small_value_payments,Good,0
23,74237.49,5220.13,4,5,1,2,1,3,Good,34508.84,47.06,32,Yes,3124.21,317.62,Low_spent_Medium_value_payments,Poor,1
61,34536.4,2368.88,4,4,1,2,2,4,Standard,3884.34,19.35,414,No,287.11,777.75,Low_spent_Medium_value_payments,Good,0
62,18550.88,1229.35,6,4,2,4,2,4,Good,6285.13,29.45,455,No,275.03,300.65,High_spent_Large_value_payments,Good,0
49,28677.9,1921.62,4,1,3,4,2,4,Good,4057.51,9.09,250,Yes,117.41,1023.32,High_spent_Medium_value_payments,Good,0
62,40425.53,2833.07,3,8,1,8,3,3,Bad,12752.16,6.69,176,Yes,965.47,240.41,Low_spent_Large_value_payments,Poor,1
64,75927.09,4907.96,4,4,0,2,1,3,Bad,7751.44,29.99,179,No,755.41,2536.83,High_spent_Medium_value_payments,Standard,0
38,52148.82,3316.15,2,3,0,0,2,2,Bad,12272.87,65.78,215,Yes,993.09,341.83,Low_spent_Medium_value_payments,Poor,1
33,21800.3,1538.81,5,7,2,1,1,3,Bad,6645.95,9.59,102,No,299.66,538.66,High_spent_Medium_value_payments,Poor,0
38,161314.95,11187.83,6,3,3,5,4,2,Standard,37317.61,47.75,159,No,865.17,4103.25,High_spent_Medium_value_payments,Good,0
28,42568.3,2703.07,4,4,1,9,3,3,Good,3355.34,37.28,66,Yes,224.03,1257.92,Low_spent_Small_value_payments,Standard,0
54,78060.11,5075.8,4,9,1,1,0,1,Standard,36345.87,30.96,286,Yes,3553.06,50.0,Low_spent_Medium_value_payments,Poor,0
53,33155.75,2138.44,2,5,2,6,3,3,Standard,5901.35,14.23,218,Yes,267.17,1109.42,High_spent_Large_value_payments,Standard,0
52,50011.86,3081.49,3,2,2,2,0,0,Bad,17582.67,37.36,331,No,630.64,822.8,High_spent_Small_value_payments,Standard,0
36,60094.95,4229.26,3,8,0,0,1,4,Bad,3792.54,37.57,85,No,322.42,1841.58,Low_spent_Small_value_payments,Poor,1
37,75426.72,4855.98,7,5,3,0,0,2,Bad,16293.54,9.41,204,Yes,380.48,2566.06,Low_spent_Small_value_payments,Standard,0
35,68488.49,4758.77,6,4,0,0,1,4,Standard,11446.26,23.69,129,Yes,1059.98,984.59,High_spent_Large_value_payments,Standard,1
64,61286.7,3802.92,5,7,4,6,3,2,Standard,27884.06,32.1,144,Yes,551.32,1448.96,Low_spent_Medium_value_payments,Poor,1
58,30059.92,1982.01,7,7,4,9,2,3,Good,1053.29,16.87,249,Yes,17.92,969.66,Low_spent_Medium_value_payments,Good,0
66,25769.64,1552.87,5,4,1,0,2,6,Good,3841.97,46.32,275,Yes,259.57,543.33,Low_spent_Small_value_payments,Standard,0
31,44336.54,3027.26,2,7,2,1,2,2,Standard,3792.1,18.56,133,Yes,141.78,1350.99,Low_spent_Medium_value_payments,Standard,1
32,63568.72,4214.18,7,7,3,11,6,3,Standard,25931.36,44.49,68,Yes,630.33,1226.15,Low_spent_Large_value_payments,Poor,1
48,31772.85,2121.7,3,9,1,5,3,4,Bad,9104.11,24.5,189,Yes,909.13,434.01,Low_spent_Large_value_payments,Poor,1
18,68809.92,4167.15,3,5,4,2,0,2,Standard,18691.53,37.04,6,No,459.87,2198.67,Low_spent_Large_value_payments,Standard,0
20,86818.07,5407.57,4,6,5,4,1,6,Standard,27714.69,38.15,6,Yes,532.13,2983.81,Low_spent_Medium_value_payments,Poor,1
33,20956.57,1274.27,6,6,4,1,0,2,Good,12559.67,12.76,59,Yes,249.49,510.24,Low_spent_Large_value_payments,Good,0
40,21979.11,1387.54,4,5,1,0,0,2,Standard,6463.77,63.44,174,Yes,434.57,393.03,Low_spent_Small_value_payments,Poor,1
28,33382.1,2229.83,4,4,1,0,2,2,Bad,4455.48,19.58,32,No,354.53,728.32,High_spent_Small_value_payments,Poor,0
29,43676.59,2888.49,2,6,1,6,3,2,Good,9839.18,26.02,52,Yes,907.11,573.04,Low_spent_Medium_value_payments,Standard,1
27,26509.54,1766.37,3,5,1,3,1,2,Standard,4015.99,7.21,53,Yes,281.44,499.49,High_spent_Medium_value_payments,Standard,0
49,81741.87,5390.89,4,5,2,9,4,5,Standard,43930.58,5.58,131,No,1602.16,1314.43,Low_spent_Medium_value_payments,Poor,1
33,46837.53,2948.79,2,6,1,8,2,1,Standard,9220.06,28.54,77,Yes,696.31,1160.58,Low_spent_Medium_value_payments,Poor,1
25,37185.28,2329.61,2,3,0,0,1,1,Good,6515.35,36.32,30,Yes,449.18,1044.71,High_spent_Large_value_payments,Standard,1
55,15343.61,943.4,5,5,4,3,2,3,Standard,2334.43,20.22,330,No,45.85,485.98,Low_spent_Large_value_payments,Good,0
29,16490.02,1141.08,3,6,4,2,1,2,Standard,3587.83,5.02,48,No,70.17,454.93,High_spent_Large_value_payments,Standard,0
41,42984.96,2866.17,5,6,2,12,5,4,Standard,9339.69,11.62,207,Yes,383.75,1094.33,Low_spent_Large_value_payments,Poor,0
45,15000.0,930.31,5,5,2,18,5,6,Standard,7399.97,20.99,121,No,253.01,235.93,Low_spent_Large_value_payments,Poor,0
25,66674.81,4128.49,2,3,1,1,3,3,Good,11061.12,44.34,20,Yes,818.49,1838.26,High_spent_Small_value_payments,Standard,0
45,33027.89,2294.05,4,12,1,1,2,3,Standard,2017.61,17.01,266,Yes,168.44,867.48,Low_spent_Small_value_payments,Good,0
53,254194.7,17297.0,4,8,2,0,4,1,Bad,15527.81,44.89,296,Yes,731.07,7318.37,High_spent_Small_value_payments,Good,0
43,145037.81,9738.34,2,6,2,11,3,2,Bad,18782.1,16.31,104,No,654.24,3421.12,Low_spent_Medium_value_payments,Standard,0
25,32569.47,2097.72,4,5,2,2,3,4,Bad,14484.98,48.44,34,No,506.95,898.44,Low_spent_Large_value_payments,Poor,0
67,34070.86,2140.95,3,6,3,1,2,2,Standard,14627.02,23.9,212,Yes,337.52,658.57,Low_spent_Large_value_payments,Standard,0
45,65995.97,4660.02,6,6,3,1,2,4,Standard,3031.92,34.26,232,No,83.99,2244.91,Low_spent_Small_value_payments,Good,0
45,100901.85,6925.58,6,5,4,2,1,3,Good,38434.65,49.22,67,Yes,698.65,2715.28,Low_spent_Small_value_payments,Standard,0
54,15000.0,949.04,7,3,0,19,4,6,Standard,4996.58,12.21,377,Yes,394.81,60.94,Low_spent_Medium_value_payments,Poor,1
58,15000.0,1037.73,4,10,2,11,3,5,Good,5340.86,26.52,221,Yes,212.77,261.99,High_spent_Small_value_payments,Standard,1
53,25003.7,1705.8,3,6,0,3,1,1,Good,6495.53,34.95,168,No,456.67,420.78,High_spent_Small_value_payments,Good,0
44,51515.73,3256.74,2,8,2,10,3,1,Standard,16293.57,17.56,233,Yes,802.22,1022.94,High_spent_Small_value_payments,Standard,0
34,48928.93,3161.84,3,4,3,1,3,3,Good,26627.33,56.66,81,Yes,774.31,823.01,Low_spent_Large_value_payments,Poor,1
26,69000.08,4279.01,2,5,3,3,1,3,Standard,18336.83,29.27,57,No,559.87,1212.21,High_spent_Medium_value_payments,Standard,1
50,17679.86,1082.06,4,6,0,7,3,4,Bad,6045.7,46.99,186,Yes,537.07,78.96,High_spent_Small_value_payments,Poor,1
37,15000.0,1017.45,5,5,5,0,0,2,Good,1906.39,30.82,145,Yes,31.1,403.25,Low_spent_Small_value_payments,Good,0
30,60767.39,3822.15,5,4,1,3,1,3,Standard,10961.75,11.22,38,Yes,1077.32,466.83,High_spent_Medium_value_payments,Standard,0
45,22094.46,1521.95,2,5,2,2,2,5,Good,6935.44,12.1,152,Yes,270.03,623.52,High_spent_Small_value_payments,Standard,0
65,15000.0,1061.79,2,5,5,7,1,5,Standard,5184.55,9.38,468,Yes,101.78,581.57,Low_spent_Large_value_payments,Good,0
46,39617.98,2409.96,6,5,1,9,3,2,Bad,10280.71,31.97,296,No,900.09,297.8,High_spent_Large_value_payments,Poor,0
30,58448.74,3806.45,4,5,1,0,1,3,Bad,8193.77,28.55,40,No,666.89,1721.34,Low_spent_Small_value_payments,Poor,1
63,33751.01,2318.32,1,3,1,8,4,4,Standard,17576.97,23.74,356,Yes,1568.35,50.0,Low_spent_Small_value_payments,Poor,1
52,27592.27,1891.37,9,4,2,5,2,5,Good,4295.82,29.17,199,No,202.73,807.34,Low_spent_Medium_value_payments,Good,1
23,33003.95,2251.97,3,6,2,33,9,2,Good,9289.41,43.82,26,No,453.05,776.83,Low_spent_Small_value_payments,Poor,1
35,29075.48,1854.46,6,1,1,2,1,6,Good,4924.44,32.88,43,No,429.27,482.3,Low_spent_Small_value_payments,Standard,1
68,16174.19,1049.98,4,6,2,2,1,4,Good,8829.85,0.89,167,Yes,394.15,74.11,High_spent_Large_value_payments,Good,0
22,23651.73,1571.55,3,4,1,3,1,2,Bad,300.78,12.46,17,No,29.61,630.3,High_spent_Medium_value_payments,Poor,0
64,49650.71,3502.91,8,4,2,7,1,3,Standard,3252.76,16.35,288,Yes,136.31,2310.76,Low_spent_Medium_value_payments,Good,0
42,44046.76,2799.1,1,7,4,3,1,4,Bad,7850.49,3.29,192,Yes,188.21,1456.83,Low_spent_Small_value_payments,Standard,0
19,40168.4,2811.82,4,5,1,1,2,9,Standard,21643.31,31.83,7,Yes,1831.58,50.0,High_spent_Small_value_payments,Poor,1
27,19988.47,1257.64,5,3,1,8,2,4,Standard,3858.02,21.29,54,Yes,364.63,157.23,Low_spent_Small_value_payments,Poor,1
47,32568.41,2303.07,5,3,3,1,0,8,Good,8927.21,24.08,221,No,256.61,1088.55,High_spent_Small_value_payments,Good,0
67,15000.0,1008.92,5,2,0,0,1,2,Standard,7582.65,37.6,294,Yes,565.27,50.0,Low_spent_Large_value_payments,Standard,1
62,40420.24,2628.18,9,4,1,2,2,4,Standard,11054.82,11.8,239,Yes,808.12,424.41,High_spent_Small_value_payments,Standard,0
22,85589.22,5704.1,5,4,2,4,4,6,Standard,19217.63,42.78,42,Yes,742.31,2092.45,Low_spent_Small_value_payments,Poor,1
50,15000.0,944.29,3,6,2,8,5,5,Good,2075.78,51.23,303,Yes,78.5,568.52,High_spent_Medium_value_payments,Poor,0
18,25551.3,1608.97,2,5,1,0,2,1,Standard,3689.46,17.04,6,No,295.5,575.96,High_spent_Small_value_payments,Standard,0
35,44243.51,2709.04,3,2,1,0,1,3,Good,18639.78,54.7,135,Yes,1675.45,50.0,High_spent_Large_value_payments,Poor,1
49,77011.16,4715.82,1,2,4,16,7,3,Standard,28836.5,74.23,333,Yes,687.82,2379.06,High_spent_Large_value_payments,Poor,1
64,27752.06,1769.65,5,6,1,7,2,3,Standard,912.59,38.46,349,No,65.73,865.49,Low_spent_Medium_value_payments,Standard,0
66,23972.19,1636.44,4,4,4,2,2,3,Good,15157.63,23.43,205,No,324.31,794.24,High_spent_Medium_value_payments,Good,1
28,15000.0,998.8,2,2,1,6,1,1,Good,3441.72,20.91,80,Yes,305.36,292.49,Low_spent_Medium_value_payments,Standard,1
38,38640.76,2361.39,4,4,2,0,5,2,Bad,3383.05,22.36,79,Yes,143.23,1509.47,High_spent_Medium_value_payments,Poor,1
43,123654.37,8560.91,7,7,1,0,4,2,Standard,31175.38,12.11,232,No,2147.34,2272.0,Low_spent_Small_value_payments,Good,0
42,42890.9,2852.88,5,8,0,2,3,1,Standard,12054.01,62.31,163,No,1060.67,719.77,High_spent_Small_value_payments,Poor,1
39,35833.29,2523.0,2,5,3,8,3,1,Standard,10096.87,19.57,98,Yes,260.96,799.94,Low_spent_Large_value_payments,Poor,1
44,44057.43,2963.32,2,10,1,1,0,6,Good,20764.48,12.96,138,Yes,1548.46,520.96,High_spent_Large_value_payments,Standard,0
66,36074.62,2232.94,4,8,3,0,0,2,Standard,4403.85,31.12,404,Yes,119.61,848.66,Low_spent_Small_value_payments,Good,0
30,22296.64,1452.24,4,6,1,4,2,2,Bad,8837.4,39.4,40,Yes,799.44,50.0,Low_spent_Small_value_payments,Poor,1
50,59514.06,3988.95,8,6,3,16,4,2,Good,3941.74,20.41,320,Yes,111.6,2652.99,High_spent_Medium_value_payments,Good,0
51,41583.42,2507.74,6,1,0,1,1,1,Bad,5915.54,41.68,112,Yes,444.24,990.31,High_spent_Large_value_payments,Poor,1
58,36701.32,2208.01,8,4,3,3,2,2,Standard,13345.83,27.13,234,Yes,320.99,626.17,High_spent_Medium_value_payments,Standard,1
52,20227.14,1241.98,4,3,1,6,6,3,Good,11762.34,34.18,299,Yes,869.39,50.0,High_spent_Small_value_payments,Standard,0
18,79388.18,4979.73,3,1,3,2,2,4,Standard,7321.34,18.86,6,No,165.46,3220.47,High_spent_Medium_value_payments,Good,0
38,54112.56,3498.56,5,3,3,2,0,4,Standard,14100.86,9.25,64,Yes,451.44,1024.66,Low_spent_Small_value_payments,Standard,1
65,26062.36,1701.37,3,3,2,5,4,4,Bad,982.69,44.32,221,No,37.53,1082.84,Low_spent_Medium_value_payments,Poor,1
23,66243.65,4073.67,7,4,0,2,3,3,Good,4167.63,48.51,26,Yes,401.01,1296.82,Low_spent_Medium_value_payments,Standard,0
45,26942.43,1813.09,4,5,1,12,4,2,Good,2190.06,14.76,272,Yes,198.53,701.32,Low_spent_Small_value_payments,Good,0
34,22715.39,1509.62,2,4,4,0,3,6,Good,9793.98,55.65,100,Yes,240.21,755.79,Low_spent_Small_value_payments,Poor,1
22,23021.37,1454.72,3,5,5,2,0,4,Bad,6018.45,42.06,39,No,103.44,614.42,Low_spent_Large_value_payments,Poor,1
48,15000.0,902.22,7,2,2,0,1,2,Standard,2587.49,71.87,287,Yes,119.21,260.23,High_spent_Medium_value_payments,Poor,0
22,48190.9,2931.99,5,7,3,1,3,1,Good,5540.36,17.13,10,Yes,133.76,1374.1,High_spent_Medium_value_payments,Good,0
55,15000.0,963.65,4,4,2,2,2,3,Bad,5030.14,16.62,305,Yes,223.77,428.96,High_spent_Small_value_payments,Poor,0
20,17377.54,1071.64,5,4,3,2,4,1,Good,4598.74,19.84,19,No,129.83,551.04,High_spent_Small_value_payments,Good,0
40,15000.0,961.23,4,2,1,1,1,3,Bad,5386.01,46.04,120,Yes,444.24,88.91,Low_spent_Small_value_payments,Poor,1
54,34487.71,2303.96,5,7,4,0,1,2,Standard,12696.86,16.79,232,Yes,235.78,1094.85,High_spent_Large_value_payments,Good,0
54,33183.49,2187.73,3,4,2,4,2,4,Bad,5138.11,30.99,157,Yes,230.21,978.55,High_spent_Medium_value_payments,Poor,1
27,29851.26,1865.84,8,5,2,11,3,2,Standard,13102.81,23.0,61,Yes,549.81,481.0,Low_spent_Large_value_payments,Poor,1
27,19427.67,1238.02,4,9,0,1,0,4,Standard,1311.69,32.24,48,Yes,125.16,522.42,High_spent_Small_value_payments,Poor,1
36,17973.61,1197.98,5,7,1,1,2,3,Standard,6017.93,19.2,151,Yes,419.81,100.81,Low_spent_Small_value_payments,Standard,0
34,47983.95,3326.53,7,4,2,5,3,7,Standard,18295.07,8.6,70,Yes,630.35,852.37,Low_spent_Small_value_payments,Poor,0
38,26099.43,1778.93,5,4,1,7,2,3,Standard,4862.08,25.95,133,No,340.67,563.12,Low_spent_Medium_value_payments,Standard,1
31,43906.38,2897.61,3,5,1,12,3,1,Good,18417.75,82.36,82,Yes,1422.69,50.0,Low_spent_Small_value_payments,Poor,1
26,21350.93,1364.85,7,5,1,1,2,0,Standard,4076.06,58.51,46,Yes,381.58,501.78,Low_spent_Medium_value_payments,Poor,1
63,40483.01,2589.08,3,6,0,1,2,4,Good,10028.76,54.38,202,No,856.27,869.64,High_spent_Medium_value_payments,Standard,0
18,79377.23,5518.86,4,6,4,4,2,3,Standard,16074.06,24.41,6,Yes,349.29,2647.59,High_spent_Small_value_payments,Standard,1
68,51621.81,3119.26,3,4,0,1,2,2,Standard,20137.83,63.1,213,No,1713.18,50.0,High_spent_Small_value_payments,Poor,1
62,28354.8,2004.77,5,3,3,1,4,3,Standard,2747.59,12.77,438,Yes,79.09,1140.94,Low_spent_Small_value_payments,Good,0
30,42375.23,2847.51,7,6,2,2,1,1,Standard,12510.16,9.68,90,Yes,419.93,783.4,Low_spent_Small_value_payments,Standard,0
21,31432.6,2117.9,3,3,1,1,2,2,Bad,6206.12,40.4,31,Yes,559.62,854.76,High_spent_Large_value_payments,Poor,1
18,36487.61,2204.28,3,11,3,0,1,2,Standard,15162.17,30.79,6,Yes,470.05,897.96,Low_spent_Large_value_payments,Poor,1
66,29870.7,1988.19,7,5,1,7,1,3,Standard,8125.76,48.37,173,Yes,805.08,50.0,Low_spent_Medium_value_payments,Poor,1
57,32905.62,2147.15,3,8,2,8,4,4,Standard,11763.41,20.48,350,No,524.55,481.27,Low_spent_Small_value_payments,Standard,0
49,41243.8,2521.89,2,7,2,21,6,8,Standard,13969.47,43.95,120,No,588.58,1025.02,High_spent_Small_value_payments,Poor,1
51,20009.95,1260.84,7,5,1,2,1,1,Standard,7084.1,11.89,339,Yes,596.85,146.19,High_spent_Medium_value_payments,Good,0
45,19741.39,1374.89,5,6,0,9,2,5,Good,7895.62,55.23,219,No,612.32,50.52,Low_spent_Large_value_payments,Poor,1
48,15785.93,1041.21,5,6,3,0,0,2,Standard,2311.98,13.73,119,Yes,63.53,378.57,High_spent_Large_value_payments,Standard,0
25,15000.0,967.18,3,3,2,3,1,5,Standard,4453.54,44.81,26,No,151.51,452.05,High_spent_Medium_value_payments,Poor,1
56,17494.3,1063.43,2,4,1,0,3,3,Bad,2816.28,39.95,329,No,278.69,162.84,Low_spent_Small_value_payments,Poor,0
43,39961.73,2706.86,5,3,0,1,1,2,Standard,11559.39,22.15,189,No,806.07,584.58,Low_spent_Medium_value_payments,Standard,0
51,21254.58,1437.11,6,7,2,0,2,3,Good,8111.92,17.54,116,No,292.46,541.8,Low_spent_Large_value_payments,Good,1
20,49422.88,3294.14,6,2,3,2,1,4,Bad,3841.76,22.25,13,Yes,107.2,1259.45,High_spent_Large_value_payments,Poor,1
67,37079.82,2429.76,3,8,3,2,1,4,Standard,4458.12,38.84,457,Yes,120.37,904.52,High_spent_Medium_value_payments,Good,0
29,15000.0,970.49,3,4,2,2,0,2,Good,3987.57,64.14,40,No,190.94,370.04,High_spent_Medium_value_payments,Poor,0
18,53797.67,3573.62,4,3,2,1,0,3,Good,11184.82,18.85,6,Yes,429.77,1684.63,Low_spent_Small_value_payments,Good,0
61,59070.04,3693.56,8,4,2,8,3,3,Standard,3247.66,43.95,151,No,147.19,1351.56,Low_spent_Medium_value_payments,Standard,1
22,20003.9,1404.21,4,3,0,0,2,3,Standard,3004.71,53.23,15,No,242.71,390.97,High_spent_Medium_value_payments,Poor,0
47,46728.75,3101.79,6,5,2,7,4,7,Bad,6034.8,34.89,223,Yes,239.58,1504.74,High_spent_Large_value_payments,Poor,1
47,21722.44,1376.58,5,6,4,11,4,2,Standard,1807.82,39.9,151,No,33.3,659.86,High_spent_Small_value_payments,Poor,1
34,38507.27,2498.03,3,5,3,2,2,5,Standard,1067.31,49.2,52,No,33.37,1481.16,High_spent_Small_value_payments,Poor,0
65,17005.65,1168.77,1,4,1,5,3,1,Standard,4343.96,12.67,269,Yes,318.15,163.35,Low_spent_Medium_value_payments,Standard,0
64,15000.0,926.26,5,7,1,7,3,1,Standard,4440.6,13.68,337,Yes,297.49,249.69,Low_spent_Small_value_payments,Standard,0
40,28862.82,1823.33,1,8,3,2,2,3,Standard,1847.8,15.0,109,Yes,58.11,1141.0,High_spent_Medium_value_payments,Standard,0
32,33717.18,2271.23,2,2,2,3,1,5,Standard,11623.9,54.38,102,Yes,428.45,567.24,Low_spent_Medium_value_payments,Poor,1
54,28606.58,1814.17,2,7,7,0,1,1,Standard,9116.61,34.08,362,Yes,93.36,857.06,High_spent_Small_value_payments,Good,0
38,17846.84,1224.03,7,4,6,1,2,2,Bad,1439.81,31.38,115,Yes,17.59,573.51,High_spent_Medium_value_payments,Poor,1
31,28568.52,1754.49,3,5,5,3,2,2,Good,11683.81,35.99,134,Yes,228.86,530.95,Low_spent_Medium_value_payments,Standard,1
19,42683.89,2913.71,8,7,1,1,0,3,Standard,10103.71,22.28,9,Yes,899.81,474.71,High_spent_Large_value_payments,Poor,1
28,35350.37,2147.2,5,5,2,1,0,7,Good,9927.56,51.88,25,Yes,445.17,646.85,Low_spent_Large_value_payments,Poor,1
68,40517.96,2436.61,7,5,2,2,1,2,Good,2446.57,11.56,400,No,87.77,1296.18,Low_spent_Medium_value_payments,Good,0
56,24292.69,1693.95,6,5,3,5,2,1,Good,8201.46,20.45,199,No,238.23,532.5,High_spent_Medium_value_payments,Good,0
55,73352.42,4863.11,2,12,1,3,0,2,Good,9447.82,57.39,167,Yes,901.22,2259.45,Low_spent_Small_value_payments,Standard,0
51,17931.17,1144.21,5,5,4,0,2,1,Good,5288.33,25.31,283,Yes,118.11,363.23,High_spent_Small_value_payments,Good,0
55,48656.28,3041.98,4,2,3,3,1,5,Bad,24908.76,13.49,315,No,574.8,935.73,Low_spent_Large_value_payments,Standard,0
67,73801.52,4921.3,6,6,2,0,0,5,Good,20265.45,53.33,400,Yes,821.81,2097.09,High_spent_Medium_value_payments,Good,0
51,48462.46,3174.98,2,7,0,2,1,6,Bad,3387.8,50.27,89,Yes,306.2,1036.46,Low_spent_Medium_value_payments,Poor,1
35,32160.22,2275.09,4,3,1,11,3,3,Standard,5964.38,49.61,125,No,416.09,711.01,High_spent_Medium_value_payments,Poor,1
47,26450.27,1868.75,6,10,6,3,3,5,Standard,966.97,25.37,214,Yes,12.68,1142.37,Low_spent_Medium_value_payments,Standard,0
32,67619.56,4522.36,4,6,2,44,13,6,Standard,4020.63,8.1,147,No,181.81,2272.58,High_spent_Small_value_payments,Poor,1
44,15463.15,1001.98,1,4,4,2,4,3,Good,2544.48,11.82,232,Yes,60.16,539.89,Low_spent_Small_value_payments,Good,1
68,20290.85,1325.41,3,1,1,0,3,3,Standard,4846.75,15.05,271,Yes,426.16,317.19,Low_spent_Small_value_payments,Standard,0
51,28608.68,1928.04,3,3,3,10,4,1,Bad,13114.69,24.03,255,No,413.55,688.01,Low_spent_Medium_value_payments,Poor,1
69,76312.52,4662.72,4,4,4,1,1,4,Good,15104.6,26.45,503,Yes,334.1,2269.93,Low_spent_Large_value_payments,Good,0
55,45609.01,2898.78,5,5,3,4,2,1,Good,27910.63,29.05,341,Yes,909.31,651.59,Low_spent_Small_value_payments,Good,0
50,20316.17,1235.54,5,2,1,2,1,4,Standard,5184.65,74.72,193,Yes,347.99,495.86,High_spent_Medium_value_payments,Poor,1
41,30146.24,1832.73,4,3,2,14,6,4,Standard,4806.47,10.47,234,No,188.22,797.32,High_spent_Small_value_payments,Standard,1
32,25119.66,1560.47,1,4,2,12,3,6,Good,5974.65,6.87,148,Yes,205.58,690.59,Low_spent_Small_value_payments,Standard,0
47,23721.25,1547.98,3,5,1,5,2,2,Good,7709.99,45.01,256,Yes,611.54,71.34,Low_spent_Large_value_payments,Standard,0
59,65338.3,4475.79,3,4,1,10,2,3,Standard,16654.17,7.13,158,Yes,1247.56,1285.57,Low_spent_Small_value_payments,Standard,1
68,15945.85,1040.62,10,5,1,1,0,3,Bad,3348.81,25.64,433,Yes,250.7,286.46,High_spent_Medium_value_payments,Standard,0
34,95346.08,6067.28,4,9,0,3,2,3,Good,3393.16,39.48,92,Yes,258.83,2222.62,Low_spent_Medium_value_payments,Good,0
22,59691.08,3634.72,6,4,3,16,7,3,Good,4717.93,7.94,17,Yes,120.0,2233.24,Low_spent_Small_value_payments,Standard,1
46,69878.76,4609.31,4,4,0,2,2,3,Bad,25019.05,46.83,94,Yes,2152.63,439.9,Low_spent_Large_value_payments,Poor,1
21,27508.11,1731.33,5,5,4,5,6,3,Standard,5842.81,11.18,9,No,128.99,988.52,High_spent_Large_value_payments,Standard,1
27,33191.05,2212.57,3,3,3,1,1,4,Standard,8942.75,13.5,52,Yes,224.47,1064.0,Low_spent_Medium_value_payments,Standard,1
34,15369.02,1084.84,1,6,4,4,3,1,Bad,5336.76,25.2,113,No,95.26,576.85,High_spent_Large_value_payments,Poor,0
27,26508.02,1622.45,2,5,2,2,4,1,Bad,3860.98,36.91,72,No,155.52,608.55,Low_spent_Large_value_payments,Poor,1
34,48834.53,3042.29,1,2,2,0,1,4,Standard,14278.82,34.03,154,Yes,546.69,1214.22,Low_spent_Small_value_payments,Standard,1
37,79034.35,5147.13,3,5,1,6,6,4,Bad,22363.45,22.39,68,Yes,2176.14,1381.32,High_spent_Small_value_payments,Poor,1
41,18689.29,1317.47,6,3,1,1,0,3,Standard,5639.3,38.22,115,Yes,525.97,50.0,Low_spent_Medium_value_payments,Poor,1
22,29164.18,1993.7,4,5,1,4,1,1,Bad,8385.6,26.23,10,Yes,806.41,228.07,High_spent_Large_value_payments,Poor,1
51,33164.01,2312.55,4,2,4,4,4,4,Standard,6879.63,40.0,263,Yes,120.59,1491.92,Low_spent_Medium_value_payments,Poor,1
23,15717.44,999.87,3,6,2,6,3,1,Good,5105.6,47.57,12,Yes,202.77,288.56,Low_spent_Small_value_payments,Poor,1
19,51782.6,3663.47,2,7,1,3,0,2,Standard,23266.22,37.29,6,Yes,2209.3,50.0,High_spent_Medium_value_payments,Poor,1
30,23519.99,1437.4,4,4,1,8,2,2,Good,3374.94,12.91,89,No,244.71,715.43,High_spent_Large_value_payments,Good,0
60,32298.17,1956.43,3,6,2,2,3,7,Standard,2798.6,24.49,169,Yes,129.69,1176.53,High_spent_Large_value_payments,Poor,1
60,27690.1,1918.07,3,4,4,2,2,5,Standard,1710.7,27.45,332,Yes,40.96,1194.6,Low_spent_Large_value_payments,Standard,0
65,22615.64,1584.12,4,12,3,2,4,4,Good,8770.36,13.24,253,Yes,221.59,549.84,High_spent_Small_value_payments,Good,1
28,36162.32,2205.23,2,5,0,10,2,4,Standard,8720.06,30.71,45,Yes,862.44,621.69,High_spent_Large_value_payments,Poor,1
68,31908.71,1953.73,1,4,2,6,1,0,Good,4591.2,24.42,439,Yes,217.04,997.88,High_spent_Large_value_payments,Good,0
64,29053.24,1753.64,4,4,0,4,4,2,Standard,6988.64,9.35,396,Yes,505.11,685.54,High_spent_Large_value_payments,Good,0
40,23456.97,1433.98,4,2,1,6,3,2,Bad,5380.79,9.61,64,Yes,461.67,149.06,Low_spent_Large_value_payments,Poor,1
33,43989.88,2739.19,6,4,2,7,2,3,Standard,8282.51,26.95,127,Yes,307.82,1493.16,Low_spent_Small_value_payments,Poor,1
48,97945.88,6906.08,3,7,3,5,4,2,Good,35775.08,42.0,310,No,978.67,2670.2,Low_spent_Medium_value_payments,Good,0
28,39495.12,2655.46,4,4,1,3,2,0,Good,18552.02,25.71,63,No,1552.15,50.0,High_spent_Small_value_payments,Standard,1
33,66017.22,4517.84,4,4,1,1,2,3,Good,6014.26,40.33,103,Yes,535.48,2120.34,Low_spent_Small_value_payments,Standard,0
25,15770.03,1078.8,3,9,0,12,4,3,Good,6515.66,27.53,36,Yes,567.94,50.0,High_spent_Large_value_payments,Poor,1
21,39920.96,2626.66,7,4,1,6,4,0,Good,10153.57,17.52,26,No,796.94,268.97,High_spent_Medium_value_payments,Standard,1
57,18799.38,1290.38,6,4,0,1,1,4,Good,3532.88,1.17,344,No,298.17,435.58,High_spent_Large_value_payments,Good,0
21,15000.0,996.82,4,5,1,10,4,1,Good,6246.95,16.43,29,Yes,432.73,251.17,Low_spent_Large_value_payments,Poor,1
42,23303.93,1477.65,2,7,1,6,3,3,Good,1415.92,28.22,203,Yes,120.81,653.31,Low_spent_Medium_value_payments,Standard,0
20,74246.03,4906.08,4,5,4,4,2,1,Bad,4469.98,31.54,21,Yes,110.9,2131.03,High_spent_Medium_value_payments,Poor,1
49,64216.12,4224.12,5,4,2,2,0,2,Good,9741.07,8.97,327,No,416.41,2380.76,Low_spent_Small_value_payments,Good,0
20,42015.88,2895.77,3,3,1,3,1,5,Standard,11574.25,36.73,11,Yes,1107.25,471.84,High_spent_Small_value_payments,Poor,1
44,15000.0,1059.53,3,1,2,3,4,2,Bad,5281.5,23.94,219,No,252.58,247.04,High_spent_Medium_value_payments,Poor,1
46,32280.92,2080.6,4,3,3,4,6,3,Good,2938.4,29.75,71,No,96.49,881.89,Low_spent_Small_value_payments,Standard,0
49,43521.92,2971.24,3,6,2,2,2,4,Good,5288.67,38.3,174,Yes,182.34,1238.53,High_spent_Small_value_payments,Standard,1
67,40348.99,2464.55,2,5,2,2,2,2,Good,10923.02,2.27,285,Yes,480.89,681.1,High_spent_Large_value_payments,Good,0
68,15000.0,1026.24,2,2,0,2,2,6,Good,4113.45,46.79,469,Yes,400.11,158.25,High_spent_Large_value_payments,Standard,0
36,21286.09,1362.81,4,6,3,17,5,1,Good,3258.89,44.28,84,Yes,101.03,517.96,Low_spent_Large_value_payments,Poor,1
38,34945.79,2111.66,4,7,2,3,1,0,Standard,8054.08,32.17,83,Yes,328.58,770.91,High_spent_Medium_value_payments,Standard,1
22,50099.91,3203.15,4,5,3,6,1,3,Good,17379.08,43.67,25,Yes,438.24,887.92,Low_spent_Large_value_payments,Poor,1
35,15000.0,999.23,1,4,1,2,1,5,Standard,958.64,16.53,73,No,74.96,536.66,Low_spent_Large_value_payments,Standard,1
45,32949.31,2019.53,5,2,2,9,4,5,Good,7621.74,25.84,104,No,269.62,636.88,High_spent_Medium_value_payments,Standard,0
59,39570.11,2770.32,4,5,2,1,2,4,Standard,7250.21,23.9,261,Yes,267.06,1163.36,Low_spent_Small_value_payments,Standard,0
39,60461.81,3678.58,6,6,2,1,0,2,Standard,11738.82,18.75,98,No,530.83,1203.7,Low_spent_Small_value_payments,Good,1
38,55034.45,3856.54,9,5,1,0,0,1,Good,13871.83,53.0,68,Yes,1005.05,1196.2,Low_spent_Medium_value_payments,Standard,0
23,51510.59,3485.24,4,4,5,3,0,1,Standard,18154.77,16.06,22,No,342.82,1353.54,High_spent_Medium_value_payments,Standard,0
18,22472.23,1428.6,3,5,1,7,2,4,Standard,2574.23,44.0,6,No,193.44,476.15,Low_spent_Medium_value_payments,Poor,1
22,15000.0,963.5,6,5,3,1,2,4,Good,5385.03,23.18,13,Yes,144.05,336.67,Low_spent_Small_value_payments,Standard,0
58,28686.11,1951.39,4,4,2,2,2,6,Standard,1853.9,12.47,128,No,71.06,924.86,Low_spent_Large_value_payments,Standard,1
29,66235.98,4405.75,1,5,2,1,2,4,Standard,28416.55,3.1,64,No,1102.14,859.96,Low_spent_Medium_value_payments,Standard,0
43,83790.32,5637.09,5,7,3,0,2,0,Standard,26517.16,15.84,94,Yes,828.34,1529.51,Low_spent_Large_value_payments,Standard,1
63,55621.74,3571.8,2,5,5,10,9,4,Standard,15386.6,34.69,254,No,279.21,1259.64,High_spent_Large_value_payments,Poor,1
51,46985.98,3067.46,2,4,3,4,3,7,Good,3952.28,8.5,333,No,104.82,1966.2,Low_spent_Small_value_payments,Good,0
66,45605.51,3225.38,3,3,4,10,3,6,Standard,22627.29,29.1,174,Yes,444.93,1262.27,Low_spent_Large_value_payments,Poor,1
31,26012.4,1621.03,2,8,1,0,0,2,Good,1915.72,50.17,109,Yes,170.57,911.63,Low_spent_Large_value_payments,Standard,0
43,33589.33,2167.41,4,7,4,0,1,3,Standard,4666.97,28.5,75,Yes,104.64,989.64,Low_spent_Medium_value_payments,Standard,0
62,98858.19,6244.02,6,9,2,4,1,1,Standard,41670.69,16.97,393,Yes,1421.04,2621.3,High_spent_Medium_value_payments,Good,1
44,20629.25,1408.74,5,2,1,3,1,3,Bad,7804.08,53.07,266,Yes,576.4,133.61,High_spent_Medium_value_payments,Poor,1
26,95689.83,6533.4,4,7,2,2,1,4,Bad,54175.3,26.15,71,Yes,2331.53,474.33,Low_spent_Large_value_payments,Poor,1
43,29934.98,1890.94,4,7,3,2,2,0,Standard,11670.32,45.8,245,No,335.58,727.74,High_spent_Small_value_payments,Standard,1
64,80439.39,4897.29,5,3,1,0,0,4,Standard,28038.89,58.26,396,Yes,2050.26,50.0,Low_spent_Medium_value_payments,Poor,0
39,15613.81,938.76,4,4,1,7,3,6,Standard,2774.16,36.14,98,Yes,191.05,313.42,Low_spent_Large_value_payments,Poor,1
64,51613.71,3335.83,4,5,4,2,2,2,Good,13677.34,10.83,199,Yes,339.63,1316.49,Low_spent_Medium_value_payments,Good,1
47,23340.33,1504.18,3,2,2,6,4,3,Standard,6638.94,18.65,288,No,235.32,402.14,High_spent_Large_value_payments,Standard,1
60,15534.83,1098.43,4,3,5,13,4,5,Standard,5730.88,35.53,111,Yes,109.73,433.57,High_spent_Medium_value_payments,Poor,1
65,41403.49,2694.93,5,10,6,0,2,3,Standard,10680.15,26.16,326,Yes,139.42,1608.42,High_spent_Large_value_payments,Good,0
34,66548.29,4177.76,3,4,2,6,3,2,Good,21903.42,19.18,83,Yes,1041.36,1788.22,High_spent_Small_value_payments,Standard,1
43,21873.59,1523.6,9,3,2,10,5,1,Bad,7338.18,34.74,251,Yes,321.11,587.53,High_spent_Medium_value_payments,Poor,1
53,15000.0,979.8,3,6,0,9,4,3,Bad,2870.94,8.26,132,No,196.13,354.96,High_spent_Small_value_payments,Poor,1
18,34368.41,2285.19,2,6,2,12,3,4,Bad,3661.49,29.92,6,Yes,177.68,1282.56,Low_spent_Small_value_payments,Poor,1
25,34459.46,2103.28,9,3,3,0,1,1,Standard,6519.42,27.17,22,Yes,200.69,1147.73,Low_spent_Large_value_payments,Standard,0
66,50462.8,3237.1,3,6,0,0,1,3,Bad,6515.24,55.88,493,No,535.14,1370.61,High_spent_Large_value_payments,Standard,1
52,64199.89,4508.7,4,5,1,0,1,4,Standard,14442.5,47.5,177,No,1249.03,660.27,High_spent_Large_value_payments,Standard,0
69,35043.69,2326.42,2,6,5,4,2,3,Standard,6821.38,55.56,281,No,105.89,1139.76,High_spent_Small_value_payments,Standard,0
32,110558.71,7046.14,4,7,1,8,6,4,Standard,16233.99,29.96,40,No,1161.13,3239.68,Low_spent_Small_value_payments,Standard,0
64,41545.35,2774.32,7,6,2,6,5,2,Bad,9343.53,30.28,149,No,320.42,1067.74,High_spent_Medium_value_payments,Poor,1
39,29499.96,2060.95,4,3,2,7,5,5,Good,4035.18,17.88,214,Yes,170.88,1105.25,Low_spent_Medium_value_payments,Standard,1
31,15000.0,944.52,3,6,2,1,1,2,Bad,4221.62,36.53,101,No,153.36,463.47,High_spent_Large_value_payments,Poor,1
43,31020.52,2030.98,3,5,1,11,5,3,Good,6806.52,31.2,188,No,534.26,835.47,High_spent_Small_value_payments,Standard,0
45,29678.19,2088.92,3,3,2,9,3,0,Standard,10680.43,18.82,243,Yes,409.82,634.81,High_spent_Large_value_payments,Standard,1
40,64613.77,3997.5,5,4,2,0,0,3,Standard,22662.33,11.67,169,No,897.06,1125.83,High_spent_Large_value_payments,Good,0
31,47929.68,3249.46,4,6,0,9,5,5,Standard,8678.5,16.21,58,No,627.77,920.21,High_spent_Large_value_payments,Poor,0
41,17896.82,1192.95,2,4,0,8,2,3,Standard,3599.56,5.03,231,Yes,333.94,478.86,High_spent_Small_value_payments,Standard,0
19,40269.62,2712.69,6,4,2,3,2,2,Standard,15060.6,29.1,6,No,686.25,804.38,Low_spent_Small_value_payments,Poor,1
62,54334.72,3466.82,3,5,1,5,3,5,Bad,35455.77,33.73,409,Yes,2426.77,50.0,Low_spent_Small_value_payments,Poor,1
43,90836.71,5759.08,4,5,6,1,4,3,Good,35763.99,32.01,119,Yes,494.19,3241.76,High_spent_Medium_value_payments,Standard,0
31,61852.16,4169.59,4,7,2,9,2,6,Standard,8288.1,26.52,58,Yes,373.48,1824.52,High_spent_Small_value_payments,Poor,1
68,57325.91,3573.41,6,5,6,8,3,4,Standard,4148.82,11.56,363,No,49.2,1485.75,Low_spent_Small_value_payments,Good,0
24,37648.62,2430.08,5,6,2,11,3,2,Standard,6621.86,34.49,21,No,285.86,1265.92,Low_spent_Small_value_payments,Poor,1
20,45843.43,2844.06,7,6,3,0,2,4,Standard,2009.4,49.01,11,Yes,65.51,1081.33,Low_spent_Medium_value_payments,Poor,1
64,76857.09,4618.34,5,9,2,9,3,5,Standard,13735.93,52.71,305,Yes,528.09,1751.38,Low_spent_Small_value_payments,Poor,0
40,16323.05,1150.92,2,7,0,0,3,1,Standard,3760.92,11.66,217,Yes,327.56,176.86,High_spent_Large_value_payments,Standard,0
63,29446.68,1904.52,5,9,1,1,0,1,Standard,3067.67,4.9,252,Yes,227.08,716.06,High_spent_Large_value_payments,Good,0
60,22844.34,1610.56,3,6,4,0,2,5,Bad,3929.82,33.6,116,Yes,75.28,661.08,Low_spent_Large_value_payments,Poor,1
64,45592.2,2804.84,3,6,1,0,2,1,Bad,3796.18,18.26,426,Yes,373.7,1488.66,High_spent_Medium_value_payments,Good,0
62,75973.0,5041.81,6,6,2,4,3,2,Bad,39081.73,4.79,333,No,1360.86,1238.38,High_spent_Medium_value_payments,Standard,1
35,25382.5,1578.21,3,5,1,0,4,4,Good,9376.98,40.94,137,Yes,866.09,74.63,Low_spent_Large_value_payments,Poor,0
55,15000.0,1028.39,3,4,1,8,3,3,Good,7761.64,21.2,116,Yes,719.87,50.0,Low_spent_Small_value_payments,Standard,1
52,28358.09,1942.25,2,5,2,1,1,0,Good,12163.89,15.68,132,No,526.83,307.62,Low_spent_Medium_value_payments,Good,0
68,62823.48,3846.05,5,7,1,3,1,2,Standard,10684.55,32.24,350,Yes,718.33,1478.28,Low_spent_Large_value_payments,Good,0
32,50140.18,3503.83,3,7,1,9,3,3,Good,15811.2,18.5,57,Yes,1453.82,369.34,High_spent_Large_value_payments,Poor,1
42,46953.44,2916.21,5,2,0,2,2,3,Standard,11734.27,10.44,222,Yes,938.43,357.27,Low_spent_Large_value_payments,Standard,1
54,30699.57,2045.84,1,2,2,3,0,6,Standard,16236.2,4.7,93,Yes,748.84,550.65,High_spent_Large_value_payments,Poor,0
45,16858.02,1191.49,4,9,2,0,1,3,Good,4961.25,19.2,250,Yes,175.98,417.65,Low_spent_Medium_value_payments,Good,0
27,49472.72,3441.29,7,3,1,2,1,1,Bad,17575.24,37.06,56,No,1534.14,538.05,Low_spent_Medium_value_payments,Poor,1
56,22013.93,1548.96,4,7,1,2,2,0,Good,7959.81,31.39,279,Yes,629.6,285.94,Low_spent_Medium_value_payments,Good,0
34,134653.22,8578.96,2,2,2,8,3,4,Standard,15466.08,48.72,65,No,518.99,5363.91,Low_spent_Large_value_payments,Standard,0
56,51139.08,3126.83,5,5,2,0,2,5,Standard,14873.47,47.77,215,Yes,627.44,1182.59,High_spent_Large_value_payments,Poor,1
39,25632.36,1590.24,1,5,3,0,0,5,Standard,8112.33,6.59,151,Yes,233.7,473.04,Low_spent_Medium_value_payments,Standard,1
43,25163.98,1646.28,3,7,2,6,1,5,Standard,8843.03,1.26,93,Yes,431.25,555.99,High_spent_Large_value_payments,Standard,0
61,34345.75,2355.89,5,7,0,6,5,3,Standard,8226.26,15.83,244,Yes,801.42,160.22,High_spent_Large_value_payments,Standard,1
42,31454.55,1938.44,2,7,2,3,2,4,Standard,15073.62,12.12,193,Yes,678.11,444.71,Low_spent_Medium_value_payments,Standard,1
34,70976.23,4765.85,4,4,3,2,4,5,Good,18461.79,57.86,159,Yes,487.89,2494.57,Low_spent_Medium_value_payments,Standard,1
30,40613.25,2579.16,6,6,1,4,2,3,Good,9891.77,13.51,54,No,669.11,366.81,Low_spent_Small_value_payments,Good,1
37,23412.4,1491.28,3,7,3,6,3,2,Good,14993.86,13.42,166,Yes,452.55,234.82,High_spent_Medium_value_payments,Standard,0
42,112900.75,7583.63,2,3,1,0,0,7,Standard,13597.55,18.28,83,Yes,1087.12,4108.34,High_spent_Medium_value_payments,Good,0
21,37405.95,2433.6,6,2,2,3,2,4,Bad,11038.04,24.7,11,Yes,424.71,663.04,Low_spent_Large_value_payments,Poor,1
27,57601.5,3962.81,2,5,5,6,1,1,Good,825.31,44.97,82,Yes,12.88,2345.91,High_spent_Large_value_payments,Standard,0
20,25211.72,1555.29,3,3,1,1,0,5,Standard,3995.05,19.0,19,Yes,276.8,666.12,Low_spent_Small_value_payments,Poor,0
58,45155.59,3095.77,3,8,2,3,3,3,Good,18137.48,25.5,278,Yes,662.16,1121.14,High_spent_Medium_value_payments,Good,1
62,43768.34,2656.56,3,5,0,2,2,5,Standard,18868.88,19.33,167,No,1704.98,105.89,Low_spent_Large_value_payments,Standard,0
35,15000.0,931.53,3,5,3,0,1,0,Good,2799.77,28.5,67,No,73.09,477.49,Low_spent_Large_value_payments,Good,0
64,121681.84,8165.86,2,3,3,7,3,0,Standard,5716.34,33.65,476,Yes,130.41,3895.43,High_spent_Large_value_payments,Good,0
53,78777.81,5456.28,3,6,0,0,2,0,Good,11283.01,9.7,247,No,863.66,2609.59,High_spent_Large_value_payments,Good,0
64,28614.9,1795.22,4,2,4,3,1,6,Good,9631.02,52.67,231,Yes,231.61,595.28,Low_spent_Small_value_payments,Standard,0
39,18744.17,1191.09,4,10,1,0,1,5,Standard,4618.1,12.54,154,Yes,445.79,92.68,High_spent_Small_value_payments,Standard,1
51,44736.14,2944.48,1,3,1,1,3,3,Standard,24212.45,43.04,155,No,2061.14,50.0,Low_spent_Large_value_payments,Poor,1
64,38254.58,2382.96,6,6,1,0,0,3,Standard,15743.83,8.94,396,No,1095.51,232.64,High_spent_Medium_value_payments,Good,0
25,44954.29,3092.29,8,2,1,15,4,6,Standard,27535.54,6.84,26,Yes,2164.6,50.0,High_spent_Small_value_payments,Poor,1
57,40739.22,2785.79,4,5,3,2,3,4,Good,5779.18,41.48,182,Yes,185.53,979.1,High_spent_Medium_value_payments,Standard,1
66,49204.71,3029.73,2,3,1,18,10,2,Standard,1742.7,36.21,405,Yes,124.29,1240.74,Low_spent_Large_value_payments,Poor,0
61,86541.85,5627.37,4,6,1,3,0,0,Standard,20238.76,41.22,121,Yes,1629.77,1036.34,High_spent_Large_value_payments,Poor,0
36,51065.37,3492.56,2,7,1,11,6,1,Good,19830.36,27.09,193,No,1662.71,50.0,Low_spent_Medium_value_payments,Standard,1
59,19345.34,1231.42,4,7,1,1,0,2,Good,3477.83,14.77,213,Yes,232.03,625.62,Low_spent_Medium_value_payments,Good,0
58,82251.57,5499.23,4,5,1,0,2,2,Standard,23911.48,3.68,330,Yes,1827.19,1333.08,Low_spent_Small_value_payments,Good,0
54,97184.72,5883.95,2,7,1,0,1,2,Bad,18320.24,24.98,111,Yes,1390.56,1028.25,Low_spent_Medium_value_payments,Poor,1
23,240682.53,16028.04,6,8,2,4,3,5,Bad,141342.41,15.62,35,Yes,5971.2,4140.93,Low_spent_Medium_value_payments,Poor,1
69,18506.99,1141.03,5,6,3,16,6,4,Standard,2882.77,18.14,351,No,64.29,682.86,High_spent_Medium_value_payments,Standard,0
43,42012.78,2898.8,1,1,2,0,2,5,Good,8345.84,11.68,115,Yes,340.69,865.9,Low_spent_Small_value_payments,Good,0
51,15000.0,957.76,4,2,1,5,2,1,Good,4826.62,28.32,175,Yes,374.89,183.06,Low_spent_Medium_value_payments,Standard,0
62,50609.24,3190.92,2,9,1,0,2,3,Good,8489.59,23.03,419,No,723.64,1180.26,High_spent_Medium_value_payments,Good,0
23,26136.28,1806.27,12,2,4,3,1,1,Good,7629.93,8.75,21,Yes,150.92,738.78,Low_spent_Medium_value_payments,Good,0
54,115158.82,6972.09,1,6,3,5,1,1,Bad,11669.41,24.66,294,No,281.9,3282.36,Low_spent_Large_value_payments,Good,0
50,22816.31,1467.01,5,6,3,4,2,5,Standard,3621.59,30.67,197,Yes,111.26,897.29,High_spent_Medium_value_payments,Poor,1
39,15000.0,960.13,4,3,4,3,3,2,Standard,4812.85,8.97,140,Yes,84.54,481.38,High_spent_Large_value_payments,Standard,1
38,27371.07,1726.71,4,4,1,8,2,5,Standard,4341.6,20.11,109,Yes,371.28,697.05,High_spent_Small_value_payments,Poor,1
23,15000.0,1048.16,1,5,1,2,0,4,Bad,2984.3,16.51,44,No,214.82,234.33,High_spent_Small_value_payments,Poor,1
23,56991.63,3883.13,2,6,2,0,1,0,Standard,8902.74,54.76,12,No,415.54,2265.22,High_spent_Small_value_payments,Standard,1
65,15000.0,910.39,5,5,1,3,1,6,Standard,2222.97,26.87,183,Yes,183.17,270.06,Low_spent_Large_value_payments,Poor,1
21,36940.9,2502.47,8,4,1,3,1,4,Standard,7587.69,23.48,16,Yes,681.46,523.77,Low_spent_Large_value_payments,Poor,1
47,15000.0,985.69,2,2,6,8,6,2,Standard,3632.64,23.24,120,No,45.62,610.2,High_spent_Medium_value_payments,Poor,0
28,29966.08,2090.42,1,4,3,14,3,3,Bad,5060.87,22.49,69,Yes,117.12,1070.81,High_spent_Large_value_payments,Poor,1
47,97346.0,6170.79,3,5,2,12,3,1,Bad,28353.57,31.56,237,Yes,1111.11,3124.55,High_spent_Large_value_payments,Poor,1
48,45088.78,2985.78,5,3,2,9,3,3,Good,18070.48,83.24,220,Yes,730.84,906.91,High_spent_Medium_value_payments,Poor,1
41,21631.46,1415.24,3,6,1,2,0,4,Standard,2130.38,33.75,150,Yes,195.79,678.58,Low_spent_Small_value_payments,Poor,1
26,35641.93,2327.55,4,9,2,1,2,5,Good,16673.18,31.92,65,Yes,631.06,306.37,High_spent_Medium_value_payments,Poor,1
20,36710.21,2384.0,4,2,2,0,2,1,Standard,6063.86,1.73,19,Yes,294.73,830.17,High_spent_Medium_value_payments,Standard,1
68,48222.37,3000.76,2,2,0,7,2,2,Good,4923.74,22.32,408,Yes,479.52,1052.39,High_spent_Large_value_payments,Good,0
48,15992.66,1090.49,4,4,2,15,7,5,Good,3267.09,31.21,240,Yes,127.39,319.75,High_spent_Small_value_payments,Poor,0
57,51820.46,3362.6,3,1,3,7,1,6,Standard,10939.61,8.5,396,Yes,271.14,1473.47,Low_spent_Medium_value_payments,Good,0
54,15000.0,1055.76,5,7,1,7,6,3,Standard,2663.57,15.84,376,No,245.48,182.1,High_spent_Medium_value_payments,Good,0
53,24886.21,1563.49,5,5,4,16,6,2,Good,5129.03,11.25,144,Yes,105.85,726.86,Low_spent_Large_value_payments,Standard,0
41,27093.14,1825.98,3,11,3,13,3,6,Standard,6209.51,10.59,118,No,172.16,600.34,Low_spent_Medium_value_payments,Poor,0
48,53103.39,3727.39,2,2,1,0,0,3,Standard,25873.07,58.85,74,Yes,2406.53,50.0,High_spent_Large_value_payments,Poor,1
23,36811.98,2473.3,4,3,2,10,4,0,Good,11094.14,42.93,26,Yes,449.24,962.38,High_spent_Medium_value_payments,Poor,0
19,15625.54,1085.02,3,3,4,11,2,4,Standard,4802.13,5.25,8,Yes,100.03,548.9,Low_spent_Small_value_payments,Poor,1
37,20110.64,1386.92,6,6,3,0,1,3,Good,990.28,1.87,201,Yes,30.53,688.9,Low_spent_Small_value_payments,Good,0
45,40913.2,2614.41,4,4,3,10,5,5,Bad,12656.03,28.62,67,Yes,313.57,1079.69,Low_spent_Small_value_payments,Poor,1
28,34632.91,2303.14,4,9,4,6,1,5,Standard,874.28,53.71,33,Yes,21.29,1569.84,High_spent_Medium_value_payments,Poor,1
21,25655.82,1582.78,8,4,0,6,4,3,Bad,7301.5,20.69,20,No,637.1,340.73,High_spent_Medium_value_payments,Poor,1
32,27214.35,1790.75,5,3,2,16,6,3,Good,9723.65,56.34,46,Yes,430.72,651.8,High_spent_Large_value_payments,Poor,1
23,55143.87,3446.28,3,6,5,2,0,2,Standard,5150.04,59.1,14,Yes,101.58,2242.59,Low_spent_Small_value_payments,Poor,1
66,26619.1,1811.62,5,4,4,6,1,6,Good,4401.25,9.13,294,Yes,75.92,1101.48,Low_spent_Medium_value_payments,Good,0
47,34445.9,2263.81,4,2,2,6,3,1,Standard,9316.32,7.49,244,Yes,346.67,678.69,Low_spent_Large_value_payments,Standard,0
55,133514.04,8605.64,4,8,1,7,3,3,Good,73850.3,17.9,193,Yes,6023.95,50.0,Low_spent_Small_value_payments,Poor,0
68,15456.59,972.4,7,4,0,3,0,2,Standard,2338.57,11.51,205,No,165.86,370.44,Low_spent_Medium_value_payments,Good,0
19,15000.0,1062.29,3,5,1,3,1,3,Good,7108.91,46.22,6,Yes,568.39,50.0,High_spent_Large_value_payments,Poor,1
32,58113.53,3531.96,1,3,1,10,5,1,Standard,4259.78,15.36,48,No,370.2,1060.33,High_spent_Large_value_payments,Standard,0
28,24168.71,1461.53,4,6,4,1,1,3,Good,5221.88,15.6,53,Yes,93.52,651.6,Low_spent_Large_value_payments,Standard,0
25,30003.14,1870.8,4,6,1,4,2,3,Standard,5485.5,47.74,45,Yes,433.15,728.19,Low_spent_Medium_value_payments,Poor,1
43,22726.94,1602.7,2,2,1,3,0,3,Standard,6482.95,7.83,75,No,547.87,475.61,High_spent_Small_value_payments,Standard,0
68,31073.79,2194.07,4,2,3,2,0,1,Good,5085.0,55.49,350,Yes,155.0,1335.88,Low_spent_Medium_value_payments,Good,0
62,94761.92,6358.06,1,5,1,11,5,2,Bad,5159.4,63.7,293,Yes,351.91,3215.2,Low_spent_Small_value_payments,Poor,0
61,58763.55,4086.09,3,9,0,0,2,3,Good,22260.6,17.54,251,No,1611.8,91.66,Low_spent_Medium_value_payments,Good,0
22,60921.05,3796.47,5,3,2,2,0,6,Standard,17701.1,36.66,30,Yes,695.58,1220.14,Low_spent_Large_value_payments,Poor,1
23,15525.88,1095.05,7,6,0,6,2,3,Standard,6766.85,9.06,51,Yes,465.28,231.01,High_spent_Small_value_payments,Poor,1
43,18202.38,1120.3,4,5,1,3,2,4,Good,8277.47,15.88,128,Yes,692.34,50.0,High_spent_Medium_value_payments,Standard,1
21,15000.0,916.43,4,3,2,7,4,4,Standard,1652.23,38.99,10,Yes,78.1,478.33,High_spent_Small_value_payments,Poor,1
36,22345.3,1367.88,1,9,1,3,3,2,Good,3753.83,15.16,155,Yes,323.27,499.81,Low_spent_Large_value_payments,Good,0
37,64474.3,4268.77,8,3,1,0,1,3,Standard,13664.55,48.85,85,Yes,1333.0,1383.26,High_spent_Large_value_payments,Poor,1
50,49521.78,3390.29,4,5,4,5,1,4,Standard,5909.36,33.89,271,Yes,124.94,1523.49,High_spent_Small_value_payments,Standard,1
37,31795.88,2034.05,5,7,4,2,2,7,Standard,19153.64,14.32,89,Yes,404.83,756.31,High_spent_Large_value_payments,Poor,1
66,35832.83,2529.58,6,3,2,0,0,3,Standard,4376.35,34.55,161,No,205.83,1163.01,High_spent_Large_value_payments,Standard,0
29,24020.64,1554.28,3,7,2,4,2,3,Good,4442.92,27.08,118,Yes,219.22,653.9,High_spent_Small_value_payments,Standard,1
64,41062.7,2530.69,1,6,1,9,3,5,Bad,13427.5,48.23,315,No,1296.04,50.0,Low_spent_Small_value_payments,Poor,0
18,57499.24,3740.21,2,3,1,2,1,4,Good,6069.16,63.13,6,Yes,437.9,1442.95,High_spent_Medium_value_payments,Poor,1
43,15000.0,1010.34,2,3,3,1,1,2,Good,719.85,6.97,142,Yes,23.96,552.53,High_spent_Small_value_payments,Good,0
31,43468.36,3000.0,3,3,1,15,6,3,Standard,2376.21,40.55,130,Yes,186.44,1271.43,Low_spent_Medium_value_payments,Poor,1
55,63542.29,4128.34,3,6,2,5,2,2,Bad,26760.89,8.92,345,No,1040.8,1043.56,Low_spent_Large_value_payments,Standard,1
54,28309.14,1880.6,4,6,1,2,0,0,Good,2659.22,27.57,337,Yes,241.02,569.63,High_spent_Small_value_payments,Good,0
28,55294.04,3477.79,3,6,3,1,4,3,Standard,9163.45,23.63,91,Yes,253.18,1574.08,Low_spent_Medium_value_payments,Standard,1
53,196573.69,13169.93,4,8,3,0,3,9,Good,12943.54,27.97,255,Yes,300.39,8768.77,High_spent_Large_value_payments,Good,0
30,34111.65,2411.06,4,7,3,3,1,2,Bad,4760.22,15.98,77,Yes,149.92,1057.03,High_spent_Large_value_payments,Poor,1
60,45981.03,2783.3,7,3,2,2,3,5,Good,8978.35,27.11,330,No,428.64,963.86,Low_spent_Medium_value_payments,Good,0
20,23322.31,1623.33,5,4,3,27,8,0,Good,5670.34,41.24,9,No,179.24,740.62,High_spent_Medium_value_payments,Poor,1
50,40487.59,2675.88,5,5,1,2,2,3,Standard,22273.98,46.62,221,Yes,1873.12,50.0,Low_spent_Small_value_payments,Poor,1
23,47866.11,3002.69,2,6,2,0,2,3,Bad,14143.99,39.26,40,Yes,541.05,956.96,Low_spent_Large_value_payments,Poor,0
67,40819.1,2871.4,1,5,2,1,0,4,Bad,4931.96,2.08,155,Yes,234.67,1549.68,High_spent_Medium_value_payments,Standard,0
27,19696.24,1284.91,5,4,0,0,1,3,Standard,7545.47,58.4,78,Yes,728.86,50.0,High_spent_Medium_value_payments,Poor,1
22,41102.21,2613.83,3,4,0,4,2,2,Standard,6986.85,27.53,25,No,679.67,810.03,Low_spent_Small_value_payments,Standard,1
40,87318.49,5410.8,8,5,0,11,2,1,Good,15994.26,35.9,228,Yes,1426.53,1145.09,Low_spent_Small_value_payments,Standard,0
27,47533.09,2977.86,4,5,2,4,3,2,Good,11573.58,12.58,93,No,489.06,1054.29,Low_spent_Large_value_payments,Good,1
61,64679.03,4464.31,2,5,3,0,2,2,Standard,17469.45,6.81,407,No,388.77,1633.51,Low_spent_Large_value_payments,Good,0
19,31501.57,2099.77,2,2,1,7,3,7,Good,12031.35,17.33,6,No,851.91,461.02,High_spent_Small_value_payments,Poor,1
30,56950.64,3980.48,5,5,2,0,0,2,Good,23265.03,9.01,101,Yes,964.13,1206.44,High_spent_Medium_value_payments,Good,0
57,42940.07,2684.31,4,7,0,1,1,2,Standard,2248.5,35.26,166,No,204.16,953.53,High_spent_Large_value_payments,Good,0
19,20526.12,1258.5,5,4,4,1,3,1,Good,10431.26,17.61,6,No,178.18,520.31,Low_spent_Large_value_payments,Good,0
37,43963.39,2640.7,4,6,3,14,4,9,Good,3642.46,17.51,137,Yes,102.79,1377.2,Low_spent_Medium_value_payments,Poor,0
18,20029.91,1312.0,3,5,1,3,1,1,Standard,2675.64,10.86,6,No,219.16,449.95,High_spent_Medium_value_payments,Standard,0
54,24841.52,1759.15,1,5,2,6,4,5,Good,7101.83,34.29,218,No,253.72,952.4,High_spent_Small_value_payments,Standard,0
26,40684.28,2747.36,2,4,2,8,3,1,Good,19878.07,4.09,72,Yes,800.9,1099.02,Low_spent_Large_value_payments,Standard,0
34,43405.72,2749.36,4,1,2,3,1,1,Good,6005.36,28.23,123,Yes,235.81,1456.55,Low_spent_Small_value_payments,Good,0
26,17791.22,1236.48,4,3,1,5,2,3,Standard,1670.17,43.66,40,Yes,156.86,505.37,Low_spent_Large_value_payments,Poor,1
28,68349.63,4679.81,4,6,2,1,0,6,Good,27551.39,27.58,47,Yes,1008.36,1852.82,High_spent_Small_value_payments,Standard,1
32,51185.1,3079.65,2,2,1,18,6,6,Good,6481.56,36.96,126,Yes,644.86,1004.47,Low_spent_Small_value_payments,Poor,1
41,23793.39,1638.16,7,4,4,0,1,4,Bad,3056.38,2.29,113,Yes,73.92,948.87,Low_spent_Small_value_payments,Poor,1
55,15000.0,948.84,3,5,2,0,2,8,Bad,3601.83,45.66,154,Yes,163.99,374.54,Low_spent_Medium_value_payments,Poor,1
52,33291.5,2051.47,3,4,2,2,1,2,Good,4469.76,17.71,289,Yes,208.6,812.88,High_spent_Medium_value_payments,Good,0
47,27790.06,1735.54,6,5,1,15,4,3,Good,7476.11,48.56,85,Yes,522.57,482.31,Low_spent_Large_value_payments,Poor,1
48,38866.36,2529.28,5,7,1,3,0,1,Good,12038.16,33.82,125,Yes,1111.16,307.06,High_spent_Large_value_payments,Standard,1
66,29206.02,1886.79,5,7,5,0,2,1,Standard,3976.95,19.79,457,Yes,58.35,1258.32,Low_spent_Large_value_payments,Good,0
22,15000.0,946.94,3,5,4,5,3,7,Standard,3889.86,31.56,27,Yes,93.49,466.19,High_spent_Large_value_payments,Poor,1
61,28767.22,1779.7,9,6,1,22,9,3,Standard,3537.52,58.1,299,No,282.83,762.9,Low_spent_Medium_value_payments,Poor,1
67,30231.16,2063.5,6,4,3,0,0,2,Bad,12141.25,37.98,470,Yes,362.51,951.26,High_spent_Medium_value_payments,Standard,0
31,53114.04,3756.55,6,1,4,3,3,3,Bad,8688.95,57.05,119,Yes,200.77,1873.59,Low_spent_Small_value_payments,Poor,1
28,23886.77,1634.48,8,6,1,7,1,0,Good,6625.88,25.6,89,Yes,554.51,103.24,Low_spent_Small_value_payments,Standard,1
26,99429.57,6284.54,3,9,4,2,5,2,Good,20938.68,40.32,43,Yes,422.59,3723.57,High_spent_Small_value_payments,Standard,0
51,15000.0,939.78,3,4,2,2,1,7,Good,1548.38,39.51,134,Yes,62.45,442.82,High_spent_Medium_value_payments,Standard,0
29,79753.87,4973.3,4,5,1,1,2,4,Good,27884.64,18.06,76,No,2667.03,578.87,Low_spent_Medium_value_payments,Standard,1
52,31742.4,1951.55,7,5,2,0,2,3,Good,12098.38,41.25,240,Yes,600.13,462.78,High_spent_Small_value_payments,Standard,0
52,60824.68,4012.77,3,3,3,0,1,7,Bad,11827.35,25.92,94,No,355.39,1877.58,High_spent_Small_value_payments,Poor,1
18,38096.62,2535.65,7,4,0,7,2,2,Bad,6455.54,50.89,6,Yes,530.39,971.91,Low_spent_Medium_value_payments,Poor,1
57,71950.48,4866.94,7,3,4,1,3,3,Standard,25915.56,57.78,269,No,482.77,2150.28,High_spent_Small_value_payments,Standard,1
39,28784.23,1939.16,5,2,2,3,1,4,Bad,4382.64,5.37,136,No,183.09,1114.61,High_spent_Medium_value_payments,Standard,1
46,18785.26,1186.61,6,6,4,9,3,3,Bad,6075.12,24.45,298,Yes,108.03,668.43,Low_spent_Large_value_payments,Poor,1
25,85161.32,5414.42,5,3,2,2,1,2,Good,31849.08,8.49,29,Yes,1531.89,1472.19,Low_spent_Small_value_payments,Standard,0
28,33925.14,2285.98,3,5,4,0,3,5,Standard,9406.23,34.61,37,No,222.07,1346.89,Low_spent_Medium_value_payments,Poor,1
58,41478.69,2645.75,3,3,0,2,1,3,Good,12469.58,12.19,392,Yes,1154.17,50.0,Low_spent_Medium_value_payments,Good,0
54,76179.76,4746.26,7,5,4,4,2,4,Bad,9902.16,20.77,369,No,175.01,2172.49,Low_spent_Large_value_payments,Good,0
31,19551.88,1252.4,6,5,2,0,0,1,Standard,6546.38,9.47,125,No,275.21,470.35,High_spent_Medium_value_payments,Good,0
47,51911.44,3267.7,3,4,1,4,4,2,Standard,13907.42,63.35,288,Yes,1136.48,783.82,High_spent_Medium_value_payments,Poor,0
52,25490.55,1553.82,3,4,3,0,0,3,Bad,10802.58,58.53,223,Yes,267.6,487.65,High_spent_Small_value_payments,Poor,1
38,33546.85,2314.5,5,6,1,0,1,2,Good,12530.01,53.78,196,Yes,1112.0,293.13,High_spent_Medium_value_payments,Standard,1
54,37925.06,2626.01,4,3,0,6,1,4,Standard,6045.49,37.26,236,Yes,586.27,935.84,Low_spent_Large_value_payments,Poor,1
22,15000.0,935.71,4,4,4,0,0,6,Standard,5906.06,4.09,22,No,126.64,463.86,Low_spent_Medium_value_payments,Standard,0
36,22758.59,1381.49,7,6,2,0,1,1,Standard,8764.93,51.46,70,Yes,426.07,126.82,Low_spent_Large_value_payments,Poor,1
31,81686.48,5555.0,4,7,0,3,0,2,Good,18453.68,8.58,114,No,1749.55,1010.98,Low_spent_Medium_value_payments,Good,0
43,61803.47,3849.83,5,6,5,2,0,3,Good,16641.85,40.65,184,Yes,268.09,1928.8,Low_spent_Large_value_payments,Good,0
21,34975.96,2247.63,5,6,2,5,2,2,Standard,8611.47,49.59,16,Yes,294.39,628.48,High_spent_Medium_value_payments,Poor,1
42,42018.87,2550.33,5,6,1,14,4,1,Standard,12825.64,23.66,63,Yes,1049.23,289.53,Low_spent_Medium_value_payments,Poor,1
62,30438.22,1900.91,5,5,1,0,0,3,Good,12826.64,20.34,353,No,1050.73,158.64,High_spent_Medium_value_payments,Good,0
59,81957.0,5621.41,6,3,1,13,4,0,Standard,21084.8,41.35,339,No,1671.31,1022.39,Low_spent_Large_value_payments,Standard,0
42,32202.15,2212.75,1,3,2,6,2,2,Good,9835.41,52.56,73,No,364.27,729.58,Low_spent_Large_value_payments,Standard,1
35,41735.41,2597.75,4,1,2,1,3,4,Standard,19959.36,19.51,122,No,829.09,741.47,Low_spent_Small_value_payments,Standard,0
57,72230.53,4596.68,2,4,4,11,4,2,Standard,13262.15,27.91,219,Yes,304.83,2437.98,Low_spent_Medium_value_payments,Standard,1
25,22778.61,1399.84,4,8,6,0,1,1,Standard,3347.19,28.73,55,No,46.7,608.72,High_spent_Small_value_payments,Standard,0
56,92528.64,5626.07,11,5,2,20,5,6,Good,1455.17,28.5,203,No,56.63,2421.91,Low_spent_Large_value_payments,Good,1
57,15000.0,1061.23,4,6,2,7,5,3,Standard,1260.25,14.0,332,Yes,44.76,678.24,High_spent_Small_value_payments,Standard,0
31,96547.01,6478.52,4,2,2,2,2,0,Standard,2915.56,28.72,45,Yes,129.88,3509.77,Low_spent_Large_value_payments,Good,0
49,29038.99,1912.88,3,4,4,5,2,7,Standard,4614.46,37.51,143,Yes,110.21,834.07,High_spent_Medium_value_payments,Poor,0
68,31394.27,2144.01,3,6,1,18,7,3,Standard,12082.97,13.13,396,Yes,1009.01,50.0,High_spent_Medium_value_payments,Poor,1
55,15000.0,1036.51,2,3,3,2,3,0,Standard,7084.37,34.48,341,Yes,167.83,314.5,Low_spent_Small_value_payments,Standard,1
50,27642.87,1900.15,5,4,2,2,0,2,Good,3706.7,67.7,282,No,137.72,669.36,Low_spent_Large_value_payments,Good,0
40,19459.99,1171.09,5,8,2,9,6,5,Good,3765.0,7.96,135,Yes,170.03,315.88,High_spent_Large_value_payments,Standard,1
32,25220.49,1564.27,6,6,3,2,5,8,Bad,7111.19,1.53,69,Yes,168.76,865.93,Low_spent_Large_value_payments,Poor,0
50,33443.52,2243.89,7,6,3,0,0,3,Bad,11060.18,38.64,189,No,308.36,882.0,High_spent_Small_value_payments,Poor,1
42,64516.42,4133.61,3,2,1,5,1,2,Bad,9922.18,36.16,147,Yes,671.62,1717.52,Low_spent_Medium_value_payments,Poor,1
34,41132.84,2905.77,3,10,1,2,1,4,Good,10840.07,17.49,53,Yes,830.41,771.79,Low_spent_Small_value_payments,Standard,0
50,43678.27,2935.55,3,7,1,14,6,2,Standard,4266.74,34.04,133,Yes,309.82,912.4,High_spent_Medium_value_payments,Poor,1
64,18820.24,1324.24,3,4,4,0,1,2,Good,5483.35,11.85,193,No,111.23,557.78,Low_spent_Medium_value_payments,Good,0
19,21408.59,1331.24,2,6,1,3,1,3,Good,3867.83,52.37,6,Yes,342.6,269.41,High_spent_Small_value_payments,Poor,0
31,106855.74,7411.46,3,5,1,6,2,2,Standard,18880.44,43.37,85,Yes,1494.57,2519.62,High_spent_Large_value_payments,Poor,0
57,23362.31,1483.07,5,7,1,11,4,1,Good,2482.39,40.39,173,Yes,220.83,664.59,High_spent_Large_value_payments,Standard,1
57,98098.26,6937.54,5,5,2,6,2,3,Good,14892.28,58.07,382,Yes,614.38,2323.48,Low_spent_Medium_value_payments,Good,1
68,31387.45,1936.87,4,3,1,13,4,2,Good,6533.72,34.76,504,Yes,602.03,552.51,Low_spent_Small_value_payments,Good,0
56,36365.39,2385.34,3,6,2,6,1,6,Standard,17487.9,25.51,406,Yes,622.69,1035.23,Low_spent_Small_value_payments,Standard,0
68,69024.66,4734.34,3,9,3,1,1,6,Standard,3425.72,30.08,189,Yes,100.49,3119.82,Low_spent_Large_value_payments,Standard,1
23,77896.43,5038.88,3,7,3,9,4,3,Standard,11866.55,43.13,42,Yes,379.02,2736.03,Low_spent_Medium_value_payments,Poor,1
23,33979.49,2211.08,2,4,2,3,2,1,Good,6104.11,33.01,48,Yes,295.61,682.72,High_spent_Small_value_payments,Standard,1
20,28769.01,2033.55,3,4,2,6,2,4,Good,3500.03,32.77,6,No,169.32,1109.43,High_spent_Medium_value_payments,Standard,1
24,35117.25,2268.84,4,4,2,1,0,3,Standard,11404.64,39.64,55,Yes,554.13,397.98,Low_spent_Small_value_payments,Poor,1
68,44479.09,2959.82,3,5,1,20,9,3,Good,8946.8,23.46,367,Yes,860.84,555.83,Low_spent_Large_value_payments,Standard,0
25,61993.34,3756.23,4,3,7,4,5,3,Good,25851.85,25.95,34,Yes,341.83,2171.2,Low_spent_Medium_value_payments,Standard,1
59,36407.79,2516.65,6,10,3,9,3,0,Standard,12468.48,23.1,300,No,304.46,1057.19,High_spent_Small_value_payments,Good,1
69,52645.28,3528.38,6,5,2,12,6,5,Standard,24195.01,4.81,352,Yes,1008.9,1379.27,High_spent_Small_value_payments,Standard,0
32,97053.32,6247.99,2,3,3,3,1,6,Good,6049.26,11.65,122,Yes,152.71,3614.17,Low_spent_Medium_value_payments,Good,0
64,45651.23,2747.07,4,4,1,7,3,7,Bad,6619.38,44.13,187,Yes,516.93,1214.72,Low_spent_Medium_value_payments,Poor,1
46,43782.6,2907.59,7,4,1,13,3,5,Standard,24248.72,21.73,116,Yes,2035.31,50.0,Low_spent_Medium_value_payments,Poor,0
50,15000.0,902.06,4,2,1,1,1,4,Standard,3969.15,14.82,99,Yes,390.84,76.84,High_spent_Medium_value_payments,Standard,0
69,15000.0,900.2,4,7,1,1,2,3,Bad,6790.5,56.37,373,Yes,477.35,114.5,High_spent_Small_value_payments,Poor,1
47,45845.18,3056.7,2,4,1,9,5,1,Standard,17079.74,15.6,246,Yes,1411.92,50.0,Low_spent_Small_value_payments,Poor,0
56,34307.03,2128.67,3,4,0,1,0,4,Good,7659.12,48.53,249,Yes,594.2,580.4,High_spent_Large_value_payments,Standard,1
44,26665.62,1655.37,1,6,1,1,2,3,Bad,12928.17,26.41,182,Yes,1001.58,50.0,High_spent_Large_value_payments,Poor,1
53,42029.13,2819.19,3,3,5,0,2,2,Standard,10525.34,28.74,172,No,180.91,1290.09,Low_spent_Large_value_payments,Good,1
46,35022.91,2121.75,5,6,1,2,1,3,Standard,12853.71,25.85,173,Yes,1059.2,117.5,Low_spent_Small_value_payments,Poor,0
55,71443.92,4529.2,6,7,0,10,4,0,Good,27545.27,22.02,357,No,2752.41,50.0,High_spent_Large_value_payments,Good,0
50,38241.11,2356.37,7,8,1,1,0,3,Bad,14839.11,7.43,308,Yes,1338.5,50.0,High_spent_Large_value_payments,Standard,0
54,23198.57,1537.72,7,7,5,23,6,3,Good,5654.56,28.67,336,Yes,112.2,829.25,High_spent_Large_value_payments,Poor,0
44,65781.88,4418.51,7,4,1,0,5,2,Good,4331.38,39.41,89,Yes,305.18,2509.68,Low_spent_Medium_value_payments,Standard,1
50,31879.59,2161.83,4,6,1,1,1,3,Bad,13112.15,12.14,338,Yes,1124.51,50.0,High_spent_Large_value_payments,Poor,1
21,49807.56,3126.17,4,5,1,4,1,3,Standard,7617.06,24.57,9,Yes,754.84,1295.92,High_spent_Large_value_payments,Poor,1
39,27270.3,1662.58,6,4,3,7,5,2,Bad,11795.09,7.84,221,Yes,305.51,414.94,Low_spent_Large_value_payments,Poor,1
19,24590.21,1496.37,3,4,0,3,0,3,Standard,8587.33,9.24,8,No,721.71,50.0,Low_spent_Medium_value_payments,Standard,0
27,38196.57,2468.13,5,6,1,0,3,5,Standard,7279.88,56.52,89,No,665.46,743.91,Low_spent_Medium_value_payments,Poor,1
22,36596.11,2570.75,5,5,5,2,0,1,Good,5854.16,16.03,33,Yes,108.34,1427.75,Low_spent_Large_value_payments,Good,1
27,48431.04,3020.1,5,4,5,9,4,5,Standard,11651.46,10.13,80,Yes,222.27,1299.65,Low_spent_Medium_value_payments,Poor,1
50,30909.3,1940.53,6,4,2,0,1,0,Standard,5129.15,25.25,322,Yes,234.61,793.96,High_spent_Medium_value_payments,Good,0
55,15000.0,916.39,5,3,0,3,0,1,Bad,3003.28,21.63,375,No,298.26,229.72,Low_spent_Large_value_payments,Standard,1
30,28010.53,1864.39,7,4,4,5,3,2,Bad,2682.7,11.3,55,Yes,61.31,1070.99,High_spent_Large_value_payments,Poor,1
48,58471.29,3938.94,4,3,3,27,8,5,Standard,15273.26,18.41,323,Yes,349.3,2205.7,Low_spent_Medium_value_payments,Poor,1
64,30381.05,2034.47,1,3,2,1,2,4,Standard,1875.67,43.42,335,No,85.24,747.62,High_spent_Large_value_payments,Standard,0
53,31324.94,2171.72,3,3,2,14,9,2,Good,7252.33,14.9,351,No,286.3,629.8,Low_spent_Large_value_payments,Good,0
62,65632.48,4283.81,6,5,2,3,0,3,Good,20398.12,75.37,221,Yes,850.93,1415.49,Low_spent_Medium_value_payments,Poor,1
41,23690.18,1455.92,2,2,2,0,0,2,Good,9315.5,39.84,126,Yes,378.18,557.8,High_spent_Medium_value_payments,Standard,0
69,15000.0,947.03,3,7,2,9,2,3,Standard,1112.21,49.81,229,No,47.68,545.41,High_spent_Small_value_payments,Poor,0
32,32978.84,2215.4,8,7,1,0,0,1,Standard,10532.62,29.11,138,Yes,1014.64,358.38,Low_spent_Large_value_payments,Standard,0
46,27159.87,1809.99,3,9,1,0,2,2,Good,4861.05,35.21,225,Yes,352.64,738.37,High_spent_Large_value_payments,Good,0
25,20338.12,1337.28,6,4,2,0,2,3,Good,3423.65,30.96,19,No,159.06,433.66,High_spent_Medium_value_payments,Standard,1
22,32688.31,2203.15,5,6,3,2,1,5,Standard,13072.6,15.15,20,No,429.86,1012.79,Low_spent_Small_value_payments,Standard,1
46,48771.6,3263.07,3,4,2,1,1,9,Good,20178.69,17.86,91,No,901.59,909.64,High_spent_Large_value_payments,Standard,1
64,36113.67,2511.62,3,6,4,0,2,5,Standard,3707.7,47.05,264,Yes,84.63,1512.88,High_spent_Medium_value_payments,Standard,1
21,43660.04,2896.78,2,5,2,9,4,3,Good,24965.46,31.49,28,Yes,991.99,828.98,Low_spent_Small_value_payments,Poor,1
29,107801.26,7377.36,1,6,1,3,1,3,Bad,22646.01,7.13,65,Yes,1894.37,1868.01,High_spent_Medium_value_payments,Poor,1
62,29562.82,1853.42,3,6,3,2,0,0,Good,8044.98,63.18,121,No,244.66,621.44,Low_spent_Medium_value_payments,Standard,1
19,42916.39,2890.29,4,7,3,8,4,4,Good,16288.49,17.51,6,Yes,459.17,951.17,Low_spent_Large_value_payments,Poor,0
44,26754.88,1866.79,4,4,2,2,4,2,Good,9809.9,33.67,219,No,332.09,557.2,High_spent_Small_value_payments,Good,0
48,21854.98,1402.63,3,4,1,0,2,6,Standard,13866.16,18.35,192,Yes,981.84,50.0,Low_spent_Small_value_payments,Poor,1
68,25566.94,1749.81,4,5,4,0,2,2,Bad,9773.49,19.15,431,No,240.63,652.34,Low_spent_Small_value_payments,Good,0
68,27248.26,1848.85,3,5,1,2,2,3,Standard,5970.21,60.49,432,Yes,539.15,608.1,Low_spent_Small_value_payments,Standard,0
53,45057.08,2732.48,6,2,1,6,1,1,Bad,15011.91,29.7,321,Yes,1447.4,50.0,High_spent_Medium_value_payments,Poor,1
53,148664.22,9856.39,3,1,1,4,1,1,Standard,35508.36,21.87,318,Yes,2617.48,1407.03,Low_spent_Large_value_payments,Good,0
43,23632.4,1451.27,4,9,4,10,3,3,Standard,3500.07,7.06,201,Yes,73.31,602.64,High_spent_Small_value_payments,Standard,0
60,28283.24,1993.38,2,6,2,0,0,0,Bad,6114.08,34.63,307,Yes,248.0,974.71,High_spent_Medium_value_payments,Standard,1
44,34965.82,2405.31,5,6,3,3,5,5,Good,12809.14,11.52,81,Yes,375.76,765.5,High_spent_Large_value_payments,Standard,1
22,46049.83,2817.73,1,4,0,8,3,3,Standard,9941.62,14.05,15,Yes,710.47,717.75,Low_spent_Small_value_payments,Poor,1
37,42537.04,2608.33,2,2,5,6,1,2,Standard,13013.38,41.6,182,No,211.54,870.98,Low_spent_Large_value_payments,Standard,0
28,78468.89,5213.48,7,8,4,1,2,4,Good,18123.52,42.61,94,Yes,407.05,3138.09,High_spent_Medium_value_payments,Standard,1
27,15000.0,956.04,4,4,2,1,3,2,Bad,6917.45,33.67,61,No,291.31,369.43,High_spent_Large_value_payments,Poor,1
57,15000.0,905.67,5,1,1,2,0,1,Good,4738.02,54.8,357,Yes,335.49,295.11,High_spent_Large_value_payments,Good,0
55,26969.8,1776.44,6,8,6,0,0,4,Good,10362.42,15.85,176,Yes,146.11,641.62,Low_spent_Small_value_payments,Good,0
23,70149.23,4503.7,9,3,2,0,1,3,Good,11803.31,13.48,12,No,538.09,1679.23,High_spent_Small_value_payments,Good,0
25,15000.0,916.42,8,5,0,2,1,4,Standard,2514.98,47.43,39,Yes,223.35,232.12,High_spent_Large_value_payments,Poor,0
40,15000.0,1030.31,4,3,1,6,3,2,Bad,9210.26,21.69,210,Yes,721.22,50.0,Low_spent_Medium_value_payments,Poor,0
64,51159.71,3576.75,4,6,1,4,1,4,Good,12292.76,6.16,128,Yes,961.66,497.88,Low_spent_Medium_value_payments,Good,1
43,42032.33,2866.46,2,5,1,25,7,1,Standard,13922.44,49.83,81,Yes,1290.61,253.52,Low_spent_Medium_value_payments,Poor,1
63,18880.31,1301.03,8,4,3,2,2,3,Bad,4618.86,24.84,243,Yes,133.39,636.89,Low_spent_Large_value_payments,Poor,1
60,20104.04,1253.39,9,4,1,9,2,6,Standard,1540.42,14.11,224,Yes,140.64,653.39,Low_spent_Medium_value_payments,Standard,1
29,20295.49,1275.68,2,3,1,2,2,2,Standard,7245.96,47.2,75,No,593.18,275.7,Low_spent_Small_value_payments,Poor,1
43,38805.65,2416.0,6,2,1,1,1,0,Good,13162.86,25.01,168,No,962.69,438.03,High_spent_Large_value_payments,Good,0
30,24939.57,1703.08,4,6,2,3,1,2,Standard,3170.62,5.19,32,Yes,158.05,752.87,High_spent_Small_value_payments,Standard,1
57,48846.52,3432.4,6,5,1,3,0,4,Standard,16612.4,35.8,271,No,1556.41,94.41,Low_spent_Small_value_payments,Standard,1
35,15000.0,1016.49,3,6,5,1,0,6,Bad,6228.38,42.82,57,Yes,114.7,298.99,Low_spent_Small_value_payments,Poor,1
42,21717.83,1510.46,4,7,2,10,7,2,Good,6429.81,47.36,199,Yes,312.86,431.62,High_spent_Small_value_payments,Poor,1
50,18478.58,1236.57,5,8,3,13,4,3,Good,7351.45,40.75,329,Yes,242.97,494.97,Low_spent_Small_value_payments,Standard,1
64,31138.35,1999.07,7,8,1,3,1,5,Bad,5822.25,17.47,495,Yes,460.43,938.42,High_spent_Medium_value_payments,Standard,1
57,26295.98,1699.05,2,3,0,5,2,5,Bad,6930.6,18.19,238,No,482.07,201.04,Low_spent_Small_value_payments,Poor,1
60,58612.68,3564.59,8,10,2,5,2,1,Good,27551.18,43.0,329,No,1238.53,360.59,High_spent_Large_value_payments,Good,0
29,15000.0,905.11,4,7,1,1,2,4,Standard,2452.88,24.06,75,Yes,234.1,331.38,Low_spent_Small_value_payments,Poor,0
61,37320.38,2520.41,5,2,3,5,1,4,Good,22943.15,15.61,167,No,686.17,443.01,High_spent_Large_value_payments,Good,0
53,50767.0,3287.15,7,7,1,2,0,3,Standard,3196.0,34.73,223,Yes,272.24,1497.95,High_spent_Large_value_payments,Standard,0
65,110634.63,7299.93,3,4,4,2,1,4,Standard,38632.88,37.87,485,No,819.65,2195.93,High_spent_Small_value_payments,Good,0
21,27199.13,1796.27,1,7,2,10,3,2,Good,17737.03,21.25,20,Yes,632.49,90.59,Low_spent_Medium_value_payments,Poor,1
22,44120.3,2779.8,2,7,1,4,1,4,Standard,18001.08,6.82,36,No,1327.93,301.08,High_spent_Small_value_payments,Standard,0
54,15000.0,977.33,5,4,3,13,4,4,Standard,773.46,17.21,262,No,18.63,604.2,High_spent_Medium_value_payments,Standard,1
25,15000.0,976.5,4,9,2,6,2,2,Good,2679.42,35.45,45,No,107.53,356.8,Low_spent_Medium_value_payments,Standard,1
59,60286.57,3870.88,4,12,2,4,3,2,Standard,12342.45,32.82,122,Yes,520.17,1916.63,Low_spent_Medium_value_payments,Standard,0
66,36194.55,2493.47,5,6,3,6,2,3,Good,6585.23,14.0,494,Yes,183.03,1474.07,Low_spent_Large_value_payments,Good,0
45,73652.08,4779.11,6,4,0,2,2,2,Bad,30763.99,30.15,95,Yes,2342.23,567.05,Low_spent_Small_value_payments,Poor,1
48,15929.98,1059.97,2,4,1,3,1,2,Bad,5055.83,37.3,255,No,369.65,188.1,High_spent_Small_value_payments,Poor,1
26,49609.68,3457.87,8,8,0,2,1,1,Bad,8009.44,29.51,39,Yes,693.71,1068.38,High_spent_Large_value_payments,Poor,1
68,111445.47,7732.55,7,1,0,8,3,4,Bad,9305.1,9.36,251,No,722.01,3895.37,High_spent_Medium_value_payments,Good,1
46,46715.13,3253.53,3,5,2,1,2,2,Good,8406.06,30.83,188,No,293.31,1248.52,High_spent_Medium_value_payments,Good,0
31,42870.92,2697.65,4,4,2,4,3,1,Good,16363.38,31.72,82,Yes,708.17,1053.79,High_spent_Large_value_payments,Standard,0
57,36502.41,2203.98,5,8,2,2,0,4,Standard,16769.64,19.87,121,Yes,779.82,462.67,Low_spent_Medium_value_payments,Poor,0
58,15000.0,942.42,2,8,0,14,3,3,Standard,1372.3,35.98,150,Yes,94.06,310.48,Low_spent_Large_value_payments,Poor,1
39,81907.33,5161.75,5,2,0,9,3,2,Bad,31200.1,46.72,213,No,2427.12,323.28,Low_spent_Large_value_payments,Poor,1
28,25171.95,1758.3,8,5,2,13,4,4,Good,13063.44,71.5,59,Yes,477.67,352.66,Low_spent_Medium_value_payments,Poor,1
40,49152.84,3294.89,2,8,2,2,1,4,Bad,2138.68,23.53,123,No,96.08,1254.35,High_spent_Small_value_payments,Standard,1
18,15000.0,913.28,4,5,1,2,2,3,Standard,2691.13,23.1,6,Yes,258.5,334.1,High_spent_Small_value_payments,Poor,1
63,17895.85,1100.0,2,4,1,1,0,1,Standard,5159.15,26.52,195,Yes,374.99,165.13,Low_spent_Large_value_payments,Standard,0
54,85909.74,5299.47,5,4,3,1,2,4,Good,20364.33,45.48,113,No,662.42,1700.84,High_spent_Medium_value_payments,Good,0
38,29484.46,1970.43,5,5,5,2,3,1,Bad,6359.36,17.71,198,Yes,96.73,1266.62,High_spent_Medium_value_payments,Poor,1
43,86852.39,5903.1,3,6,2,0,0,2,Bad,29969.7,25.81,88,No,1094.64,2782.07,Low_spent_Large_value_payments,Standard,1
63,34650.3,2401.71,7,4,2,27,9,1,Standard,10613.95,27.51,347,Yes,526.33,549.44,Low_spent_Medium_value_payments,Poor,1
53,15000.0,1052.85,4,6,3,0,4,3,Good,2892.66,35.48,289,Yes,89.28,380.87,High_spent_Medium_value_payments,Good,0
40,62021.76,3856.83,5,6,3,6,2,4,Standard,3558.71,24.35,54,Yes,93.15,1712.95,Low_spent_Large_value_payments,Standard,1
18,25490.59,1614.98,3,9,2,8,4,2,Good,10061.45,5.81,6,Yes,431.23,639.09,High_spent_Large_value_payments,Standard,1
68,55227.33,3457.42,6,8,2,15,3,3,Good,17878.05,46.25,533,Yes,758.33,1511.66,High_spent_Small_value_payments,Standard,0
57,36869.01,2355.44,4,3,1,1,1,3,Bad,7317.89,23.85,371,Yes,521.22,802.85,Low_spent_Large_value_payments,Standard,1
32,15000.0,1048.63,5,6,1,10,3,2,Bad,4533.41,30.51,80,Yes,444.26,138.47,High_spent_Medium_value_payments,Poor,1
38,40077.76,2654.37,4,3,2,1,2,4,Good,3667.64,17.93,50,Yes,157.17,1608.01,Low_spent_Medium_value_payments,Good,0
64,135636.51,9222.89,4,6,3,3,4,6,Standard,5109.44,32.17,461,Yes,155.26,3699.74,Low_spent_Large_value_payments,Good,0
26,48814.95,3188.09,7,3,2,4,3,8,Standard,17238.57,38.78,75,Yes,803.43,839.11,High_spent_Small_value_payments,Poor,1
26,35083.61,2115.98,2,6,3,3,1,2,Standard,9095.04,40.0,82,Yes,259.53,1032.17,High_spent_Medium_value_payments,Poor,1
27,69231.14,4202.02,5,3,1,0,2,4,Standard,20245.6,29.27,96,Yes,1578.77,193.69,High_spent_Large_value_payments,Poor,1
69,41208.55,2712.66,2,3,0,22,6,4,Standard,11750.39,9.2,220,Yes,995.17,240.25,High_spent_Medium_value_payments,Poor,1
43,41180.52,2791.5,2,5,2,0,2,1,Standard,6351.58,36.99,117,No,315.28,837.9,Low_spent_Medium_value_payments,Standard,0
58,18864.27,1175.86,5,6,2,0,1,4,Bad,1879.69,47.86,226,Yes,87.82,666.17,Low_spent_Small_value_payments,Poor,1
52,41785.67,2833.93,4,10,2,0,1,5,Standard,18213.04,24.17,106,Yes,910.52,482.17,High_spent_Small_value_payments,Poor,1
69,67593.43,4649.23,2,5,3,6,4,3,Standard,15345.39,37.89,535,Yes,364.84,1617.62,Low_spent_Large_value_payments,Good,0
42,21990.43,1417.55,3,5,0,0,1,0,Good,9310.77,53.47,208,Yes,651.52,50.0,High_spent_Medium_value_payments,Standard,0
43,85365.52,5812.21,3,1,1,1,0,7,Standard,19423.9,76.3,69,Yes,1752.58,979.88,High_spent_Small_value_payments,Poor,1
28,34371.27,2212.72,3,3,1,3,0,4,Standard,6533.9,35.26,81,Yes,580.28,718.94,High_spent_Large_value_payments,Poor,1
55,21318.67,1435.79,4,5,2,1,2,2,Bad,12344.24,29.86,130,Yes,476.87,466.9,Low_spent_Medium_value_payments,Poor,1
19,66077.21,4511.53,5,6,5,8,3,4,Good,2236.66,23.72,8,Yes,36.31,1820.51,Low_spent_Small_value_payments,Standard,0
24,30574.56,2163.02,8,6,2,3,0,2,Standard,11253.32,50.48,47,No,409.24,839.88,Low_spent_Small_value_payments,Poor,0
35,57280.12,3651.14,3,5,2,11,5,6,Bad,13855.36,53.98,120,Yes,548.51,1924.93,High_spent_Large_value_payments,Poor,1
44,30483.62,1964.76,8,3,0,10,3,5,Bad,6889.43,25.25,135,No,672.59,523.3,Low_spent_Medium_value_payments,Poor,1
51,35035.05,2164.96,1,3,0,3,1,2,Good,15552.15,20.19,273,No,1224.93,50.0,High_spent_Small_value_payments,Good,0
44,48831.76,3037.86,4,6,1,1,1,3,Good,29932.02,44.63,125,Yes,2126.5,50.0,High_spent_Small_value_payments,Poor,0
34,43240.73,2919.26,7,7,0,2,1,4,Standard,5851.05,28.74,41,Yes,441.63,1297.02,Low_spent_Large_value_payments,Poor,0
60,15000.0,1049.02,3,3,1,10,5,4,Good,2691.13,12.35,423,Yes,224.55,302.47,Low_spent_Small_value_payments,Good,0
61,18531.99,1191.14,2,4,3,8,2,0,Standard,3008.79,41.01,143,No,82.75,722.37,High_spent_Small_value_payments,Standard,0
68,63427.07,3929.2,3,4,4,1,4,5,Bad,12900.01,27.47,448,Yes,225.27,2429.73,High_spent_Large_value_payments,Standard,0
41,33547.51,2116.46,7,7,2,3,2,2,Standard,4340.18,12.05,126,Yes,152.6,1209.56,High_spent_Small_value_payments,Standard,1
42,26522.83,1722.12,4,8,2,6,1,2,Good,7659.77,3.68,149,Yes,285.82,763.69,High_spent_Large_value_payments,Good,0
24,16072.35,1014.95,3,5,1,1,0,3,Bad,948.77,4.87,27,Yes,86.38,342.56,High_spent_Medium_value_payments,Poor,1
69,18999.32,1188.04,7,8,2,6,1,4,Good,6437.82,34.6,181,Yes,262.95,536.5,Low_spent_Small_value_payments,Standard,1
23,15000.0,1019.6,4,4,2,0,0,2,Standard,1741.69,8.95,14,Yes,61.53,638.52,Low_spent_Large_value_payments,Standard,0
41,34174.38,2053.37,2,4,2,3,1,2,Good,15638.64,39.0,58,Yes,698.89,653.91,Low_spent_Large_value_payments,Poor,1
50,25360.23,1669.76,4,5,2,2,0,4,Standard,3643.21,30.07,232,No,122.22,799.85,High_spent_Large_value_payments,Standard,0
66,20333.95,1394.89,5,6,0,0,5,2,Good,5194.48,7.43,476,Yes,449.43,194.52,High_spent_Large_value_payments,Good,0
46,34861.07,2192.21,6,3,3,9,4,1,Standard,17807.47,28.36,120,Yes,464.21,426.31,High_spent_Large_value_payments,Poor,1
60,45178.76,3006.0,6,6,3,1,3,1,Standard,24629.72,56.23,128,No,560.56,1277.08,Low_spent_Large_value_payments,Poor,1
39,127506.01,8574.32,2,5,1,1,1,1,Bad,10657.94,27.82,143,Yes,754.27,3764.8,Low_spent_Large_value_payments,Standard,0
43,15000.0,1006.44,3,3,5,4,1,3,Good,2101.92,37.97,164,No,38.51,469.72,Low_spent_Small_value_payments,Good,0
45,72811.46,4720.37,8,7,1,10,5,5,Standard,8302.19,58.51,231,No,621.73,1397.75,High_spent_Small_value_payments,Poor,1
67,65111.79,4151.18,4,7,2,8,3,4,Standard,8195.82,33.0,198,Yes,310.45,1686.63,High_spent_Medium_value_payments,Standard,0
38,22755.1,1571.37,4,7,2,0,3,2,Good,11789.84,6.04,192,Yes,488.76,547.43,High_spent_Medium_value_payments,Good,0
66,41025.19,2798.59,3,3,2,2,1,4,Bad,24620.35,40.9,142,No,884.74,531.12,High_spent_Small_value_payments,Poor,1
24,27595.83,1751.79,3,6,3,14,7,5,Bad,8036.98,7.09,40,No,265.12,641.96,Low_spent_Small_value_payments,Poor,0
34,40595.53,2481.04,3,4,2,1,0,4,Bad,23400.86,9.43,124,Yes,928.28,531.8,High_spent_Small_value_payments,Poor,1
37,89812.43,5458.61,5,4,1,3,2,4,Bad,41300.1,35.53,83,Yes,3367.34,50.0,High_spent_Medium_value_payments,Poor,1
58,52227.46,3186.99,7,4,1,0,2,2,Standard,3462.09,51.31,113,Yes,239.2,1135.63,Low_spent_Small_value_payments,Poor,1
66,49274.65,3267.62,11,5,1,0,0,4,Good,18556.44,23.7,151,No,1582.02,594.44,High_spent_Medium_value_payments,Good,0
37,28051.98,1698.82,4,1,1,1,1,4,Standard,7164.38,32.24,186,Yes,668.19,301.54,Low_spent_Medium_value_payments,Poor,1
39,15000.0,954.75,4,2,2,1,1,1,Good,6412.04,41.53,50,Yes,258.78,190.34,Low_spent_Large_value_payments,Standard,1
45,32045.73,2184.23,3,4,2,4,3,3,Good,19069.56,25.81,125,Yes,688.39,362.0,Low_spent_Small_value_payments,Standard,1
57,74904.17,4733.1,3,2,1,1,0,3,Standard,46423.28,28.78,414,No,3134.23,50.0,Low_spent_Medium_value_payments,Standard,1
66,15000.0,1024.04,7,3,4,4,4,4,Good,3404.64,16.38,268,Yes,66.6,500.33,High_spent_Large_value_payments,Good,0
24,19282.37,1312.66,2,6,2,10,5,1,Bad,3227.22,19.6,20,Yes,153.89,420.04,High_spent_Medium_value_payments,Poor,1
18,39173.69,2454.75,5,2,0,8,4,5,Good,22084.32,14.1,6,Yes,1546.63,97.09,High_spent_Medium_value_payments,Poor,1
49,20114.72,1365.7,7,5,2,6,3,3,Good,3788.28,27.47,318,Yes,186.64,746.18,Low_spent_Large_value_payments,Good,0
30,22572.46,1537.21,3,5,4,0,0,6,Standard,10731.58,51.61,117,Yes,257.02,683.09,High_spent_Small_value_payments,Poor,1
47,28165.15,1811.18,4,3,1,1,0,2,Good,7269.81,31.91,90,No,494.71,655.61,High_spent_Large_value_payments,Good,0
40,16004.57,996.76,2,4,1,2,2,7,Standard,7666.01,14.4,161,No,532.01,50.0,Low_spent_Large_value_payments,Standard,1
68,20242.24,1328.84,6,2,1,5,4,1,Good,4163.59,26.72,380,No,339.34,472.06,Low_spent_Large_value_payments,Good,0
36,55384.59,3875.91,2,5,4,1,2,3,Good,10238.7,31.19,149,Yes,177.47,2094.74,Low_spent_Medium_value_payments,Good,0
49,16573.8,1109.27,4,5,3,0,2,3,Standard,9803.86,23.77,110,No,321.72,358.9,Low_spent_Small_value_payments,Standard,0
47,15000.0,928.1,4,4,3,7,2,5,Standard,7783.14,9.65,112,No,174.95,431.57,High_spent_Medium_value_payments,Standard,1
46,24884.12,1677.1,5,8,0,11,3,4,Standard,3671.8,35.64,288,Yes,360.09,673.5,High_spent_Medium_value_payments,Poor,0
66,56340.75,3641.19,3,6,4,5,3,2,Bad,6153.22,29.18,370,Yes,135.73,2407.99,High_spent_Small_value_payments,Standard,1
62,32268.5,2142.89,3,2,3,2,2,4,Bad,12700.79,18.79,235,No,359.25,665.7,Low_spent_Medium_value_payments,Poor,1
46,27481.03,1867.4,5,8,1,5,2,1,Standard,7626.82,19.39,268,No,674.74,130.5,High_spent_Large_value_payments,Good,0
47,37295.03,2445.76,1,5,1,6,1,3,Bad,17231.46,20.0,197,Yes,1222.1,277.67,Low_spent_Medium_value_payments,Poor,1
33,15000.0,1032.27,4,6,1,0,2,3,Good,4212.26,11.28,49,Yes,386.11,319.87,Low_spent_Large_value_payments,Standard,1
57,48865.33,3314.21,4,5,2,9,4,3,Good,14465.31,27.05,343,Yes,545.31,1581.28,Low_spent_Medium_value_payments,Good,0
36,45709.48,3047.14,8,4,1,6,5,4,Standard,20092.65,22.74,170,Yes,1859.97,175.84,Low_spent_Large_value_payments,Poor,0
35,28407.68,1750.87,4,3,3,3,2,5,Good,3256.29,29.81,47,Yes,102.26,801.78,High_spent_Small_value_payments,Standard,1
18,66406.8,4585.8,3,5,7,0,2,3,Standard,21360.27,12.99,6,No,247.66,1890.72,High_spent_Medium_value_payments,Standard,0
31,18462.6,1294.95,3,4,1,8,4,0,Bad,5250.94,36.85,55,No,429.83,237.33,Low_spent_Medium_value_payments,Poor,1
68,71449.44,4392.98,2,4,2,2,2,3,Good,11121.0,41.83,180,No,410.61,2271.78,Low_spent_Medium_value_payments,Good,0
64,39842.77,2601.31,2,5,3,0,1,1,Standard,16271.16,33.85,383,No,467.19,817.6,Low_spent_Large_value_payments,Good,0
67,29675.24,1863.74,4,1,2,24,6,2,Bad,9114.32,54.08,155,Yes,316.49,548.55,High_spent_Large_value_payments,Poor,1
19,35885.04,2446.43,3,4,0,4,4,1,Standard,18131.93,32.66,6,Yes,1385.2,150.97,Low_spent_Large_value_payments,Poor,1
45,34051.9,2309.32,4,3,3,7,2,2,Bad,12356.99,43.72,290,Yes,297.53,690.0,High_spent_Medium_value_payments,Poor,1
66,75521.28,4646.54,7,6,4,0,0,2,Good,35573.56,39.29,334,Yes,855.82,2391.63,Low_spent_Small_value_payments,Good,0
67,19034.2,1322.9,3,2,2,4,3,1,Good,9713.61,39.9,277,Yes,437.32,324.94,Low_spent_Large_value_payments,Standard,1
47,22982.5,1424.01,4,6,2,6,4,3,Good,10458.81,41.26,152,No,479.69,446.33,Low_spent_Large_value_payments,Standard,1
55,67628.29,4641.8,3,6,1,1,0,1,Good,28340.52,18.32,231,Yes,2636.68,50.0,High_spent_Small_value_payments,Good,0
68,25404.43,1650.03,4,5,4,0,0,1,Good,13536.81,75.04,229,Yes,240.91,525.9,High_spent_Medium_value_payments,Standard,0
21,62337.59,3961.95,2,3,2,7,2,2,Standard,4320.11,59.32,30,Yes,206.89,2101.1,High_spent_Medium_value_payments,Poor,1
18,100675.89,6213.14,2,4,1,1,1,3,Standard,22095.0,38.43,6,Yes,1951.95,807.18,Low_spent_Large_value_payments,Poor,1
25,28536.04,1763.98,2,4,2,4,3,1,Bad,16303.25,23.11,73,Yes,597.57,602.87,High_spent_Medium_value_payments,Poor,1
46,54656.17,3671.28,2,4,1,7,5,2,Good,23042.29,28.22,282,Yes,2254.5,108.41,High_spent_Medium_value_payments,Standard,0
56,18174.68,1198.86,4,4,3,0,2,3,Standard,4479.24,26.95,389,Yes,121.35,524.76,High_spent_Medium_value_payments,Good,0
20,57116.02,3502.5,7,5,4,3,1,5,Good,21907.51,1.56,12,Yes,430.72,1285.9,High_spent_Small_value_payments,Standard,1
49,40931.47,2505.86,6,3,1,7,4,2,Standard,10520.49,15.79,146,Yes,801.02,213.51,High_spent_Small_value_payments,Poor,0
27,48234.17,2931.84,4,5,3,0,2,2,Standard,26139.54,17.83,48,Yes,767.13,630.04,High_spent_Large_value_payments,Poor,0
27,24653.07,1677.83,4,4,2,0,2,2,Standard,4418.58,14.48,79,Yes,180.48,905.84,Low_spent_Medium_value_payments,Standard,0
36,15000.0,1015.68,5,3,3,2,0,6,Good,1904.09,29.37,63,Yes,45.97,597.18,Low_spent_Large_value_payments,Standard,0
63,49116.55,2978.08,3,6,4,8,4,3,Standard,4369.16,35.06,109,No,100.84,1642.5,High_spent_Medium_value_payments,Standard,1
51,15000.0,991.04,4,3,1,1,3,1,Standard,4091.43,15.5,275,Yes,294.34,102.08,Low_spent_Large_value_payments,Standard,0
50,30019.12,1828.68,6,4,4,1,1,3,Bad,7769.81,16.92,214,Yes,154.9,686.88,Low_spent_Small_value_payments,Poor,1
40,63876.65,4457.99,7,6,2,0,1,6,Standard,20679.35,8.79,189,Yes,884.73,2142.07,High_spent_Medium_value_payments,Standard,1
45,40747.05,2845.25,2,6,2,1,1,2,Standard,4152.69,4.38,208,No,141.66,1075.41,Low_spent_Medium_value_payments,Good,0
49,116891.99,7897.71,5,4,3,3,3,2,Good,6369.46,8.73,115,No,191.2,3872.52,Low_spent_Medium_value_payments,Good,0
67,67175.61,4704.56,4,5,1,8,3,5,Bad,12320.73,10.88,385,No,851.48,1118.35,High_spent_Medium_value_payments,Standard,0
24,24530.22,1687.45,5,2,0,0,1,3,Good,609.67,25.81,63,No,41.31,1041.39,Low_spent_Small_value_payments,Good,0
46,36915.55,2546.28,3,6,1,1,2,1,Good,913.17,28.24,205,Yes,74.18,993.23,High_spent_Large_value_payments,Good,0
25,35297.86,2335.72,6,4,4,1,0,2,Standard,4581.76,70.09,28,No,94.26,1161.31,High_spent_Medium_value_payments,Poor,1
18,15000.0,949.73,2,1,0,4,2,6,Standard,10214.76,78.89,6,Yes,664.81,50.0,High_spent_Medium_value_payments,Poor,1
20,20655.99,1288.1,5,3,1,3,0,6,Bad,7993.26,74.45,7,Yes,640.48,50.0,Low_spent_Medium_value_payments,Poor,1
41,25940.05,1648.35,6,5,1,2,1,4,Standard,2859.33,29.57,191,No,198.53,889.41,High_spent_Small_value_payments,Standard,0
40,15000.0,1002.13,2,4,2,11,4,4,Standard,5499.81,41.91,203,Yes,240.28,178.06,Low_spent_Large_value_payments,Poor,1
25,37365.24,2311.8,2,5,0,7,1,2,Good,6439.11,26.22,26,Yes,589.69,946.93,High_spent_Large_value_payments,Standard,0
64,31274.45,1964.1,5,4,2,3,0,2,Bad,5024.67,39.47,489,Yes,185.09,690.45,Low_spent_Medium_value_payments,Standard,0
54,15000.0,976.06,2,7,0,4,2,2,Standard,7768.25,13.14,287,Yes,564.36,50.0,Low_spent_Medium_value_payments,Standard,0
20,46282.89,2893.82,5,4,1,1,1,1,Standard,18468.62,22.1,11,No,1253.42,576.25,Low_spent_Large_value_payments,Standard,0
68,55799.69,3703.81,4,10,4,18,6,4,Good,26870.65,34.9,246,No,553.07,1254.57,Low_spent_Large_value_payments,Poor,1
50,41615.2,2913.11,5,3,1,1,2,2,Standard,7957.44,25.76,277,No,713.78,481.08,Low_spent_Large_value_payments,Good,0
45,29898.37,2036.21,6,5,3,4,3,3,Good,3389.42,7.31,183,No,102.33,1268.7,High_spent_Medium_value_payments,Good,0
64,51785.49,3481.0,5,3,4,8,3,1,Good,16450.65,19.05,247,Yes,278.68,1237.82,High_spent_Small_value_payments,Good,0
25,54618.73,3621.92,4,2,3,19,4,0,Good,17850.42,47.23,23,No,588.86,1001.2,High_spent_Large_value_payments,Poor,1
51,43671.11,2851.12,6,5,3,6,6,1,Good,15048.74,31.21,248,No,498.98,1323.81,Low_spent_Medium_value_payments,Good,1
52,22142.02,1373.27,7,13,1,0,2,3,Standard,5961.63,50.29,220,No,561.77,103.05,High_spent_Small_value_payments,Standard,1
49,42871.41,2987.82,5,5,2,1,0,2,Good,10953.55,15.84,261,No,490.62,1144.77,Low_spent_Small_value_payments,Good,0
41,74405.74,4664.68,3,5,2,4,2,3,Bad,12620.23,28.24,245,No,498.06,1713.75,High_spent_Large_value_payments,Standard,1
31,25387.76,1548.38,2,5,0,0,3,4,Good,4470.63,12.21,80,Yes,356.23,611.08,Low_spent_Large_value_payments,Standard,0
49,127869.26,8711.11,2,5,4,4,2,5,Good,36933.9,11.84,327,Yes,894.9,4261.15,High_spent_Medium_value_payments,Good,0
63,26492.62,1639.96,2,3,5,6,3,1,Bad,2545.39,30.04,123,Yes,38.62,932.73,Low_spent_Large_value_payments,Poor,0
60,37028.54,2370.9,3,5,1,6,2,4,Good,14995.31,19.53,304,Yes,1437.27,50.0,High_spent_Small_value_payments,Standard,0
33,24258.17,1462.92,3,6,1,3,0,0,Good,7460.32,41.04,140,Yes,534.77,299.29,Low_spent_Small_value_payments,Standard,1
21,41521.33,2552.93,4,7,3,0,2,6,Good,2944.15,38.29,12,Yes,76.08,995.54,High_spent_Small_value_payments,Standard,1
69,15000.0,928.15,6,4,1,2,1,3,Standard,9981.24,23.83,343,No,649.7,50.0,Low_spent_Medium_value_payments,Good,0
54,26170.16,1585.64,5,3,3,1,3,3,Standard,7812.52,7.78,333,Yes,227.35,595.15,High_spent_Medium_value_payments,Good,0
38,18858.66,1265.68,3,7,4,9,4,3,Bad,3888.3,3.68,131,Yes,88.92,594.29,Low_spent_Medium_value_payments,Poor,1
31,39387.47,2720.4,5,3,3,13,5,0,Good,6876.16,52.2,95,Yes,163.34,1562.42,Low_spent_Small_value_payments,Poor,0
48,65951.07,4223.79,4,7,3,11,3,2,Standard,27624.26,25.88,87,No,736.67,1698.13,High_spent_Large_value_payments,Poor,1
65,53508.92,3717.51,2,4,1,3,2,4,Standard,19261.57,10.49,456,No,1522.82,713.26,High_spent_Medium_value_payments,Good,0
35,15000.0,934.67,3,8,0,1,1,6,Standard,3483.45,63.54,41,Yes,267.22,144.09,Low_spent_Medium_value_payments,Poor,1
24,123653.9,7855.12,2,5,1,8,4,2,Good,11630.39,47.6,40,Yes,950.29,4287.14,Low_spent_Large_value_payments,Standard,0
27,43354.59,2672.07,4,4,1,3,3,2,Good,10182.76,39.44,57,Yes,926.88,393.34,High_spent_Large_value_payments,Poor,1
24,22790.53,1520.65,5,3,2,6,2,2,Good,7558.4,32.74,18,Yes,322.2,509.12,High_spent_Large_value_payments,Poor,0
50,39905.79,2575.86,8,5,2,1,1,7,Standard,5518.27,14.07,138,Yes,230.35,1413.54,High_spent_Medium_value_payments,Standard,0
40,40364.82,2690.07,5,2,0,11,4,4,Good,8244.48,17.06,187,Yes,691.94,1036.67,High_spent_Medium_value_payments,Standard,1
38,24340.35,1661.26,3,9,3,13,4,3,Bad,7085.89,11.31,198,No,213.49,859.26,High_spent_Small_value_payments,Poor,0
36,40894.46,2695.43,3,3,1,1,3,3,Bad,3812.02,52.51,68,Yes,324.71,971.14,Low_spent_Small_value_payments,Poor,1
65,25223.13,1684.89,4,3,2,3,1,1,Bad,8717.42,46.99,491,Yes,393.66,773.71,Low_spent_Large_value_payments,Poor,1
36,28492.12,1998.21,4,6,2,5,5,1,Standard,13697.18,30.56,70,Yes,571.32,370.7,High_spent_Small_value_payments,Poor,1
53,24058.23,1521.44,2,2,3,1,3,6,Standard,1295.19,39.5,264,Yes,38.75,990.18,Low_spent_Large_value_payments,Poor,0
46,15373.45,982.22,4,6,3,0,2,5,Good,998.24,34.61,220,Yes,31.59,652.65,Low_spent_Medium_value_payments,Standard,1
35,39636.35,2686.36,4,6,3,1,2,3,Bad,3495.51,13.96,136,No,80.73,1485.21,High_spent_Medium_value_payments,Standard,0
19,51594.98,3437.39,4,4,1,9,2,6,Standard,13439.11,22.61,8,Yes,1233.09,1141.79,High_spent_Large_value_payments,Poor,1
18,49460.53,3063.29,4,2,1,1,3,3,Standard,13015.38,28.59,6,No,1220.9,50.0,Low_spent_Large_value_payments,Poor,0
64,59394.4,3805.69,4,5,3,3,1,2,Standard,6240.46,81.41,120,Yes,190.5,1858.91,Low_spent_Small_value_payments,Poor,1
22,44117.16,2870.63,6,6,3,0,0,3,Standard,23824.27,64.09,27,No,590.46,1285.04,High_spent_Large_value_payments,Poor,1
37,26380.09,1702.66,4,4,1,1,0,1,Standard,6045.55,7.14,178,No,426.61,296.9,High_spent_Medium_value_payments,Good,0
28,60102.0,3722.2,3,5,3,3,1,3,Good,35326.94,12.89,72,No,1144.69,781.34,Low_spent_Large_value_payments,Standard,0
59,16082.54,1126.01,5,5,1,2,1,1,Standard,6760.92,21.5,152,Yes,527.62,171.82,High_spent_Small_value_payments,Standard,1
19,21154.27,1443.96,4,5,2,10,5,2,Bad,7338.43,44.81,6,Yes,266.99,721.62,Low_spent_Medium_value_payments,Poor,1
20,20363.1,1327.97,2,9,3,3,3,4,Standard,3860.43,51.35,13,Yes,114.79,452.8,High_spent_Medium_value_payments,Poor,1
40,69427.17,4677.12,2,5,1,6,2,3,Standard,12209.68,13.15,75,Yes,1167.26,709.03,Low_spent_Large_value_payments,Standard,1
29,63938.25,4457.81,5,5,3,4,3,3,Standard,13355.06,17.07,38,No,443.04,1558.28,High_spent_Small_value_payments,Standard,1
37,48648.84,2990.7,4,10,0,18,7,3,Good,22679.32,21.03,137,Yes,1922.38,50.0,Low_spent_Small_value_payments,Poor,1
22,69089.49,4332.77,3,4,3,3,2,4,Standard,3775.82,37.29,41,Yes,120.79,2006.46,Low_spent_Large_value_payments,Poor,1
54,21427.5,1411.63,6,5,1,1,3,5,Bad,6668.21,32.21,159,Yes,552.09,403.69,Low_spent_Large_value_payments,Poor,0
55,44763.89,3073.31,8,6,0,0,1,3,Bad,8193.54,21.92,234,Yes,694.05,928.29,High_spent_Small_value_payments,Poor,1
47,33687.95,2034.51,2,5,4,15,6,3,Good,13628.26,29.18,148,Yes,291.57,845.63,High_spent_Medium_value_payments,Poor,1
26,60362.86,4265.25,5,4,1,0,0,4,Standard,25950.47,18.45,68,No,2486.12,50.0,High_spent_Large_value_payments,Poor,0
51,33889.67,2200.39,3,3,3,2,1,4,Good,8853.97,43.2,227,Yes,220.44,1072.36,High_spent_Large_value_payments,Standard,1
61,28826.04,1841.74,4,8,1,0,1,2,Standard,10122.39,72.63,318,Yes,926.85,310.29,Low_spent_Medium_value_payments,Poor,1
52,50238.91,3173.65,3,4,3,3,1,2,Good,3032.03,50.92,233,Yes,78.77,1784.41,High_spent_Large_value_payments,Good,1
69,61432.94,3802.01,1,3,1,0,3,3,Standard,30123.44,16.17,470,No,2106.42,50.0,Low_spent_Medium_value_payments,Good,0
39,24318.51,1667.65,4,7,0,0,1,0,Standard,9566.48,50.56,82,Yes,949.08,50.0,High_spent_Small_value_payments,Poor,1
61,35008.8,2462.88,5,7,1,6,2,2,Bad,11065.95,55.06,410,Yes,1079.19,50.0,High_spent_Small_value_payments,Poor,1
41,19243.63,1240.85,1,7,1,0,2,6,Standard,6435.92,4.57,78,No,537.86,154.68,Low_spent_Medium_value_payments,Standard,0
34,15000.0,1054.77,1,5,2,5,1,4,Bad,3778.48,47.76,119,Yes,135.64,482.6,High_spent_Large_value_payments,Poor,1
27,40956.91,2822.93,2,5,3,13,3,4,Good,9889.72,39.71,59,Yes,314.69,1526.67,High_spent_Medium_value_payments,Poor,1
47,52330.95,3412.57,4,5,4,8,6,4,Good,9876.53,23.5,164,No,197.71,1695.71,Low_spent_Small_value_payments,Good,0
63,42499.18,2860.28,2,2,0,3,1,2,Bad,5143.84,54.75,307,No,430.88,1327.41,High_spent_Small_value_payments,Poor,1
40,15000.0,970.68,3,7,1,0,3,3,Bad,2371.04,32.92,100,Yes,236.27,309.52,Low_spent_Large_value_payments,Poor,1
49,29421.78,1943.39,6,6,2,15,5,1,Standard,6607.64,40.48,178,Yes,271.57,672.9,Low_spent_Medium_value_payments,Poor,0
34,15000.0,909.43,4,8,0,1,2,4,Standard,7816.62,37.57,43,No,559.55,50.0,High_spent_Large_value_payments,Poor,1
67,82604.6,5579.35,6,3,1,7,2,5,Standard,42957.54,22.15,528,Yes,3815.61,50.0,High_spent_Small_value_payments,Poor,1
68,18927.43,1146.48,4,3,3,1,2,6,Good,993.97,27.51,157,No,28.18,721.94,High_spent_Large_value_payments,Good,0
34,77129.58,5310.51,6,8,3,3,0,1,Standard,23167.45,23.69,149,Yes,561.46,3051.93,Low_spent_Large_value_payments,Standard,0
31,64056.56,4415.86,5,5,1,2,0,4,Standard,23481.05,47.69,69,Yes,1712.74,1279.85,Low_spent_Large_value_payments,Poor,1
26,21155.3,1323.65,8,4,1,8,3,5,Good,3905.54,41.2,68,Yes,380.16,164.36,High_spent_Small_value_payments,Poor,1
57,18404.11,1168.78,3,6,2,1,2,2,Standard,2607.74,33.69,205,No,88.65,503.1,High_spent_Small_value_payments,Standard,0
19,44811.59,2922.35,5,7,2,0,2,3,Good,21361.6,39.83,10,Yes,933.95,563.91,High_spent_Large_value_payments,Poor,1
62,21881.69,1454.34,3,3,0,0,2,2,Standard,9438.08,34.76,160,Yes,877.83,50.0,Low_spent_Medium_value_payments,Poor,1
42,38618.66,2437.34,4,2,4,0,0,8,Standard,6257.91,32.52,128,Yes,123.78,1556.97,Low_spent_Small_value_payments,Poor,0
56,27181.81,1805.38,3,3,1,4,1,3,Standard,9196.62,38.26,403,No,655.29,518.18,Low_spent_Large_value_payments,Good,0
26,15000.0,948.39,2,3,4,13,5,5,Good,4428.54,11.2,30,No,107.78,509.01,Low_spent_Medium_value_payments,Standard,1
39,15000.0,909.02,9,9,2,2,1,1,Good,6135.26,19.29,147,Yes,231.17,336.61,Low_spent_Medium_value_payments,Good,0
60,41606.45,2497.53,3,5,3,2,2,4,Good,16755.24,46.86,112,Yes,405.95,1339.75,Low_spent_Small_value_payments,Poor,0
63,25927.65,1584.07,2,5,1,2,0,2,Bad,3183.07,69.57,442,Yes,218.91,523.56,Low_spent_Large_value_payments,Poor,0
21,26059.72,1787.25,6,7,6,6,3,8,Good,7695.01,35.92,13,Yes,123.71,705.13,Low_spent_Medium_value_payments,Poor,0
43,55133.8,3882.27,4,5,3,9,2,3,Standard,15559.18,49.5,146,No,439.01,1654.28,High_spent_Large_value_payments,Poor,1
46,73428.35,4745.34,2,6,1,1,1,5,Good,1332.95,35.79,159,No,106.16,2624.87,Low_spent_Medium_value_payments,Good,0
62,30837.08,2021.5,2,5,4,2,0,7,Standard,2090.61,29.43,191,Yes,48.24,990.2,Low_spent_Medium_value_payments,Standard,0
51,29603.29,1823.29,4,7,1,1,1,2,Bad,6815.53,43.65,272,Yes,573.9,662.56,Low_spent_Medium_value_payments,Poor,1
40,49025.01,3234.16,6,5,1,6,2,4,Good,8954.42,26.29,154,Yes,687.91,1494.11,Low_spent_Large_value_payments,Standard,0
54,16088.16,990.5,2,4,5,1,2,3,Good,6725.39,39.62,158,Yes,107.07,348.16,Low_spent_Medium_value_payments,Standard,1
28,41518.39,2766.02,2,6,4,2,2,2,Standard,7451.41,38.54,99,No,171.32,991.87,Low_spent_Small_value_payments,Standard,0
23,50570.9,3545.54,5,4,0,18,4,3,Good,3622.82,31.97,29,Yes,273.82,2165.09,High_spent_Medium_value_payments,Poor,0
35,54619.06,3392.94,6,5,3,4,1,2,Standard,5444.35,17.02,108,No,153.46,1951.68,Low_spent_Medium_value_payments,Good,0
38,15000.0,1024.24,6,2,2,3,0,1,Standard,338.75,53.94,126,No,16.18,419.36,High_spent_Large_value_payments,Standard,1
59,22998.56,1385.77,7,6,5,1,0,1,Good,1581.62,36.41,122,Yes,30.34,545.31,High_spent_Medium_value_payments,Good,1
53,21440.61,1373.65,5,3,2,2,1,2,Standard,4296.03,32.36,108,Yes,207.2,602.97,Low_spent_Small_value_payments,Poor,1
58,38558.51,2359.77,1,3,4,1,1,4,Bad,13452.92,21.52,369,Yes,309.82,1059.51,High_spent_Large_value_payments,Standard,0
55,48457.71,3092.5,3,5,4,1,0,0,Standard,12087.06,11.37,338,Yes,252.88,1673.0,High_spent_Medium_value_payments,Good,0
51,89145.6,5516.33,4,3,5,11,2,0,Good,34699.05,76.03,285,No,578.2,2583.89,Low_spent_Medium_value_payments,Standard,0
34,26984.58,1728.2,6,4,2,12,3,4,Bad,4006.48,47.26,146,Yes,197.5,884.09,Low_spent_Medium_value_payments,Poor,1
54,26942.4,1738.41,2,2,0,11,6,8,Standard,10895.01,5.74,164,No,1005.97,150.73,Low_spent_Medium_value_payments,Poor,1
42,72388.54,4579.04,5,5,0,2,3,1,Good,10189.71,54.3,247,No,751.48,1654.14,High_spent_Medium_value_payments,Good,0
55,43388.35,2911.94,4,6,2,4,3,2,Standard,14017.99,38.92,103,No,544.2,920.96,Low_spent_Small_value_payments,Poor,1
29,77698.47,5435.34,4,5,2,4,5,6,Good,38490.38,32.39,76,Yes,1495.04,972.36,High_spent_Large_value_payments,Poor,1
40,43184.5,2778.48,8,5,2,3,3,4,Standard,17054.07,23.85,156,Yes,788.54,682.32,High_spent_Small_value_payments,Poor,1
59,18137.38,1126.04,6,5,3,1,1,0,Standard,9188.5,38.76,251,Yes,251.79,411.47,Low_spent_Small_value_payments,Standard,0
39,16319.61,1027.04,2,6,3,2,3,3,Standard,4852.1,27.63,176,No,147.15,426.59,Low_spent_Medium_value_payments,Standard,0
38,15000.0,1038.78,4,5,3,16,10,1,Bad,7556.95,16.39,101,Yes,171.62,474.98,High_spent_Medium_value_payments,Poor,1
44,54026.56,3576.17,6,4,0,8,2,3,Standard,29300.7,21.19,135,No,2503.32,50.0,High_spent_Large_value_payments,Poor,1
48,74099.06,4811.2,6,2,2,4,1,2,Standard,15277.65,67.97,92,No,589.46,2548.48,Low_spent_Small_value_payments,Poor,0
23,110152.09,6787.69,7,4,2,0,2,2,Standard,52362.33,33.51,53,Yes,1936.34,1186.98,Low_spent_Large_value_payments,Poor,1
44,60226.23,3907.0,3,6,4,2,2,2,Good,22017.87,14.88,202,No,488.78,2209.33,High_spent_Large_value_payments,Good,0
57,72962.66,4597.89,5,8,0,2,3,0,Good,12378.85,8.95,268,Yes,867.88,2101.72,Low_spent_Medium_value_payments,Good,0
51,25642.08,1800.53,7,5,3,3,1,5,Standard,3224.35,23.18,101,Yes,95.45,1118.99,Low_spent_Small_value_payments,Poor,1
29,18145.0,1262.48,2,1,4,2,1,2,Standard,3692.6,14.38,52,No,92.13,707.62,High_spent_Large_value_payments,Standard,1
62,60478.77,3683.7,2,6,1,8,3,0,Good,18305.49,13.07,312,Yes,1780.09,50.0,High_spent_Medium_value_payments,Good,0
24,46658.41,3060.66,2,3,0,3,1,7,Bad,12576.25,55.9,51,No,1159.01,961.76,High_spent_Small_value_payments,Poor,1
27,38733.75,2418.46,4,5,4,11,3,2,Standard,19876.46,32.68,64,Yes,387.44,957.71,Low_spent_Large_value_payments,Poor,1
62,45817.57,2952.95,5,4,7,14,4,3,Bad,10411.36,39.2,461,No,114.07,1490.43,High_spent_Large_value_payments,Poor,1
34,44086.61,3063.98,3,4,0,2,1,1,Good,8250.68,25.88,73,No,816.35,877.88,High_spent_Medium_value_payments,Good,0
43,78455.76,5155.7,3,4,3,1,0,5,Standard,12872.79,22.68,235,No,300.22,2521.29,High_spent_Small_value_payments,Good,0
38,78983.27,5024.97,4,5,6,7,3,3,Standard,15514.85,18.26,168,No,190.58,2117.27,High_spent_Small_value_payments,Good,0
45,50338.84,3133.7,6,3,0,10,3,3,Good,21958.5,12.8,78,Yes,2070.05,50.0,High_spent_Small_value_payments,Poor,1
63,60323.78,4142.45,6,3,0,0,0,2,Good,17870.06,50.63,240,Yes,1487.14,669.62,Low_spent_Small_value_payments,Standard,1
19,49436.17,3300.64,3,5,4,3,1,3,Standard,11428.18,63.14,10,Yes,276.38,1528.83,Low_spent_Small_value_payments,Poor,1
60,27537.34,1791.87,6,8,1,0,0,6,Standard,8219.72,29.99,152,Yes,649.68,584.68,Low_spent_Medium_value_payments,Poor,1
18,57178.82,3565.45,2,7,4,1,0,5,Standard,6881.2,19.43,6,Yes,132.22,2070.16,Low_spent_Large_value_payments,Standard,0
68,15729.65,1000.74,2,5,2,9,5,2,Good,7289.71,21.45,363,Yes,315.01,309.0,High_spent_Large_value_payments,Good,0
53,68345.77,4811.43,5,7,3,4,3,4,Good,8261.4,6.68,308,Yes,246.57,2790.19,Low_spent_Medium_value_payments,Good,0
68,17734.84,1164.01,4,8,4,3,0,2,Good,4039.41,59.45,131,Yes,89.81,642.19,High_spent_Small_value_payments,Standard,0
43,43108.78,2773.66,5,3,2,2,3,3,Good,15630.34,19.66,114,Yes,587.3,1329.19,High_spent_Medium_value_payments,Standard,0
46,21870.8,1435.79,5,1,4,0,1,0,Standard,3487.27,25.28,175,No,82.7,908.71,Low_spent_Medium_value_payments,Good,0
38,50616.53,3464.15,6,5,0,3,1,4,Good,8718.82,10.71,162,Yes,714.62,673.88,Low_spent_Medium_value_payments,Good,1
28,35583.77,2266.14,1,6,2,12,4,1,Bad,18111.97,47.13,51,No,628.58,556.52,High_spent_Large_value_payments,Poor,1
57,15000.0,929.04,7,4,1,5,4,2,Standard,460.21,23.81,266,Yes,39.14,473.25,High_spent_Small_value_payments,Standard,0
28,46743.0,3100.78,4,7,1,2,1,3,Standard,21875.71,25.0,58,Yes,1666.88,304.61,Low_spent_Large_value_payments,Poor,1
53,25674.35,1725.48,5,6,2,6,1,1,Standard,11663.07,29.1,237,No,503.44,193.13,Low_spent_Medium_value_payments,Standard,1
66,61616.69,4172.75,2,5,1,4,2,2,Bad,6818.51,35.76,388,Yes,496.73,2297.89,Low_spent_Large_value_payments,Standard,1
56,36344.4,2527.93,2,4,2,2,2,7,Good,11629.28,12.13,312,No,547.69,613.92,Low_spent_Medium_value_payments,Good,0
57,46039.39,2947.49,4,3,3,1,1,2,Bad,12065.22,32.35,157,No,291.27,1002.89,High_spent_Small_value_payments,Poor,1
52,20444.28,1243.35,7,5,3,2,1,3,Standard,5284.41,15.07,189,No,142.12,508.58,High_spent_Small_value_payments,Good,0
51,25499.16,1794.68,7,5,2,4,2,3,Bad,10334.71,67.62,156,No,350.55,631.7,High_spent_Medium_value_payments,Poor,1
64,27579.19,1784.72,3,5,2,4,3,6,Good,5501.93,43.52,247,No,242.83,743.47,Low_spent_Small_value_payments,Standard,1
41,60719.58,4053.15,8,6,0,2,0,4,Good,30415.54,49.67,123,Yes,2122.12,50.0,Low_spent_Small_value_payments,Poor,1
39,99352.19,6678.29,2,5,3,3,1,2,Standard,62482.31,13.37,57,No,1890.58,857.41,High_spent_Medium_value_payments,Poor,0
22,22401.81,1476.74,3,7,2,28,10,5,Good,9266.58,18.11,37,Yes,412.42,189.92,High_spent_Small_value_payments,Poor,1
50,69293.67,4311.7,5,7,1,6,2,3,Good,11567.64,20.06,188,No,932.44,2060.95,High_spent_Medium_value_payments,Good,1
53,15000.0,1022.71,4,5,4,2,1,2,Standard,2585.79,44.2,348,Yes,53.63,366.16,Low_spent_Large_value_payments,Standard,1
64,17738.39,1218.76,8,3,3,4,2,3,Bad,6665.17,15.7,363,Yes,210.1,345.26,High_spent_Small_value_payments,Poor,1
37,20429.45,1348.15,3,3,2,12,4,3,Standard,5786.85,11.06,192,Yes,217.59,660.52,Low_spent_Large_value_payments,Poor,0
36,16130.95,1053.23,2,3,3,2,4,2,Standard,3039.46,61.87,183,No,89.07,558.94,High_spent_Medium_value_payments,Poor,1
52,15000.0,918.51,2,5,0,4,2,3,Good,4070.65,4.12,90,Yes,349.21,73.69,High_spent_Large_value_payments,Standard,0
69,46527.52,2833.97,7,5,3,0,4,3,Good,24980.65,21.28,314,No,756.36,1085.27,High_spent_Small_value_payments,Good,0
60,31938.24,2033.78,2,10,3,5,2,8,Standard,8634.51,28.5,183,No,230.62,973.36,Low_spent_Medium_value_payments,Standard,1
34,45599.1,2889.5,2,8,1,3,1,2,Good,13388.41,19.9,82,Yes,1285.87,485.83,High_spent_Large_value_payments,Standard,0
62,54955.75,3865.11,2,1,2,4,2,3,Standard,8158.88,60.73,166,Yes,304.05,2194.08,Low_spent_Medium_value_payments,Poor,1
60,42589.81,2916.94,4,7,0,0,3,5,Good,22077.06,15.37,111,Yes,2041.86,50.0,High_spent_Large_value_payments,Standard,0
51,53887.72,3618.52,5,4,5,0,1,3,Good,2898.21,34.12,181,No,50.28,2080.32,High_spent_Small_value_payments,Good,0
26,34831.61,2285.23,3,8,3,2,1,0,Bad,6576.43,21.94,70,No,204.56,1372.91,Low_spent_Small_value_payments,Standard,1
43,17815.14,1101.21,4,4,2,1,0,5,Standard,4113.95,26.33,253,No,203.18,428.44,Low_spent_Small_value_payments,Standard,0
19,68506.82,4836.58,5,5,2,5,2,0,Standard,37955.7,11.16,6,No,1267.11,841.8,Low_spent_Small_value_payments,Standard,0
26,25502.52,1633.77,4,5,3,1,3,1,Standard,4838.39,24.89,26,No,109.05,702.33,Low_spent_Medium_value_payments,Standard,1
26,20715.6,1266.93,4,4,1,1,3,2,Standard,7703.01,54.85,48,No,513.68,330.11,Low_spent_Medium_value_payments,Poor,1
57,32638.55,2132.91,3,5,3,6,3,3,Bad,8342.71,34.68,325,Yes,214.37,896.88,High_spent_Small_value_payments,Poor,1
34,21000.75,1458.89,4,5,3,0,4,1,Good,14397.7,45.67,99,Yes,382.94,635.28,High_spent_Medium_value_payments,Poor,1
18,28269.59,1967.91,5,2,0,0,2,1,Bad,9972.01,12.13,6,No,789.07,580.02,Low_spent_Large_value_payments,Poor,1
42,44642.09,2683.83,4,9,1,0,1,1,Good,9651.66,43.4,207,Yes,659.22,1125.45,Low_spent_Small_value_payments,Good,0
60,44757.09,3115.16,4,5,1,2,0,3,Standard,16872.41,35.41,382,Yes,1632.52,50.0,High_spent_Medium_value_payments,Standard,0
57,21190.37,1333.74,3,10,1,0,1,3,Standard,11679.24,32.27,339,Yes,828.73,50.0,Low_spent_Small_value_payments,Standard,1
59,27102.38,1637.59,5,2,2,4,4,3,Standard,4620.38,20.27,290,Yes,195.57,733.23,Low_spent_Large_value_payments,Standard,0
42,69189.18,4786.81,5,6,0,13,3,4,Standard,30987.11,50.88,185,Yes,3000.74,182.61,Low_spent_Small_value_payments,Poor,1
56,48915.03,3392.68,3,7,1,1,0,2,Standard,9560.81,3.13,304,Yes,809.4,783.94,High_spent_Medium_value_payments,Good,0
52,126126.29,8382.25,7,4,0,0,2,3,Standard,66661.8,18.09,344,Yes,5264.64,50.0,Low_spent_Small_value_payments,Poor,1
20,73723.5,4882.19,2,7,1,5,2,0,Standard,3995.65,47.34,7,Yes,360.22,1771.42,High_spent_Small_value_payments,Poor,0
67,72155.29,4964.92,4,4,3,2,4,2,Bad,16468.04,33.11,351,Yes,548.17,2577.2,Low_spent_Large_value_payments,Standard,0
54,15792.32,1082.06,4,8,1,3,6,0,Good,6885.48,39.74,235,No,597.13,82.16,High_spent_Medium_value_payments,Standard,1
61,57429.66,3999.56,5,5,2,0,1,2,Standard,9335.7,9.73,184,Yes,411.58,1211.77,Low_spent_Large_value_payments,Good,0
61,35176.58,2321.24,5,3,4,2,0,1,Good,11917.75,47.41,461,Yes,216.57,891.52,High_spent_Medium_value_payments,Good,0
68,26092.7,1839.09,7,3,1,9,4,3,Bad,3919.67,47.37,453,No,295.73,974.88,High_spent_Medium_value_payments,Poor,0
47,40167.33,2843.51,2,6,3,1,3,5,Good,15592.66,25.31,137,Yes,484.15,1077.87,Low_spent_Large_value_payments,Standard,1
55,64031.28,3922.72,5,5,4,5,8,3,Good,17550.61,11.43,335,Yes,402.22,1600.19,High_spent_Small_value_payments,Good,0
51,49045.27,3394.1,3,5,1,6,2,3,Standard,13773.63,31.33,147,No,1027.71,1149.32,Low_spent_Small_value_payments,Standard,1
29,21437.9,1402.35,5,4,3,1,2,2,Good,3400.99,31.91,52,No,94.7,771.98,High_spent_Small_value_payments,Good,0
36,56696.93,3639.87,6,6,1,7,1,2,Standard,18599.91,5.99,177,Yes,1784.63,50.0,High_spent_Medium_value_payments,Standard,0
54,24771.46,1650.81,5,5,1,3,0,3,Standard,3396.92,64.13,359,Yes,246.67,496.7,High_spent_Medium_value_payments,Poor,1
61,41357.53,2506.53,3,7,3,2,1,4,Standard,17295.2,37.35,397,Yes,523.66,1222.13,Low_spent_Large_value_payments,Standard,1
66,30272.35,1982.44,6,8,1,1,0,3,Good,6692.57,28.52,516,Yes,523.72,520.98,Low_spent_Small_value_payments,Good,0
34,31846.42,2211.24,3,5,2,1,1,2,Good,6727.35,28.48,53,Yes,231.63,1045.09,High_spent_Medium_value_payments,Standard,0
27,57511.82,3583.71,6,5,1,1,1,3,Standard,20121.93,53.99,62,Yes,1529.57,387.14,High_spent_Medium_value_payments,Poor,1
66,19455.47,1257.2,2,3,2,2,0,2,Bad,7370.1,6.31,302,Yes,297.2,287.53,High_spent_Medium_value_payments,Standard,0
64,116671.44,8187.73,3,7,3,8,4,2,Bad,31166.87,44.48,343,Yes,950.49,4607.43,High_spent_Large_value_payments,Poor,1
29,15000.0,969.64,5,4,2,6,4,4,Bad,3221.96,16.25,82,No,114.24,350.34,Low_spent_Large_value_payments,Poor,1
33,25371.95,1620.82,3,3,2,10,4,4,Standard,8921.84,32.63,115,Yes,424.91,337.99,High_spent_Large_value_payments,Poor,1
41,45348.26,2937.32,4,3,2,0,1,2,Good,14830.16,23.29,115,No,574.12,935.56,Low_spent_Small_value_payments,Good,0
36,51564.49,3384.04,2,1,2,4,3,2,Bad,4815.1,16.26,50,No,172.58,1855.57,High_spent_Large_value_payments,Poor,1
25,34190.89,2285.54,5,4,0,1,0,3,Good,9663.58,18.89,36,Yes,763.63,518.73,High_spent_Large_value_payments,Standard,0
48,35086.28,2409.52,2,6,3,10,3,2,Standard,13995.87,47.77,252,Yes,455.29,900.36,High_spent_Medium_value_payments,Poor,1
38,46459.21,3015.1,3,3,1,1,0,4,Bad,22491.91,35.29,111,No,1922.11,50.0,High_spent_Small_value_payments,Poor,1
34,31614.09,2176.82,1,8,3,8,3,3,Good,8906.32,57.83,109,Yes,232.57,1059.4,Low_spent_Large_value_payments,Poor,1
40,83776.58,5510.99,2,3,1,16,5,4,Standard,14458.46,13.82,235,No,1171.0,1575.9,Low_spent_Large_value_payments,Standard,1
54,60090.65,3825.78,4,9,0,11,4,4,Bad,13863.61,33.89,305,No,1265.29,1270.74,Low_spent_Large_value_payments,Poor,1
33,61309.78,4115.59,5,6,3,12,3,1,Good,20426.68,17.96,152,No,463.86,1585.06,Low_spent_Large_value_payments,Good,0
23,20339.21,1378.5,1,6,2,5,2,4,Good,3013.44,22.29,28,No,148.21,455.81,High_spent_Large_value_payments,Standard,0
25,34626.24,2286.91,9,2,0,2,2,3,Standard,2562.11,33.57,49,No,241.94,944.97,Low_spent_Large_value_payments,Standard,0
42,30324.78,1838.09,4,3,3,2,0,5,Standard,5226.2,39.03,101,Yes,167.63,798.98,High_spent_Large_value_payments,Poor,1
35,19863.5,1228.37,4,3,2,0,1,4,Good,4513.03,44.01,100,Yes,200.62,398.64,High_spent_Medium_value_payments,Standard,0
42,45075.7,2843.86,4,4,0,0,2,3,Standard,4349.72,16.55,105,Yes,375.64,1283.72,High_spent_Medium_value_payments,Standard,0
29,26302.32,1658.67,2,4,1,0,2,4,Good,6918.15,25.4,76,Yes,540.25,148.57,High_spent_Large_value_payments,Standard,1
32,53811.49,3621.27,5,5,4,1,2,1,Standard,26771.79,5.35,102,Yes,513.28,1331.47,High_spent_Medium_value_payments,Standard,0
43,19108.43,1150.3,4,7,2,3,1,2,Good,7481.89,18.02,97,Yes,260.49,215.77,High_spent_Small_value_payments,Standard,1
58,101867.11,6945.97,4,4,3,8,2,3,Standard,38394.94,18.26,386,No,867.63,2609.01,High_spent_Medium_value_payments,Good,0
62,21209.41,1333.53,4,5,4,1,2,1,Standard,2047.8,52.58,178,Yes,35.05,779.67,High_spent_Large_value_payments,Poor,1
43,41422.58,2624.48,4,5,2,1,0,2,Good,4416.3,19.04,150,Yes,160.39,1622.08,High_spent_Large_value_payments,Good,0
64,58402.59,3838.16,3,7,2,2,3,4,Standard,9955.06,56.34,173,No,358.71,2183.94,Low_spent_Medium_value_payments,Standard,1
49,25786.74,1607.52,3,6,0,0,2,8,Standard,6225.78,43.76,123,Yes,578.03,501.35,High_spent_Small_value_payments,Poor,1
27,60565.53,4214.26,4,4,1,0,1,3,Bad,11143.32,30.48,58,Yes,781.94,1994.47,Low_spent_Small_value_payments,Poor,1
33,17369.83,1058.25,4,6,1,6,4,2,Bad,2922.41,20.75,112,Yes,269.43,347.62,Low_spent_Medium_value_payments,Poor,1
24,86792.08,5625.35,6,2,5,2,2,5,Good,17208.84,48.22,18,No,279.94,2208.1,Low_spent_Small_value_payments,Standard,1
34,36625.12,2534.53,2,4,2,0,0,3,Bad,14366.71,34.38,55,Yes,708.72,859.92,High_spent_Large_value_payments,Poor,1
40,25391.08,1692.87,2,6,3,9,4,3,Good,9064.12,16.46,115,No,262.27,599.35,Low_spent_Large_value_payments,Standard,0
43,30348.15,1917.0,4,7,5,5,3,4,Bad,783.47,56.64,76,No,13.36,926.01,Low_spent_Small_value_payments,Poor,1
38,59003.47,3809.16,3,10,4,1,2,2,Standard,18810.19,31.84,164,No,414.27,1442.13,Low_spent_Small_value_payments,Standard,0
39,25573.88,1730.22,5,8,1,12,8,2,Standard,7640.52,34.27,209,Yes,635.13,62.29,High_spent_Large_value_payments,Poor,1
24,23164.71,1634.12,4,5,2,15,5,2,Bad,4576.73,48.41,50,No,196.11,855.59,Low_spent_Large_value_payments,Poor,1
31,31795.44,2215.37,4,8,1,1,0,2,Standard,11022.79,21.38,96,No,994.29,230.92,Low_spent_Small_value_payments,Standard,0
32,17922.69,1141.85,2,4,3,9,2,4,Standard,2494.79,24.94,144,No,78.83,643.7,Low_spent_Large_value_payments,Standard,0
24,108263.82,7666.57,3,5,2,1,0,7,Bad,40362.24,33.66,33,No,1965.58,1564.76,High_spent_Medium_value_payments,Poor,1
26,25852.52,1552.13,6,4,1,5,1,3,Good,5633.07,32.48,20,Yes,504.77,509.52,Low_spent_Large_value_payments,Poor,1
68,59812.51,3606.65,3,2,2,1,1,4,Good,14699.93,11.85,155,Yes,714.79,1456.06,High_spent_Large_value_payments,Good,0
65,41178.93,2838.26,4,4,2,9,4,3,Good,9698.5,7.87,472,Yes,411.24,808.93,Low_spent_Large_value_payments,Good,0
25,20116.18,1250.44,3,5,1,1,1,6,Good,2556.75,30.85,73,Yes,190.56,536.3,High_spent_Large_value_payments,Standard,1
67,36185.99,2194.98,4,3,2,0,3,3,Good,6491.79,38.35,142,No,253.04,1094.09,Low_spent_Small_value_payments,Good,0
40,58127.94,3637.01,2,5,0,0,2,6,Standard,3756.14,17.62,222,Yes,358.51,1769.42,Low_spent_Large_value_payments,Standard,1
46,32436.62,2095.93,5,5,0,3,1,2,Standard,8418.46,38.73,105,No,741.87,454.83,High_spent_Medium_value_payments,Standard,1
35,74300.11,5046.05,3,2,0,0,2,3,Standard,15600.38,38.19,93,No,1184.96,1929.02,Low_spent_Large_value_payments,Standard,0
48,67030.92,4475.23,4,7,1,2,4,2,Bad,28094.15,43.2,261,Yes,2413.68,90.88,High_spent_Large_value_payments,Poor,1
47,63028.92,3943.99,2,5,3,1,2,3,Standard,16208.85,41.98,166,Yes,479.78,2059.07,High_spent_Small_value_payments,Standard,0
69,27562.35,1804.01,2,6,2,1,1,5,Standard,8269.04,19.13,454,Yes,413.22,314.9,Low_spent_Small_value_payments,Good,0
56,18998.11,1330.51,2,4,4,15,4,1,Good,5099.03,31.41,307,No,106.51,618.62,High_spent_Small_value_payments,Good,0
52,25130.75,1729.73,4,2,2,0,0,3,Bad,1769.54,16.09,347,Yes,85.57,672.35,High_spent_Large_value_payments,Standard,1
35,40853.37,2594.24,1,8,2,3,1,2,Standard,8115.25,27.99,103,Yes,316.46,1255.92,High_spent_Large_value_payments,Standard,0
59,50386.17,3559.34,3,6,0,9,2,7,Good,8407.95,6.0,275,Yes,739.43,839.4,High_spent_Medium_value_payments,Good,1
56,15000.0,1015.15,3,5,3,2,1,3,Standard,514.93,12.0,337,No,15.98,592.36,High_spent_Medium_value_payments,Good,0
34,36139.15,2192.8,4,3,3,20,5,1,Bad,4171.64,42.78,168,No,135.86,1284.69,Low_spent_Large_value_payments,Poor,1
31,39928.82,2410.94,6,5,1,0,0,3,Standard,8266.77,58.05,70,Yes,684.03,614.46,High_spent_Large_value_payments,Poor,0
48,30744.72,1900.77,4,4,2,0,2,1,Good,4976.86,41.71,308,Yes,236.82,560.57,Low_spent_Large_value_payments,Good,0
41,78807.57,5349.86,6,6,3,0,1,4,Standard,45583.16,21.56,187,Yes,1278.47,1704.38,Low_spent_Large_value_payments,Standard,0
52,46773.31,2899.5,6,5,2,4,1,3,Good,11776.45,8.37,339,No,519.77,842.35,Low_spent_Large_value_payments,Good,0
61,79707.2,5224.1,2,4,3,2,0,5,Good,10106.93,34.34,200,No,251.74,2596.01,High_spent_Medium_value_payments,Good,0
62,31901.99,1946.35,6,4,2,5,2,3,Standard,11824.63,34.74,370,No,556.59,289.02,Low_spent_Medium_value_payments,Standard,1
51,63734.83,4459.93,4,6,1,13,4,6,Bad,14592.66,10.67,196,No,1443.87,1308.2,Low_spent_Large_value_payments,Poor,1
20,96861.74,6172.63,1,4,2,6,5,3,Good,24100.38,21.36,11,No,1115.91,1556.38,Low_spent_Medium_value_payments,Standard,1
54,79779.04,5571.62,5,3,5,8,2,1,Good,5658.05,24.16,135,Yes,85.62,3440.55,Low_spent_Large_value_payments,Good,1
60,18858.43,1324.54,3,6,1,1,1,4,Standard,2666.07,33.18,202,Yes,184.27,465.93,High_spent_Small_value_payments,Standard,1
57,31188.18,1873.36,7,7,2,1,1,2,Standard,12341.26,8.86,354,No,423.43,642.21,Low_spent_Large_value_payments,Good,0
43,29522.3,1919.78,2,5,0,3,0,4,Good,8254.91,21.09,190,Yes,747.11,174.13,Low_spent_Medium_value_payments,Standard,0
40,48705.77,2935.36,3,3,5,0,2,4,Standard,8865.1,2.31,97,No,164.73,1083.9,Low_spent_Small_value_payments,Good,0
61,54820.1,3828.86,2,6,2,3,0,4,Good,15516.41,2.03,395,Yes,689.35,1972.89,Low_spent_Small_value_payments,Good,0
56,21953.12,1440.48,3,4,4,6,3,3,Standard,4383.45,14.09,394,Yes,97.47,801.19,Low_spent_Medium_value_payments,Good,1
32,37824.15,2300.16,5,4,1,2,2,3,Standard,3621.85,35.02,83,Yes,352.4,711.08,Low_spent_Medium_value_payments,Poor,1
66,15000.0,917.92,6,4,3,5,2,3,Standard,1393.78,50.04,502,Yes,37.86,509.75,High_spent_Small_value_payments,Standard,0
21,86263.95,5534.24,2,5,2,1,2,4,Bad,12193.39,20.54,12,Yes,506.82,2936.66,High_spent_Medium_value_payments,Poor,1
46,26704.18,1874.26,7,3,1,3,0,3,Standard,3516.5,10.19,79,No,263.13,952.64,High_spent_Small_value_payments,Good,0
39,37553.37,2535.1,8,7,1,3,1,0,Standard,17755.98,35.96,57,No,1774.57,50.0,High_spent_Medium_value_payments,Poor,1
42,30158.14,2092.95,3,4,2,3,1,3,Standard,9351.69,27.91,187,Yes,458.9,771.01,High_spent_Medium_value_payments,Standard,0
30,72230.42,4620.58,3,5,2,5,1,5,Bad,18897.03,38.43,98,Yes,703.83,1262.21,High_spent_Medium_value_payments,Poor,1
35,15000.0,907.02,7,4,3,10,4,2,Standard,955.85,41.43,130,Yes,23.66,399.32,High_spent_Small_value_payments,Poor,0
50,35955.37,2536.84,5,5,2,9,4,5,Bad,3793.6,17.57,301,No,175.32,1215.74,Low_spent_Large_value_payments,Poor,0
33,34081.46,2051.23,6,6,0,0,2,3,Standard,5988.5,54.96,121,Yes,436.3,877.31,High_spent_Small_value_payments,Poor,1
62,27662.09,1943.71,3,6,1,0,1,4,Good,8150.39,5.61,383,No,598.2,731.36,Low_spent_Large_value_payments,Good,0
59,102307.26,6547.05,2,4,2,0,0,4,Standard,24789.78,39.93,288,Yes,1179.65,2934.97,Low_spent_Large_value_payments,Standard,0
61,21324.3,1281.79,6,2,3,11,6,5,Bad,1962.4,38.17,189,Yes,56.56,480.4,Low_spent_Medium_value_payments,Poor,1
19,57703.77,3893.04,7,2,1,0,1,2,Standard,7762.37,24.29,6,Yes,589.91,1022.95,Low_spent_Small_value_payments,Standard,1
52,44970.04,3175.9,4,4,2,4,2,1,Standard,7282.18,4.76,354,Yes,291.51,1003.29,Low_spent_Small_value_payments,Good,0
59,77413.12,5454.6,3,4,3,5,2,1,Bad,9999.54,15.44,185,Yes,241.28,3090.15,Low_spent_Small_value_payments,Standard,0
51,24335.38,1502.55,3,4,3,4,2,4,Standard,5907.28,45.31,149,No,170.2,608.75,High_spent_Large_value_payments,Poor,1
47,23393.62,1449.55,5,6,1,6,4,3,Standard,9664.41,1.74,291,Yes,694.51,50.0,Low_spent_Large_value_payments,Standard,0
30,70097.47,4635.31,6,10,5,2,2,2,Bad,11223.81,26.43,120,Yes,173.54,2794.89,Low_spent_Medium_value_payments,Poor,0
30,46872.8,3135.98,5,3,1,6,3,5,Bad,20628.01,65.46,77,No,2041.49,50.0,High_spent_Medium_value_payments,Poor,1
35,15000.0,1020.16,8,4,1,5,4,2,Good,4137.28,22.24,183,Yes,354.16,182.08,Low_spent_Small_value_payments,Standard,1
49,26276.15,1628.11,3,7,0,0,1,5,Standard,11241.35,24.08,120,Yes,879.61,251.79,High_spent_Medium_value_payments,Poor,1
49,45790.39,3223.15,4,5,2,3,1,5,Standard,13216.02,22.76,189,Yes,644.39,1057.75,Low_spent_Small_value_payments,Standard,0
52,60033.53,4017.42,5,6,2,8,2,1,Good,1026.88,36.37,125,No,40.56,2703.74,High_spent_Medium_value_payments,Good,0
56,24160.19,1671.31,3,4,2,3,3,2,Good,8361.66,52.36,235,Yes,379.78,618.36,High_spent_Large_value_payments,Standard,1
63,15000.0,987.76,3,6,5,3,2,6,Standard,5206.02,10.22,484,Yes,80.83,372.24,Low_spent_Medium_value_payments,Good,1
69,49708.63,3205.61,4,2,2,17,7,2,Standard,18674.97,62.58,268,Yes,716.82,1078.57,Low_spent_Large_value_payments,Poor,1
46,17462.44,1232.61,2,6,1,1,0,3,Standard,9624.56,49.31,172,Yes,793.52,50.0,Low_spent_Medium_value_payments,Poor,0
66,15000.0,994.59,3,5,5,6,3,5,Bad,4112.26,43.27,512,Yes,70.1,400.02,High_spent_Medium_value_payments,Poor,1
46,15000.0,1040.87,4,4,2,5,3,3,Good,3805.59,31.33,114,Yes,154.1,383.51,Low_spent_Large_value_payments,Standard,0
61,59182.93,4162.18,4,3,1,16,5,2,Standard,14773.72,15.28,352,No,1394.88,1210.32,Low_spent_Large_value_payments,Standard,0
33,39228.96,2640.75,5,3,4,4,2,1,Standard,10454.64,35.41,106,Yes,234.56,1545.28,High_spent_Large_value_payments,Poor,1
61,31716.94,2091.63,7,4,0,0,0,3,Standard,10578.14,30.98,407,Yes,1044.46,50.0,Low_spent_Large_value_payments,Standard,1
64,83567.89,5017.25,3,9,0,19,4,4,Bad,8133.14,13.0,301,Yes,646.05,2821.18,Low_spent_Medium_value_payments,Poor,1
27,53230.93,3216.93,6,5,1,1,0,5,Standard,23749.88,14.11,61,Yes,2011.84,50.0,High_spent_Large_value_payments,Poor,1
47,95777.21,5955.03,3,5,3,1,0,4,Bad,45019.09,7.68,168,Yes,1434.04,2043.0,High_spent_Medium_value_payments,Poor,1
42,15746.27,976.51,3,6,2,2,3,0,Standard,4897.97,28.83,198,No,185.64,217.36,Low_spent_Small_value_payments,Standard,0
56,35570.42,2232.4,4,5,2,7,1,4,Standard,20159.52,30.24,300,No,923.62,367.09,High_spent_Large_value_payments,Standard,1
37,15000.0,949.55,5,5,1,0,1,1,Bad,5302.11,11.58,176,No,457.94,54.34,Low_spent_Large_value_payments,Standard,0
22,31646.11,2022.21,4,8,1,9,3,1,Good,5998.26,43.64,24,No,518.21,462.19,Low_spent_Medium_value_payments,Standard,1
18,31283.01,2019.5,5,5,3,16,7,2,Good,4954.07,22.5,6,Yes,124.53,964.16,High_spent_Small_value_payments,Poor,1
47,52889.93,3230.04,5,7,3,6,3,3,Standard,13311.18,14.81,170,No,335.73,1218.84,Low_spent_Small_value_payments,Standard,0
66,37322.0,2256.45,6,2,3,0,0,2,Standard,17490.38,35.31,472,No,569.71,1005.26,High_spent_Large_value_payments,Good,0
20,52788.27,3552.71,4,2,1,15,5,2,Standard,2835.82,33.93,16,Yes,192.9,1485.94,High_spent_Small_value_payments,Poor,1
62,55385.0,3645.5,3,3,1,0,0,5,Standard,18003.93,25.6,406,Yes,1527.19,234.76,High_spent_Medium_value_payments,Standard,0
31,132317.18,8575.68,6,6,0,5,4,0,Standard,11092.31,42.21,101,No,994.75,3340.45,Low_spent_Large_value_payments,Good,0
47,30056.13,2009.95,5,3,0,0,0,3,Bad,8648.24,32.27,267,No,628.79,714.47,High_spent_Large_value_payments,Standard,0
67,20648.26,1424.04,2,6,3,1,0,4,Good,8089.39,36.62,335,Yes,227.65,674.35,Low_spent_Large_value_payments,Good,0
21,42093.57,2720.65,1,4,3,6,3,2,Standard,18596.21,29.58,9,Yes,599.91,658.53,High_spent_Small_value_payments,Poor,1
35,22440.71,1502.3,4,7,7,14,3,2,Standard,6744.91,42.06,114,Yes,90.26,646.52,High_spent_Small_value_payments,Poor,1
54,88360.16,6214.4,6,6,0,0,0,5,Standard,28846.09,16.81,387,Yes,2770.1,1523.36,Low_spent_Small_value_payments,Standard,1
42,30640.23,2117.12,5,1,2,8,5,2,Bad,6500.05,15.75,75,Yes,261.75,1105.82,High_spent_Small_value_payments,Poor,1
65,25865.21,1671.28,10,3,4,3,1,0,Bad,6789.4,25.82,469,No,148.05,966.16,Low_spent_Small_value_payments,Good,0
18,27370.21,1833.38,2,4,4,4,4,4,Bad,2805.61,8.57,6,Yes,51.1,1059.5,High_spent_Medium_value_payments,Poor,1
63,55884.95,3460.3,3,5,1,2,1,2,Good,22628.81,47.22,142,Yes,2160.49,215.98,Low_spent_Large_value_payments,Poor,1
32,33035.96,2182.76,4,8,4,2,2,2,Standard,5483.35,31.77,96,Yes,98.33,1115.83,Low_spent_Medium_value_payments,Standard,1
26,24710.9,1745.36,8,3,2,1,2,3,Standard,5087.73,55.88,83,Yes,179.83,925.2,High_spent_Small_value_payments,Poor,1
32,98637.93,6472.14,5,5,1,2,0,1,Bad,25449.62,5.22,96,Yes,2387.87,1941.86,High_spent_Large_value_payments,Poor,1
66,21726.72,1521.94,7,4,1,10,4,1,Bad,1624.69,16.41,288,Yes,127.7,705.42,Low_spent_Medium_value_payments,Poor,0
41,37098.79,2389.64,4,6,1,0,2,3,Standard,9747.07,5.14,58,Yes,889.13,668.88,Low_spent_Medium_value_payments,Standard,0
21,53711.57,3803.9,5,2,3,16,6,4,Good,13752.3,17.46,32,No,454.35,1443.95,High_spent_Small_value_payments,Standard,0
29,15000.0,994.12,3,6,1,0,0,1,Good,5468.11,22.71,46,Yes,426.86,176.64,High_spent_Large_value_payments,Standard,0
54,48443.64,2928.8,2,5,1,0,2,3,Good,26177.13,5.89,381,No,2050.16,50.0,High_spent_Medium_value_payments,Good,0
54,19282.16,1279.5,2,7,1,3,3,4,Good,3916.18,30.86,166,No,295.15,340.81,High_spent_Large_value_payments,Standard,0
60,59496.32,3746.75,3,5,1,37,9,3,Good,7034.42,52.44,254,Yes,650.51,1191.58,Low_spent_Small_value_payments,Poor,1
23,20382.04,1230.09,2,5,3,7,3,1,Bad,7150.7,16.16,13,Yes,203.03,637.28,Low_spent_Medium_value_payments,Poor,0
56,55031.52,3791.26,4,5,1,2,0,1,Good,12813.89,38.63,251,No,1184.86,836.27,High_spent_Large_value_payments,Good,0
63,70509.3,4441.17,2,7,3,7,4,3,Bad,25432.8,48.4,118,Yes,633.2,1738.65,High_spent_Large_value_payments,Poor,1
41,60892.29,4178.99,3,5,2,8,2,4,Standard,2393.27,46.07,199,Yes,111.0,1675.16,High_spent_Small_value_payments,Poor,0
28,42225.94,2665.4,3,7,1,1,0,3,Good,20038.41,49.78,72,Yes,1818.33,50.0,Low_spent_Medium_value_payments,Poor,1
30,31609.7,1963.13,3,6,2,0,2,3,Standard,14589.39,22.63,38,Yes,511.72,582.07,Low_spent_Large_value_payments,Poor,1
51,25697.48,1812.98,6,6,4,11,5,2,Bad,3489.26,9.94,243,Yes,76.24,987.59,Low_spent_Small_value_payments,Poor,1
42,87782.8,5610.89,3,4,1,1,4,1,Standard,26106.16,55.7,214,Yes,2075.47,1678.89,Low_spent_Small_value_payments,Poor,0
24,23868.21,1587.59,6,6,1,3,1,4,Bad,4559.04,23.83,36,Yes,436.68,235.61,High_spent_Large_value_payments,Poor,1
69,19492.02,1298.33,6,6,1,1,1,7,Good,6093.16,25.27,206,No,474.03,289.93,High_spent_Small_value_payments,Good,0
21,54134.2,3576.74,4,7,2,2,4,3,Standard,21467.44,19.44,28,No,969.88,709.34,High_spent_Medium_value_payments,Poor,1
25,22523.58,1574.61,5,7,0,5,1,0,Good,6372.18,23.58,29,Yes,550.89,204.78,Low_spent_Medium_value_payments,Standard,1
37,20536.56,1382.24,3,4,0,3,1,1,Bad,7438.33,41.42,133,Yes,649.17,50.0,Low_spent_Large_value_payments,Poor,1
46,15272.93,983.18,1,3,3,13,4,0,Bad,4013.68,52.38,143,No,95.33,488.32,Low_spent_Medium_value_payments,Poor,1
68,27180.47,1884.76,2,8,2,2,0,2,Good,3761.61,22.46,248,No,140.34,764.73,Low_spent_Large_value_payments,Good,0
62,34557.19,2141.22,6,3,1,2,1,1,Good,9965.11,34.66,173,Yes,879.14,308.06,Low_spent_Small_value_payments,Standard,0
63,42018.07,2768.82,6,3,1,0,3,5,Standard,16963.15,23.74,348,Yes,1150.88,431.62,High_spent_Large_value_payments,Standard,1
27,64265.86,4517.74,6,8,0,1,4,2,Standard,25490.55,6.27,87,Yes,2462.13,125.62,High_spent_Large_value_payments,Poor,1
60,49818.35,3326.63,3,10,2,6,4,8,Standard,24071.95,14.49,105,No,1090.83,948.66,High_spent_Medium_value_payments,Poor,1
51,32385.84,2229.78,11,3,2,6,2,4,Standard,11005.95,5.94,167,No,380.8,1036.61,Low_spent_Medium_value_payments,Standard,1
43,32243.85,2162.93,1,5,5,0,2,2,Standard,4233.58,4.52,232,Yes,72.95,1371.0,High_spent_Medium_value_payments,Good,0
58,49320.47,3407.71,5,7,0,21,7,3,Bad,7304.2,29.88,324,No,729.26,674.34,High_spent_Large_value_payments,Poor,1
66,77928.12,5473.04,2,4,0,3,1,5,Standard,11683.02,18.04,168,No,813.1,2634.77,Low_spent_Large_value_payments,Good,0
20,39174.78,2466.31,4,5,2,1,2,4,Bad,7952.0,54.88,11,No,268.13,1005.25,High_spent_Small_value_payments,Poor,1
23,27406.12,1694.74,4,4,3,6,2,7,Standard,6730.14,6.19,49,No,176.4,568.52,High_spent_Small_value_payments,Standard,0
22,20015.86,1305.9,5,7,0,4,3,2,Standard,4210.78,15.05,30,Yes,346.93,289.58,Low_spent_Small_value_payments,Poor,0
22,15258.27,1031.51,2,4,0,3,2,3,Standard,1875.53,59.93,37,No,159.92,440.87,Low_spent_Medium_value_payments,Poor,1
64,54163.46,3383.12,1,3,1,8,3,4,Good,3521.86,37.99,309,Yes,288.08,1261.14,High_spent_Small_value_payments,Good,0
40,51368.84,3084.41,5,8,0,4,3,2,Standard,13914.35,25.51,97,No,1228.11,853.02,High_spent_Small_value_payments,Standard,1
66,51349.89,3271.76,4,4,2,17,5,2,Standard,22441.2,22.49,152,Yes,1038.54,364.35,Low_spent_Large_value_payments,Poor,1
26,33617.58,2369.9,6,2,2,8,3,1,Standard,7611.16,33.4,67,Yes,261.38,712.87,Low_spent_Large_value_payments,Poor,1
52,84470.77,5704.21,5,3,5,3,1,5,Bad,31492.52,15.85,94,No,508.14,2049.28,High_spent_Medium_value_payments,Poor,0
37,27160.77,1747.73,3,4,2,5,2,5,Standard,12077.35,37.53,95,Yes,432.07,727.48,Low_spent_Large_value_payments,Poor,1
66,64418.85,3999.52,5,1,1,3,1,5,Good,9965.21,26.32,227,Yes,880.82,1272.46,High_spent_Small_value_payments,Good,0
59,35481.06,2265.74,1,4,3,3,2,3,Bad,10136.86,36.75,159,Yes,300.95,1020.33,Low_spent_Medium_value_payments,Poor,1
52,25209.84,1558.97,2,9,1,5,3,4,Standard,7100.02,73.51,239,Yes,666.22,126.46,High_spent_Medium_value_payments,Poor,1
67,51819.31,3168.84,5,5,1,1,1,4,Standard,12590.97,25.65,525,Yes,1197.31,619.35,High_spent_Large_value_payments,Good,0
35,46433.74,3242.14,1,6,2,1,1,2,Bad,20840.43,22.31,166,Yes,1040.78,501.23,High_spent_Small_value_payments,Poor,0
34,44989.47,3185.61,7,4,1,1,3,2,Standard,3690.87,24.6,68,No,254.44,1671.4,Low_spent_Small_value_payments,Standard,0
41,38130.4,2355.62,5,5,4,4,2,3,Good,7327.82,32.75,71,Yes,174.19,836.47,High_spent_Small_value_payments,Standard,0
20,35499.15,2150.92,7,3,2,11,5,0,Good,3263.54,34.85,18,No,159.5,906.44,Low_spent_Small_value_payments,Standard,0
49,152211.03,9676.37,5,2,0,16,6,0,Standard,34841.33,33.07,253,Yes,3414.07,3004.22,High_spent_Medium_value_payments,Poor,0
52,73906.35,4804.01,5,3,3,1,3,2,Standard,15724.81,22.44,264,Yes,355.8,1870.62,High_spent_Medium_value_payments,Good,0
55,56033.0,3486.31,1,3,7,1,0,3,Bad,11904.04,35.65,254,Yes,150.74,1870.49,Low_spent_Small_value_payments,Poor,0
30,38835.09,2456.92,3,4,1,3,1,2,Good,14897.2,47.66,102,No,1420.77,109.74,Low_spent_Small_value_payments,Standard,0
64,66455.93,4131.97,4,5,1,4,5,4,Good,16029.87,19.22,309,No,1169.07,1431.84,Low_spent_Large_value_payments,Good,0
42,49552.94,3388.82,2,4,4,3,3,5,Standard,14779.9,17.83,161,Yes,317.3,2023.54,High_spent_Large_value_payments,Standard,1
26,36891.0,2498.24,3,7,0,1,0,1,Standard,9074.63,29.62,45,Yes,744.61,772.96,Low_spent_Medium_value_payments,Poor,0
21,30268.46,2024.31,4,4,2,6,3,4,Good,9108.65,39.01,27,Yes,331.47,819.88,Low_spent_Large_value_payments,Poor,0
31,34594.49,2220.79,3,4,1,0,1,2,Standard,1847.25,17.28,47,Yes,147.26,977.29,High_spent_Medium_value_payments,Standard,0
54,15000.0,1047.72,4,5,2,0,1,2,Bad,1318.27,45.33,352,No,50.57,511.77,Low_spent_Large_value_payments,Standard,1
51,41206.88,2905.22,2,4,1,1,1,3,Good,4270.17,8.8,259,Yes,405.62,1134.16,Low_spent_Small_value_payments,Good,0
28,27089.85,1676.35,5,9,1,11,3,2,Good,6139.2,25.88,74,Yes,559.34,562.6,High_spent_Medium_value_payments,Poor,0
58,94428.86,5893.87,3,8,4,1,2,2,Good,27498.1,48.14,405,Yes,459.82,3408.21,High_spent_Small_value_payments,Good,0
20,36739.45,2413.57,2,4,2,3,1,1,Standard,8928.76,48.09,15,Yes,380.51,857.08,Low_spent_Large_value_payments,Poor,0
45,17794.1,1085.24,5,5,0,1,2,4,Standard,6566.27,21.93,112,No,444.72,101.16,High_spent_Medium_value_payments,Standard,0
46,35244.75,2281.33,2,7,3,12,5,1,Bad,4518.45,21.73,259,No,146.72,942.33,Low_spent_Small_value_payments,Poor,1
26,19386.41,1285.37,7,8,3,8,2,5,Good,3536.25,26.73,82,No,80.09,449.68,Low_spent_Small_value_payments,Standard,0
20,48244.85,3167.55,4,8,5,2,1,0,Good,5898.17,60.54,10,Yes,85.86,2088.59,Low_spent_Large_value_payments,Standard,1
42,43242.04,2749.54,4,11,3,8,4,2,Standard,29879.61,29.37,111,Yes,731.27,833.24,Low_spent_Medium_value_payments,Poor,0
51,64518.27,4250.24,6,4,1,18,4,2,Standard,14186.09,21.53,264,No,1325.5,718.79,High_spent_Small_value_payments,Standard,0
29,22594.71,1590.37,4,6,2,4,1,2,Good,5961.21,8.59,112,Yes,245.2,441.37,High_spent_Medium_value_payments,Good,0
59,37064.13,2306.57,6,4,2,1,1,0,Standard,16539.33,32.41,199,Yes,597.42,567.34,High_spent_Small_value_payments,Standard,1
26,16010.29,1074.19,3,4,2,2,1,1,Good,2382.98,46.37,42,Yes,84.92,417.64,Low_spent_Small_value_payments,Standard,1
32,55320.39,3345.23,4,2,1,3,1,2,Good,21553.9,79.39,41,Yes,1707.18,205.08,High_spent_Large_value_payments,Poor,1
57,49579.0,3010.41,7,3,0,4,3,6,Good,17326.81,5.03,336,No,1483.1,50.0,High_spent_Small_value_payments,Good,0
42,48897.57,3226.17,7,5,2,8,2,3,Bad,19645.66,26.8,222,No,915.33,810.81,Low_spent_Large_value_payments,Poor,1
22,36350.8,2222.37,4,6,4,3,2,2,Good,10624.92,10.71,17,Yes,245.72,1071.81,High_spent_Small_value_payments,Standard,1
28,46577.07,2805.9,4,6,5,0,3,3,Bad,18668.89,7.84,98,Yes,253.86,1613.14,High_spent_Medium_value_payments,Poor,1
51,95092.32,5882.23,4,5,1,0,0,1,Bad,19292.77,14.21,214,Yes,1703.5,978.74,High_spent_Small_value_payments,Standard,0
41,30605.76,2023.63,2,3,2,11,3,1,Good,11403.72,60.47,106,Yes,383.19,718.55,High_spent_Large_value_payments,Poor,1
32,39465.7,2668.65,6,3,2,4,3,5,Good,22582.92,4.73,103,Yes,967.37,827.87,High_spent_Large_value_payments,Standard,0
55,18926.61,1177.11,4,6,2,8,3,2,Good,5249.95,9.44,267,No,190.4,369.83,Low_spent_Medium_value_payments,Good,0
25,21569.67,1450.33,5,1,2,5,4,0,Bad,3827.32,30.18,36,Yes,182.49,811.45,Low_spent_Medium_value_payments,Poor,1
22,38510.57,2386.76,2,7,4,11,4,1,Good,5865.99,13.02,31,No,116.51,1323.18,High_spent_Small_value_payments,Good,0
65,70428.98,4693.79,4,5,2,0,1,4,Good,11028.5,10.07,426,Yes,522.24,2380.08,High_spent_Large_value_payments,Good,0
43,31139.47,2007.34,6,5,4,3,2,3,Standard,12399.16,14.58,210,Yes,301.18,507.75,High_spent_Small_value_payments,Standard,1
35,31522.29,2114.6,4,3,2,0,4,1,Standard,1357.47,61.8,94,No,54.3,1081.79,Low_spent_Medium_value_payments,Poor,1
23,28449.02,2013.61,2,4,2,3,4,1,Standard,4583.77,42.43,46,Yes,198.16,961.81,Low_spent_Medium_value_payments,Poor,0
54,26347.96,1848.56,4,2,1,11,2,2,Standard,6845.9,29.53,287,No,669.0,414.01,Low_spent_Medium_value_payments,Standard,1
65,43346.57,2602.8,4,2,0,2,1,4,Good,14867.57,45.89,224,Yes,1112.82,206.22,High_spent_Medium_value_payments,Standard,0
30,15000.0,1043.88,5,6,6,0,2,3,Good,4681.96,28.3,116,Yes,54.34,659.02,High_spent_Small_value_payments,Standard,0
45,78320.43,4755.64,3,5,1,1,2,1,Good,8624.98,16.57,71,Yes,723.85,1533.24,High_spent_Large_value_payments,Good,0
22,24361.19,1713.19,7,6,2,3,3,4,Standard,5170.37,56.21,31,Yes,219.83,808.42,High_spent_Large_value_payments,Poor,1
30,56001.97,3531.1,3,5,0,5,3,2,Standard,11217.49,21.74,82,Yes,909.89,1440.33,Low_spent_Medium_value_payments,Poor,0
34,16949.62,1087.13,5,5,1,0,1,2,Standard,9389.44,16.97,129,No,760.99,50.0,Low_spent_Medium_value_payments,Standard,0
67,54247.06,3308.68,3,5,2,2,0,2,Good,11608.43,31.35,333,Yes,468.52,1183.68,Low_spent_Medium_value_payments,Good,0
57,54348.2,3327.0,8,7,1,5,2,4,Standard,24136.12,30.8,408,Yes,2057.31,50.0,High_spent_Small_value_payments,Poor,1
62,45730.52,3103.87,8,8,2,5,3,5,Bad,14944.47,43.52,231,Yes,512.83,1230.36,Low_spent_Large_value_payments,Poor,1
49,19997.11,1404.4,3,2,3,4,2,3,Standard,2979.14,15.12,146,No,67.65,561.1,Low_spent_Medium_value_payments,Standard,1
46,42181.16,2809.96,6,2,1,0,3,5,Standard,5028.07,18.46,132,No,432.82,947.86,High_spent_Large_value_payments,Standard,0
68,17857.28,1209.92,4,7,4,8,4,0,Good,5283.59,44.53,327,No,128.44,391.42,High_spent_Small_value_payments,Good,0
20,31205.26,2129.9,4,4,2,6,3,1,Standard,707.22,15.85,15,No,33.27,1441.28,Low_spent_Small_value_payments,Standard,1
57,67349.3,4232.71,2,4,2,1,1,5,Standard,20284.95,21.91,119,No,866.81,833.21,High_spent_Large_value_payments,Standard,0
51,58572.53,3543.05,3,3,3,3,1,4,Standard,28282.62,13.12,332,Yes,786.09,1517.17,Low_spent_Medium_value_payments,Standard,0
57,36647.84,2199.61,5,6,0,14,4,4,Standard,10326.1,34.83,180,No,951.57,339.17,Low_spent_Small_value_payments,Poor,1
44,20233.93,1290.9,6,2,1,4,4,5,Good,11048.73,27.68,65,Yes,737.31,50.0,High_spent_Small_value_payments,Poor,1
30,53495.49,3349.67,3,9,0,6,3,1,Bad,12494.02,21.79,122,Yes,998.72,432.01,Low_spent_Small_value_payments,Poor,1
62,36740.27,2229.22,3,6,0,6,2,4,Standard,6152.3,48.33,193,Yes,430.15,788.16,Low_spent_Small_value_payments,Poor,1
50,15000.0,929.17,1,2,3,4,3,1,Standard,3390.8,15.54,254,No,93.71,480.2,High_spent_Large_value_payments,Good,0
23,58080.07,3563.14,6,5,3,3,0,7,Bad,27109.58,31.98,13,No,835.62,1468.26,High_spent_Large_value_payments,Poor,1
41,35791.31,2502.21,3,3,1,13,3,1,Bad,1770.94,34.34,174,Yes,146.48,1009.88,High_spent_Medium_value_payments,Poor,1
36,74717.58,4596.59,3,4,1,3,0,3,Standard,7822.75,34.02,83,Yes,600.08,1904.55,High_spent_Large_value_payments,Standard,1
33,18823.05,1239.02,5,5,1,0,2,3,Good,4662.81,28.02,61,Yes,383.3,143.61,High_spent_Small_value_payments,Standard,1
57,15000.0,996.38,7,11,1,4,1,3,Standard,3546.6,16.21,114,Yes,278.14,349.45,Low_spent_Large_value_payments,Standard,1
45,42935.33,2828.91,2,6,0,2,2,1,Good,14396.58,50.15,267,Yes,1038.32,899.37,High_spent_Medium_value_payments,Standard,0
50,43258.03,2641.9,3,6,2,0,1,2,Standard,3461.28,43.71,326,No,158.94,1614.5,Low_spent_Small_value_payments,Good,0
65,15000.0,951.8,2,9,2,2,4,5,Standard,8235.13,77.03,439,Yes,301.89,85.02,High_spent_Large_value_payments,Poor,1
58,20189.14,1222.56,3,5,0,16,4,3,Standard,3572.13,9.57,194,Yes,337.14,398.8,Low_spent_Large_value_payments,Poor,0
30,189687.0,12194.3,3,4,3,6,2,5,Standard,11177.8,8.88,28,Yes,328.6,6540.91,Low_spent_Small_value_payments,Good,0
60,30231.32,1875.65,2,9,3,3,0,5,Good,5293.31,12.94,185,Yes,165.56,948.92,High_spent_Large_value_payments,Good,0
62,56307.07,3721.02,5,6,3,11,4,1,Good,18611.3,16.43,322,No,442.04,1340.05,High_spent_Large_value_payments,Good,0
42,24577.93,1659.14,3,4,2,2,0,2,Standard,6347.65,21.64,124,Yes,252.76,420.63,Low_spent_Medium_value_payments,Standard,1
59,15000.0,986.47,3,5,1,6,5,5,Good,6244.59,57.6,144,No,443.31,50.0,High_spent_Large_value_payments,Poor,1
53,32788.89,2121.58,1,8,1,14,6,3,Good,7964.78,34.02,142,No,531.1,765.0,High_spent_Medium_value_payments,Standard,1
44,30965.76,1987.88,3,5,5,0,1,4,Good,6021.81,40.39,238,Yes,110.64,697.79,Low_spent_Large_value_payments,Good,1
55,28568.87,1974.63,5,4,1,10,6,6,Good,6226.54,32.62,186,No,618.05,505.35,High_spent_Small_value_payments,Standard,1
24,33901.53,2114.66,4,4,1,1,1,4,Good,3055.17,66.11,21,Yes,269.13,927.45,Low_spent_Small_value_payments,Poor,1
22,42555.35,2891.81,2,6,3,3,2,1,Good,14176.44,36.95,29,Yes,332.21,1227.25,High_spent_Medium_value_payments,Standard,1
60,33187.54,2263.59,8,4,2,4,3,1,Good,12650.27,29.04,302,No,614.65,803.11,High_spent_Large_value_payments,Good,0
62,17010.67,1097.89,3,10,2,2,5,4,Bad,6134.64,13.28,253,Yes,271.56,369.6,High_spent_Medium_value_payments,Poor,1
68,48616.14,3073.55,4,2,3,3,3,2,Standard,2600.49,44.25,333,Yes,82.5,1305.44,High_spent_Large_value_payments,Standard,0
48,15000.0,976.46,4,6,0,1,3,6,Standard,7474.57,18.82,137,Yes,664.56,50.0,Low_spent_Small_value_payments,Poor,1
40,15000.0,915.15,6,7,1,7,3,3,Standard,3569.19,43.86,181,Yes,296.58,72.02,High_spent_Large_value_payments,Poor,1
59,56585.51,3423.29,2,7,1,1,1,4,Good,16645.4,40.56,174,No,1151.74,278.17,High_spent_Large_value_payments,Standard,1
27,49227.72,3013.18,4,5,3,4,2,6,Good,3486.85,15.74,65,No,80.55,1880.79,Low_spent_Large_value_payments,Good,1
49,35086.19,2176.31,2,5,2,2,1,2,Good,18381.88,8.92,199,Yes,910.98,350.41,High_spent_Medium_value_payments,Good,0
60,15720.66,1029.1,4,5,3,4,3,5,Bad,2727.44,41.16,149,Yes,64.0,577.88,Low_spent_Small_value_payments,Poor,1
47,23748.0,1643.34,4,10,1,3,0,6,Bad,5744.98,36.68,166,Yes,520.24,310.69,Low_spent_Medium_value_payments,Poor,0
56,31018.9,1940.32,6,5,3,2,1,4,Good,8434.22,9.05,255,Yes,212.09,609.58,High_spent_Medium_value_payments,Good,0
48,15000.0,1051.96,6,6,2,4,1,4,Bad,2225.3,13.56,80,Yes,110.19,579.56,High_spent_Small_value_payments,Poor,1
35,23308.72,1639.65,3,5,1,1,2,1,Standard,9432.18,9.31,155,No,788.52,161.08,Low_spent_Small_value_payments,Good,0
53,53712.35,3780.71,2,4,3,2,2,4,Good,12693.4,32.38,296,Yes,325.25,2198.18,High_spent_Large_value_payments,Good,0
19,85509.54,5906.45,3,3,1,3,2,1,Standard,20924.41,28.74,6,Yes,1611.15,1546.15,Low_spent_Large_value_payments,Poor,0
31,28235.61,1805.43,2,4,4,2,0,0,Bad,14432.68,49.12,58,Yes,292.84,588.07,High_spent_Large_value_payments,Poor,1
30,57176.2,3475.59,5,6,1,8,2,8,Bad,10517.51,6.75,60,Yes,706.3,799.16,Low_spent_Small_value_payments,Poor,0
46,15000.0,992.43,6,8,1,5,3,1,Good,5189.56,19.94,255,Yes,406.49,133.63,High_spent_Large_value_payments,Good,0
29,53942.33,3563.02,6,7,2,0,0,3,Bad,23814.8,28.94,109,No,868.19,1246.97,High_spent_Small_value_payments,Poor,0
56,22418.26,1551.52,1,9,2,0,1,3,Standard,2568.15,21.03,146,No,127.75,594.13,High_spent_Medium_value_payments,Good,1
19,43669.59,3091.37,6,5,1,3,2,2,Good,9655.29,47.24,6,No,748.9,518.5,High_spent_Small_value_payments,Standard,1
49,31299.22,2050.26,2,5,2,2,4,3,Standard,3977.76,14.51,267,Yes,143.93,914.63,High_spent_Small_value_payments,Standard,0
30,80197.56,5111.77,3,9,1,0,3,2,Standard,32597.59,24.49,72,Yes,3231.87,50.0,High_spent_Medium_value_payments,Poor,1
63,21489.91,1332.67,3,2,1,1,0,2,Bad,5670.52,30.74,355,No,398.18,211.72,Low_spent_Large_value_payments,Standard,1
44,52921.44,3178.04,1,2,2,0,0,3,Bad,11961.06,22.1,253,Yes,537.88,741.42,High_spent_Medium_value_payments,Standard,0
66,30708.52,2011.88,4,14,0,0,1,3,Standard,6156.45,32.05,489,Yes,431.4,463.75,High_spent_Large_value_payments,Good,0
58,33024.89,2180.24,2,8,3,4,2,4,Good,2820.02,35.55,232,Yes,63.01,1042.48,High_spent_Large_value_payments,Standard,0
34,32522.51,2242.0,5,5,2,0,3,3,Good,10184.03,6.52,71,Yes,471.28,881.38,Low_spent_Small_value_payments,Good,1
57,21863.99,1431.35,4,7,0,21,6,2,Good,1935.53,40.48,355,Yes,131.81,682.62,Low_spent_Large_value_payments,Poor,0
48,36009.59,2518.09,4,9,2,2,1,1,Standard,9862.32,16.83,167,Yes,397.53,845.61,High_spent_Small_value_payments,Standard,0
51,34975.78,2336.53,6,6,0,1,1,1,Good,6100.47,15.09,106,Yes,553.97,1066.34,Low_spent_Medium_value_payments,Good,0
41,41971.42,2900.38,4,5,4,1,1,3,Good,8490.42,4.97,195,Yes,189.76,1530.46,High_spent_Medium_value_payments,Good,0
62,38204.29,2353.64,5,4,2,5,2,4,Standard,16151.23,6.31,379,Yes,545.44,412.03,High_spent_Small_value_payments,Good,1
52,58617.98,4060.24,2,2,4,2,1,2,Standard,4634.13,44.61,139,No,78.31,2548.63,Low_spent_Large_value_payments,Standard,1
65,63202.88,4254.44,2,3,2,0,0,2,Good,2320.52,52.76,122,Yes,91.39,1757.95,Low_spent_Large_value_payments,Good,0
23,19334.11,1195.7,5,3,1,0,2,4,Bad,11872.65,25.55,17,No,836.99,50.0,High_spent_Medium_value_payments,Poor,1
36,61160.91,3795.39,3,5,4,1,1,2,Good,9938.27,12.35,90,Yes,240.29,1416.8,Low_spent_Medium_value_payments,Good,1
47,17822.16,1248.21,4,8,3,0,3,4,Good,1792.49,49.53,157,Yes,49.55,813.91,Low_spent_Small_value_payments,Standard,1
24,51674.18,3118.49,2,5,2,0,0,4,Standard,13172.32,4.26,59,Yes,475.0,1184.34,Low_spent_Large_value_payments,Standard,0
27,52672.21,3424.26,4,7,1,11,4,2,Bad,3547.66,23.77,60,Yes,324.3,1348.22,Low_spent_Medium_value_payments,Poor,1
58,15000.0,950.94,5,6,4,5,3,4,Good,1751.46,37.7,392,Yes,33.93,403.5,Low_spent_Large_value_payments,Good,0
49,38399.03,2580.61,3,2,1,2,0,2,Good,3955.67,15.99,123,Yes,392.35,1016.29,Low_spent_Large_value_payments,Good,0
51,27416.56,1894.37,5,2,3,22,7,4,Standard,898.76,8.69,294,No,27.76,871.26,High_spent_Small_value_payments,Standard,1
45,23034.33,1471.99,10,7,4,27,9,1,Good,5252.45,12.27,85,Yes,91.79,499.99,Low_spent_Large_value_payments,Poor,1
32,81675.67,5278.27,5,4,0,6,2,2,Good,5386.5,6.86,129,Yes,500.58,1748.53,Low_spent_Medium_value_payments,Good,0
47,24533.44,1732.98,3,8,2,3,1,2,Standard,6937.58,16.55,160,No,328.7,380.62,Low_spent_Medium_value_payments,Standard,0
54,22385.61,1533.24,6,4,2,4,1,5,Good,4028.31,51.23,289,Yes,160.67,649.59,Low_spent_Small_value_payments,Standard,0
46,38002.87,2649.55,1,7,3,4,1,3,Bad,14423.06,22.08,288,No,341.01,957.62,High_spent_Large_value_payments,Standard,1
39,54794.98,3548.15,3,3,1,1,4,3,Good,5470.73,9.47,191,No,460.27,1420.45,High_spent_Large_value_payments,Good,0
21,33356.6,2085.98,3,4,1,4,4,4,Good,8527.73,16.84,12,Yes,783.32,193.48,High_spent_Small_value_payments,Poor,1
37,73117.45,4713.29,5,4,1,0,3,2,Bad,2915.3,17.88,159,Yes,291.3,2141.48,Low_spent_Medium_value_payments,Standard,1
49,49940.39,3383.84,2,5,0,0,1,1,Standard,19152.37,18.97,167,Yes,1855.35,147.05,Low_spent_Medium_value_payments,Standard,0
53,15000.0,917.78,4,2,1,1,0,2,Bad,1481.73,11.11,276,No,144.06,453.73,Low_spent_Medium_value_payments,Standard,0
67,26431.71,1663.35,8,8,2,1,1,3,Standard,6552.73,35.75,153,No,300.12,604.1,High_spent_Large_value_payments,Standard,0
21,25923.23,1568.49,2,4,3,7,4,2,Bad,5520.61,12.83,7,No,170.32,862.73,Low_spent_Small_value_payments,Poor,1
44,48417.5,3131.83,4,7,1,0,2,2,Good,7626.39,13.85,265,Yes,600.61,684.54,Low_spent_Large_value_payments,Good,0
34,15000.0,1034.46,4,5,2,0,0,2,Good,4070.51,16.87,165,Yes,144.34,450.43,High_spent_Small_value_payments,Good,0
29,167611.79,10101.49,4,4,3,2,2,5,Good,20144.86,49.55,40,No,671.12,5767.65,High_spent_Large_value_payments,Good,1
39,49941.9,3361.89,2,6,3,6,4,3,Good,7037.69,2.54,216,Yes,158.3,1260.55,Low_spent_Large_value_payments,Good,0
34,39708.72,2783.66,2,7,1,17,4,1,Standard,7267.21,29.98,114,Yes,611.15,1090.54,Low_spent_Large_value_payments,Poor,1
27,73787.21,4616.62,3,5,0,1,1,4,Good,18324.57,14.04,64,Yes,1623.24,405.51,High_spent_Small_value_payments,Standard,0
18,148181.39,10004.37,8,7,1,0,1,2,Bad,36606.11,50.75,6,Yes,3054.27,2214.2,High_spent_Small_value_payments,Poor,1
39,61233.39,4320.85,6,4,3,8,3,6,Good,32167.57,47.84,184,Yes,896.65,1247.55,Low_spent_Large_value_payments,Poor,1
43,64169.79,4519.14,6,6,1,5,5,4,Bad,20769.87,8.02,109,Yes,1713.3,576.6,Low_spent_Small_value_payments,Poor,1
35,39277.77,2456.63,3,3,1,9,6,4,Good,10750.02,21.87,155,Yes,927.14,692.4,High_spent_Medium_value_payments,Poor,1
67,33359.06,2037.8,9,3,2,0,0,5,Standard,5224.1,41.34,454,No,214.7,903.24,High_spent_Small_value_payments,Good,0
31,27296.74,1681.65,6,5,1,1,2,5,Good,7036.2,38.23,51,No,602.39,428.34,Low_spent_Medium_value_payments,Standard,1
64,22122.11,1495.57,5,8,5,11,2,2,Standard,3785.75,36.11,354,Yes,52.44,810.44,High_spent_Medium_value_payments,Standard,1
46,24047.63,1631.93,4,2,4,9,2,2,Good,8411.42,14.18,242,Yes,167.75,745.86,High_spent_Medium_value_payments,Good,1
29,16149.86,1086.95,6,7,1,2,2,2,Good,2390.43,17.83,80,Yes,235.24,444.05,High_spent_Large_value_payments,Standard,0
53,34699.38,2208.3,3,4,0,10,5,2,Good,8475.8,26.65,174,Yes,718.18,378.44,High_spent_Medium_value_payments,Standard,0
52,15000.0,927.59,5,8,3,6,2,1,Good,4440.5,16.16,162,Yes,146.31,406.77,High_spent_Large_value_payments,Good,0
69,40723.06,2699.6,1,3,4,8,3,2,Bad,23844.93,23.39,539,Yes,467.85,953.41,Low_spent_Medium_value_payments,Standard,0
29,35532.45,2318.13,3,4,5,1,1,1,Standard,477.12,11.56,103,Yes,6.58,1023.43,High_spent_Large_value_payments,Good,0
24,39662.49,2692.91,4,6,3,1,0,3,Good,17159.81,11.54,27,Yes,385.0,1314.72,High_spent_Large_value_payments,Good,0
46,26548.3,1719.84,8,5,6,7,2,6,Good,2729.94,32.06,258,Yes,44.04,1027.27,High_spent_Large_value_payments,Standard,1
28,230064.78,14647.9,6,7,1,9,2,1,Standard,61196.4,32.05,49,Yes,4676.42,3149.41,High_spent_Small_value_payments,Poor,0
50,82130.9,5188.98,6,5,4,7,3,0,Standard,44663.62,37.04,331,Yes,841.85,1653.25,Low_spent_Large_value_payments,Standard,0
23,17210.49,1072.06,4,7,1,1,2,4,Standard,2598.4,20.72,45,Yes,251.12,265.73,Low_spent_Large_value_payments,Poor,1
64,41761.11,2625.89,2,6,0,12,4,1,Good,8369.1,23.35,423,Yes,604.19,768.67,Low_spent_Medium_value_payments,Good,1
32,25215.05,1538.81,3,3,1,18,5,3,Good,8341.22,7.43,39,No,677.79,337.72,High_spent_Small_value_payments,Standard,1
49,19757.97,1259.72,3,7,2,0,1,1,Bad,6548.5,34.06,91,Yes,321.9,229.53,Low_spent_Large_value_payments,Poor,1
68,16251.76,981.54,6,2,5,11,2,6,Standard,5505.86,18.9,461,Yes,96.75,323.43,High_spent_Small_value_payments,Standard,0
28,47067.12,2919.08,2,4,5,7,3,1,Good,4294.16,32.36,61,No,84.83,1285.55,High_spent_Small_value_payments,Good,0
40,24129.05,1642.95,4,3,3,1,2,4,Bad,5382.29,58.31,225,Yes,134.05,787.54,High_spent_Large_value_payments,Poor,1
43,64906.02,4123.21,3,7,5,1,1,4,Bad,15514.8,17.75,204,Yes,236.35,2008.82,High_spent_Medium_value_payments,Standard,1
51,65924.76,4432.73,3,8,4,1,1,3,Standard,17599.99,38.93,172,Yes,392.51,2619.71,High_spent_Medium_value_payments,Standard,1
63,82813.69,5611.97,4,6,3,0,1,5,Good,27378.17,13.84,207,Yes,910.53,1450.48,High_spent_Large_value_payments,Good,0
51,21776.09,1443.67,6,3,2,1,1,4,Good,10065.25,12.01,337,Yes,449.31,177.37,Low_spent_Large_value_payments,Good,0
46,48301.57,3399.75,4,5,4,8,6,2,Bad,12818.67,22.49,105,No,290.94,1208.95,Low_spent_Medium_value_payments,Poor,1
21,53075.6,3196.86,2,5,1,1,1,4,Good,21378.69,16.85,21,No,1554.91,147.57,High_spent_Medium_value_payments,Standard,0
34,27323.25,1858.04,4,9,3,1,1,2,Bad,6605.42,27.25,82,Yes,206.78,832.3,High_spent_Large_value_payments,Poor,1
52,22855.27,1608.71,2,5,2,6,1,3,Bad,13724.43,9.67,339,No,621.63,217.62,Low_spent_Medium_value_payments,Standard,0
30,95388.41,6614.35,4,7,3,6,1,3,Good,27882.06,12.41,128,Yes,764.09,3679.72,Low_spent_Medium_value_payments,Good,0
58,41626.72,2573.32,3,5,1,2,0,3,Good,553.67,34.69,281,Yes,47.42,1473.16,Low_spent_Small_value_payments,Good,0
56,53187.6,3379.57,6,2,3,9,6,2,Standard,11292.21,15.73,111,No,329.18,1841.5,Low_spent_Medium_value_payments,Standard,1
32,22175.74,1371.97,5,5,0,2,1,4,Good,2313.5,19.71,147,No,160.47,466.81,High_spent_Large_value_payments,Good,0
46,17473.3,1162.22,6,3,6,1,3,4,Good,5798.23,46.03,168,No,95.63,650.93,High_spent_Small_value_payments,Standard,1
46,25805.17,1747.41,2,6,2,1,2,8,Good,1135.01,34.88,171,Yes,49.39,653.83,High_spent_Medium_value_payments,Standard,1
28,33711.26,2138.47,2,7,2,1,1,3,Standard,12838.78,19.65,58,Yes,547.21,478.46,High_spent_Large_value_payments,Poor,0
69,19177.02,1262.7,2,4,1,0,3,6,Standard,9408.79,16.59,253,Yes,796.91,75.45,High_spent_Small_value_payments,Standard,0
49,36101.62,2436.32,3,4,1,0,3,5,Standard,15124.61,12.35,100,Yes,1501.77,50.0,Low_spent_Small_value_payments,Poor,1
19,15000.0,968.47,3,8,4,0,0,3,Bad,957.72,17.47,9,Yes,23.22,580.19,Low_spent_Medium_value_payments,Poor,1
64,18545.3,1284.3,2,3,2,1,2,2,Standard,4639.91,24.65,208,Yes,173.87,548.43,Low_spent_Medium_value_payments,Standard,1
31,54314.51,3712.86,2,7,1,7,2,3,Good,13880.47,23.43,81,Yes,941.44,1405.26,High_spent_Small_value_payments,Standard,1
37,52170.6,3166.78,5,11,1,0,1,3,Standard,7098.33,32.56,80,No,653.99,638.11,Low_spent_Large_value_payments,Standard,1
39,28706.36,1915.54,7,6,6,2,2,0,Standard,6949.27,20.1,53,No,85.95,1006.14,Low_spent_Medium_value_payments,Standard,0
28,19719.07,1233.42,4,4,1,0,3,3,Standard,6012.71,40.75,67,Yes,429.41,94.96,High_spent_Large_value_payments,Poor,1
44,19605.35,1294.73,2,9,1,2,4,7,Good,6268.23,38.25,103,Yes,626.65,158.66,High_spent_Small_value_payments,Poor,1
20,29028.66,2042.64,7,6,1,0,2,5,Bad,2032.89,35.37,10,Yes,162.83,1065.11,High_spent_Large_value_payments,Poor,1
34,53461.18,3716.79,3,7,0,1,1,5,Bad,14426.02,3.33,68,No,1319.03,750.7,High_spent_Small_value_payments,Poor,1
61,63382.77,4080.73,4,2,1,0,0,0,Standard,22720.66,32.73,317,No,1755.72,124.58,Low_spent_Medium_value_payments,Good,0
45,26959.23,1702.69,8,5,2,7,1,3,Good,13953.56,25.59,254,Yes,471.02,221.58,Low_spent_Medium_value_payments,Standard,0
46,18176.86,1136.77,4,5,3,0,1,1,Good,7726.68,33.16,82,No,191.42,366.51,Low_spent_Small_value_payments,Good,0
38,42646.74,2804.83,6,6,3,11,2,3,Standard,18680.67,73.75,69,Yes,430.36,951.48,Low_spent_Large_value_payments,Poor,1
64,22156.34,1356.8,5,5,0,7,2,2,Bad,6247.78,19.51,310,No,442.31,479.19,High_spent_Small_value_payments,Standard,0
33,26610.16,1754.95,5,5,2,3,1,3,Standard,7098.52,30.62,66,Yes,330.97,817.42,Low_spent_Small_value_payments,Poor,0
54,80431.86,4827.07,5,1,2,1,1,3,Good,11132.99,17.32,344,Yes,542.96,2801.31,Low_spent_Small_value_payments,Good,0
37,59651.18,3788.35,7,4,3,0,0,4,Standard,11102.84,6.32,150,Yes,365.61,1694.52,High_spent_Small_value_payments,Good,0
23,39926.06,2490.69,4,7,2,8,6,3,Standard,15793.33,13.64,44,Yes,631.3,732.41,Low_spent_Small_value_payments,Poor,1
36,16930.1,1193.94,4,3,0,4,3,5,Good,2643.08,4.03,168,Yes,201.3,467.32,High_spent_Small_value_payments,Good,0
22,41226.56,2798.4,5,3,3,2,2,3,Bad,13598.34,14.65,10,Yes,422.22,1249.36,Low_spent_Medium_value_payments,Poor,0
20,68706.18,4382.62,8,6,2,3,1,5,Standard,30818.91,24.83,20,Yes,1267.36,1344.08,Low_spent_Medium_value_payments,Poor,1
18,28987.49,1768.41,3,7,2,2,0,2,Bad,2400.54,20.45,6,Yes,112.9,602.11,High_spent_Small_value_payments,Poor,1
55,81688.5,5358.66,2,2,3,3,2,2,Good,14310.93,44.49,93,No,452.19,3151.51,High_spent_Large_value_payments,Good,0
32,78877.17,4915.02,3,4,2,1,0,1,Bad,19367.24,5.97,37,No,956.29,1444.58,High_spent_Large_value_payments,Standard,0
51,98542.15,6485.19,4,4,1,5,1,2,Good,40948.92,5.68,124,Yes,3188.91,50.0,Low_spent_Medium_value_payments,Standard,0
52,43614.54,3011.57,3,3,5,1,2,2,Good,13116.91,69.43,358,No,199.12,1344.82,Low_spent_Large_value_payments,Good,1
66,51659.79,3444.21,4,13,2,1,1,2,Good,17639.81,40.68,337,Yes,747.41,822.08,High_spent_Small_value_payments,Good,0
42,84839.15,5672.86,5,8,4,3,2,3,Standard,10402.7,31.89,146,Yes,215.55,3470.55,Low_spent_Small_value_payments,Standard,1
41,47497.69,3128.25,1,4,0,21,5,2,Standard,13538.46,9.05,228,No,1331.38,550.31,Low_spent_Small_value_payments,Poor,0
29,26883.27,1883.05,6,4,2,2,0,3,Standard,14738.79,46.54,95,No,572.57,597.88,Low_spent_Medium_value_payments,Poor,1
35,27746.76,1944.93,1,7,3,0,0,3,Standard,9315.44,5.74,47,Yes,282.12,649.43,High_spent_Large_value_payments,Standard,1
32,41903.85,2746.99,6,4,1,5,2,2,Standard,6133.12,58.12,143,Yes,482.42,781.11,High_spent_Medium_value_payments,Poor,0
61,16741.79,1059.96,5,4,3,1,1,2,Bad,3947.45,46.84,416,No,88.41,337.2,High_spent_Large_value_payments,Standard,0
33,33324.38,2165.38,5,7,2,10,2,3,Good,10981.95,64.19,88,Yes,379.15,761.34,Low_spent_Small_value_payments,Poor,1
44,70117.54,4348.76,5,1,2,6,2,3,Standard,14005.21,18.04,78,Yes,501.03,1741.59,High_spent_Small_value_payments,Standard,1
25,15000.0,1003.41,3,5,1,0,1,0,Bad,3177.89,39.68,62,Yes,255.02,228.17,Low_spent_Medium_value_payments,Poor,1
63,91188.97,5965.37,2,4,0,1,0,2,Standard,19967.15,21.17,135,Yes,1787.13,723.67,Low_spent_Medium_value_payments,Standard,0
42,71212.56,4352.45,3,4,4,1,2,3,Standard,17701.1,18.83,130,Yes,350.47,1631.51,Low_spent_Small_value_payments,Standard,0
34,27560.57,1712.65,6,5,1,10,2,4,Bad,6651.92,16.55,44,Yes,623.71,336.61,Low_spent_Medium_value_payments,Poor,1
46,50313.79,3280.26,3,3,4,8,4,2,Good,5028.12,13.46,200,Yes,123.25,1339.26,Low_spent_Medium_value_payments,Good,0
25,36384.15,2532.9,2,6,3,9,5,4,Standard,16202.32,48.23,38,Yes,526.83,970.04,High_spent_Small_value_payments,Poor,1
32,75962.44,5023.84,6,6,1,30,10,0,Good,33465.6,38.97,134,No,2259.38,796.51,High_spent_Medium_value_payments,Poor,1
44,65487.19,4412.74,4,7,2,4,4,3,Bad,12871.64,45.18,186,Yes,433.01,1712.92,Low_spent_Small_value_payments,Poor,1
63,15677.12,998.21,2,4,2,0,5,3,Bad,3626.14,46.2,359,Yes,166.93,309.47,Low_spent_Medium_value_payments,Poor,1
67,51655.78,3419.11,1,6,1,3,1,2,Good,9650.88,9.36,187,Yes,844.42,891.93,High_spent_Medium_value_payments,Good,0
69,32100.38,2081.6,6,5,3,3,1,5,Standard,13657.44,16.87,471,Yes,350.12,659.53,Low_spent_Small_value_payments,Good,0
24,38165.97,2562.49,4,3,3,3,2,2,Standard,14803.59,22.15,60,Yes,479.45,710.4,High_spent_Small_value_payments,Poor,1
20,23461.05,1420.52,4,4,2,0,0,9,Bad,3069.01,24.87,17,No,104.74,646.4,High_spent_Large_value_payments,Poor,1
46,103661.1,6773.64,3,9,2,0,3,4,Good,41298.23,7.67,84,No,1552.02,2986.8,High_spent_Small_value_payments,Good,0
61,67780.99,4284.21,3,4,2,1,1,2,Good,20354.47,60.0,395,Yes,769.11,1348.71,High_spent_Large_value_payments,Good,0
41,23298.34,1480.23,4,7,2,10,3,4,Standard,10694.93,25.48,196,Yes,375.05,312.81,Low_spent_Small_value_payments,Poor,1
20,16305.11,1148.04,3,10,1,0,3,4,Bad,5513.77,66.53,7,Yes,471.19,161.87,Low_spent_Small_value_payments,Poor,1
37,28813.42,1785.83,6,3,3,2,1,5,Bad,5699.7,33.82,75,No,136.41,1044.35,High_spent_Large_value_payments,Poor,1
63,47131.72,2986.82,4,7,3,4,6,5,Good,14719.05,3.88,440,Yes,435.09,1583.79,High_spent_Medium_value_payments,Good,0
32,41945.38,2748.42,5,6,1,1,4,3,Standard,11198.26,9.09,48,Yes,1001.82,868.98,Low_spent_Medium_value_payments,Poor,1
42,77024.57,5341.61,4,5,3,1,0,2,Standard,11845.88,20.46,61,No,348.48,2743.06,Low_spent_Large_value_payments,Good,0
47,58334.67,3763.4,6,2,2,6,4,1,Standard,12733.67,42.43,132,Yes,582.49,1710.19,High_spent_Medium_value_payments,Poor,1
31,64973.93,4422.03,2,3,1,8,3,7,Good,36976.81,44.5,81,Yes,3095.42,50.0,High_spent_Medium_value_payments,Poor,1
24,44183.79,3060.94,4,6,4,6,4,3,Standard,7451.64,33.29,39,Yes,174.26,1245.8,High_spent_Small_value_payments,Poor,1
34,15778.77,999.72,5,9,5,15,4,0,Good,3957.14,34.93,126,Yes,64.88,342.43,High_spent_Small_value_payments,Poor,0
61,32292.2,2074.93,3,8,2,1,3,4,Standard,9650.22,19.22,424,Yes,368.39,522.95,High_spent_Large_value_payments,Good,1
37,68600.41,4381.01,2,6,2,41,11,6,Standard,14915.46,45.87,179,Yes,551.45,2359.06,Low_spent_Small_value_payments,Poor,1
53,35210.03,2430.29,2,3,3,0,0,2,Standard,8746.08,14.98,335,Yes,276.24,898.08,High_spent_Large_value_payments,Good,1
26,49111.78,2970.3,4,4,2,1,1,3,Standard,10422.14,48.99,24,Yes,483.49,1035.08,Low_spent_Large_value_payments,Poor,0
55,29993.95,1899.85,4,7,1,3,2,3,Good,8461.7,12.99,97,Yes,595.54,477.42,Low_spent_Small_value_payments,Standard,0
65,19577.04,1318.71,2,7,4,2,0,3,Good,1635.27,7.25,297,Yes,40.11,787.8,Low_spent_Large_value_payments,Good,0
39,33724.96,2230.08,7,6,1,0,2,1,Good,5618.15,42.18,96,Yes,473.93,525.94,Low_spent_Medium_value_payments,Standard,1
19,43714.21,2829.47,3,7,1,7,1,2,Standard,2681.79,46.08,9,Yes,189.3,1127.74,High_spent_Small_value_payments,Poor,1
41,24503.9,1613.57,2,4,2,1,1,3,Good,6006.81,16.55,223,Yes,296.99,823.17,Low_spent_Small_value_payments,Good,1
25,31526.17,1959.05,7,4,1,5,2,0,Bad,14356.47,36.18,44,No,1156.73,56.28,High_spent_Medium_value_payments,Poor,1
28,20667.59,1336.49,4,7,4,6,1,2,Good,2077.54,45.62,78,Yes,42.85,617.48,Low_spent_Large_value_payments,Standard,1
30,71078.98,4651.06,2,5,1,0,0,0,Bad,20324.26,26.72,52,No,1823.54,193.58,High_spent_Large_value_payments,Poor,1
34,30434.33,2123.19,3,5,2,0,1,2,Standard,10515.62,19.21,116,Yes,411.02,1007.19,High_spent_Medium_value_payments,Standard,0
25,86825.3,5454.86,3,8,0,18,6,3,Good,21730.02,29.9,56,No,1478.73,1814.95,Low_spent_Large_value_payments,Poor,1
38,90875.77,6306.91,5,4,3,7,2,2,Standard,20566.07,37.34,109,No,609.12,2955.67,High_spent_Small_value_payments,Standard,1
35,34591.82,2316.94,4,2,1,2,0,3,Good,15317.27,46.65,129,No,1204.39,50.0,High_spent_Medium_value_payments,Standard,1
47,19829.59,1194.15,4,5,1,6,3,3,Standard,8222.73,45.25,78,Yes,721.18,105.41,High_spent_Small_value_payments,Poor,1
35,15000.0,1017.75,6,7,1,6,5,0,Standard,6146.45,5.0,153,Yes,567.1,50.0,Low_spent_Large_value_payments,Standard,1
63,15014.59,906.66,2,8,1,7,4,1,Good,6495.11,44.54,317,Yes,440.11,50.0,Low_spent_Medium_value_payments,Standard,0
64,15925.85,1127.63,4,4,3,8,4,4,Good,3065.09,26.92,129,No,90.14,513.83,High_spent_Medium_value_payments,Standard,1
48,83040.34,5767.45,6,8,0,3,2,3,Standard,12458.55,36.81,186,No,1174.18,2598.33,Low_spent_Large_value_payments,Standard,1
55,38929.0,2461.14,4,3,0,2,2,2,Bad,18479.07,21.0,276,Yes,1239.69,50.0,High_spent_Medium_value_payments,Poor,0
49,45879.0,2880.68,4,5,3,2,3,2,Bad,11843.78,20.39,94,Yes,305.67,1151.31,High_spent_Small_value_payments,Poor,1
28,15000.0,961.98,3,6,2,3,1,1,Bad,8750.81,35.36,106,Yes,392.3,110.3,High_spent_Medium_value_payments,Poor,1
62,17698.23,1130.18,5,7,3,1,1,1,Bad,2348.22,19.23,380,No,74.14,383.85,High_spent_Large_value_payments,Good,0
42,61836.42,3959.61,5,5,1,1,1,6,Good,10150.69,13.02,109,Yes,911.8,1155.91,High_spent_Small_value_payments,Good,1
50,43133.9,2736.76,5,5,3,7,1,5,Good,10319.62,24.92,291,Yes,324.44,1550.05,Low_spent_Large_value_payments,Good,0
55,33245.57,2218.44,1,3,1,10,2,2,Standard,1526.16,29.63,326,Yes,145.03,1151.29,High_spent_Medium_value_payments,Standard,1
58,50965.56,3148.63,5,2,1,10,4,2,Standard,4008.56,16.2,173,No,373.19,1087.83,High_spent_Medium_value_payments,Standard,0
25,96904.25,6702.36,3,7,2,1,4,2,Good,21870.2,26.89,63,Yes,845.46,3151.33,Low_spent_Small_value_payments,Good,0
28,31804.86,2188.21,3,2,4,0,1,2,Good,1908.84,35.97,30,Yes,35.65,1445.93,Low_spent_Small_value_payments,Standard,1
39,37858.92,2466.96,6,3,2,3,2,3,Bad,9305.94,23.52,169,No,384.69,1273.71,High_spent_Large_value_payments,Poor,1
68,40764.14,2822.42,4,7,3,1,2,3,Good,3611.48,3.74,381,No,103.27,1467.35,High_spent_Medium_value_payments,Good,0
41,152552.76,9561.61,3,5,2,3,1,1,Bad,50095.66,48.34,239,No,1695.03,4760.59,High_spent_Large_value_payments,Standard,0
58,15000.0,902.85,6,2,3,4,2,1,Standard,4811.63,38.63,310,No,155.45,351.11,High_spent_Medium_value_payments,Standard,0
34,54717.22,3650.08,3,5,2,8,4,2,Good,1356.83,41.78,85,Yes,53.65,1830.7,Low_spent_Large_value_payments,Standard,0
29,33898.25,2202.05,2,6,2,7,2,4,Standard,11796.4,16.36,75,Yes,424.99,1089.87,High_spent_Small_value_payments,Poor,1
63,51024.59,3374.98,4,10,2,0,2,3,Standard,8821.03,17.34,479,Yes,324.85,1702.55,Low_spent_Small_value_payments,Good,1
49,24479.14,1707.24,4,5,4,0,3,2,Standard,16796.44,5.21,110,Yes,323.32,798.61,High_spent_Medium_value_payments,Standard,0
32,35264.11,2486.39,2,2,1,17,7,5,Bad,8685.7,58.45,112,Yes,683.49,888.89,Low_spent_Medium_value_payments,Poor,1
33,55650.5,3721.53,4,6,2,1,2,3,Bad,13430.51,16.36,129,Yes,652.2,1658.7,Low_spent_Large_value_payments,Poor,0
39,235095.27,16051.66,2,6,4,10,4,2,Bad,28278.26,28.7,190,No,554.79,6678.36,High_spent_Large_value_payments,Good,0
45,58972.22,3591.88,5,5,5,1,2,1,Bad,11363.29,34.46,262,Yes,169.18,1817.09,Low_spent_Large_value_payments,Standard,1
37,21832.62,1347.97,4,7,4,9,4,5,Bad,1240.36,4.35,151,Yes,24.67,788.7,High_spent_Large_value_payments,Poor,1
50,28162.43,1913.44,5,6,1,0,1,5,Bad,10789.61,49.28,213,No,783.27,468.25,High_spent_Medium_value_payments,Poor,0
27,27665.78,1789.23,4,6,1,0,3,3,Standard,3003.94,22.98,55,Yes,248.91,714.18,High_spent_Small_value_payments,Poor,1
57,15000.0,972.47,7,9,4,8,5,2,Standard,2983.2,22.53,190,Yes,72.81,472.1,High_spent_Small_value_payments,Poor,0
49,29790.53,1887.03,2,2,4,10,4,3,Standard,8573.17,39.84,313,Yes,196.32,882.38,High_spent_Medium_value_payments,Poor,1
67,56370.29,3753.12,4,7,0,3,1,3,Standard,8105.45,23.65,208,No,780.68,1501.9,Low_spent_Medium_value_payments,Good,0
50,16906.62,1048.31,6,3,0,1,2,4,Bad,7737.61,52.62,305,No,733.82,50.0,Low_spent_Small_value_payments,Poor,1
19,68124.32,4550.13,3,4,2,6,2,6,Bad,8358.91,43.61,6,Yes,332.08,2009.54,Low_spent_Small_value_payments,Poor,1
50,48662.54,3011.38,4,6,1,0,0,5,Bad,6765.01,41.78,109,Yes,491.82,790.1,Low_spent_Large_value_payments,Poor,1
50,23375.88,1418.72,3,2,3,5,2,2,Standard,6145.32,13.97,266,Yes,181.12,671.53,High_spent_Small_value_payments,Standard,0
58,33358.98,2120.93,6,2,1,4,3,3,Bad,5145.2,42.18,294,No,457.79,682.16,Low_spent_Medium_value_payments,Poor,1
30,94749.62,5922.23,1,2,1,3,0,2,Standard,26370.82,5.13,38,Yes,2324.92,1591.24,Low_spent_Large_value_payments,Standard,0
47,56394.6,3926.8,2,4,0,4,3,1,Good,21931.84,57.98,73,Yes,2023.17,50.0,High_spent_Large_value_payments,Poor,1
50,36507.4,2212.18,4,7,3,5,1,4,Good,11261.7,31.71,109,Yes,275.56,984.22,High_spent_Large_value_payments,Standard,1
30,31488.89,1949.58,4,7,2,4,3,3,Standard,9177.27,11.71,95,Yes,307.91,530.34,Low_spent_Medium_value_payments,Standard,1
69,38023.72,2507.45,5,10,1,0,2,1,Good,5879.06,32.69,324,Yes,490.03,665.81,High_spent_Large_value_payments,Good,0
43,26713.97,1742.06,5,5,0,0,0,2,Standard,8440.73,29.98,77,Yes,604.1,128.5,Low_spent_Small_value_payments,Poor,0
39,15000.0,907.45,5,4,2,21,7,3,Good,2389.54,41.93,162,Yes,80.77,384.57,Low_spent_Medium_value_payments,Poor,1
56,123661.93,7429.43,6,4,6,8,3,5,Good,18731.54,40.81,226,Yes,255.93,3532.25,Low_spent_Medium_value_payments,Good,0
19,39862.65,2818.45,4,3,1,2,1,3,Good,10908.52,40.08,7,Yes,974.15,913.48,Low_spent_Large_value_payments,Poor,1
55,46114.76,3096.02,5,6,1,7,4,4,Bad,12161.61,33.12,331,Yes,1028.8,1119.07,High_spent_Small_value_payments,Poor,1
56,35075.4,2243.37,1,4,0,0,2,1,Good,6590.12,34.11,98,Yes,446.29,971.73,Low_spent_Small_value_payments,Standard,0
43,23363.49,1520.88,5,5,4,3,2,1,Good,2715.28,25.57,71,Yes,49.65,987.72,Low_spent_Large_value_payments,Standard,1
63,32482.13,2042.72,5,2,1,0,1,3,Good,7878.28,19.18,391,No,638.0,233.74,High_spent_Medium_value_payments,Good,0
67,15000.0,956.04,2,4,2,3,1,1,Bad,5058.2,73.5,139,Yes,237.42,327.07,Low_spent_Small_value_payments,Poor,1
32,142379.58,9543.89,6,4,0,6,3,7,Bad,18024.48,34.16,99,Yes,1379.24,4796.07,High_spent_Medium_value_payments,Poor,1
51,17314.38,1204.45,3,4,0,3,0,3,Good,9594.48,30.24,300,Yes,843.12,50.0,Low_spent_Small_value_payments,Standard,0
59,19551.75,1212.11,3,8,4,1,2,2,Good,4809.63,6.1,118,No,113.7,568.18,Low_spent_Small_value_payments,Good,0
61,27885.01,1926.96,4,2,3,7,2,3,Good,4987.89,29.6,349,Yes,145.47,1065.13,Low_spent_Small_value_payments,Good,0
66,78656.49,4822.97,5,7,1,7,3,5,Standard,20701.05,23.74,160,No,1963.56,266.81,High_spent_Small_value_payments,Poor,1
57,36633.02,2283.3,5,8,2,8,3,2,Standard,9878.27,18.0,324,Yes,437.26,1086.31,High_spent_Large_value_payments,Standard,1
28,17297.52,1044.82,3,7,1,4,3,2,Good,5749.76,15.01,90,Yes,419.56,54.11,Low_spent_Large_value_payments,Standard,0
20,77080.3,4742.4,2,7,1,6,5,8,Bad,20469.66,22.33,6,No,1372.61,652.16,High_spent_Large_value_payments,Poor,1
23,56308.48,3938.07,6,2,3,8,4,2,Standard,3837.14,58.88,49,Yes,110.69,2474.94,Low_spent_Small_value_payments,Poor,1
26,50164.4,3259.54,5,4,3,2,1,1,Bad,1311.33,13.08,69,Yes,32.13,2243.49,Low_spent_Large_value_payments,Standard,0
23,55795.06,3394.65,6,4,3,3,0,2,Good,3481.1,31.19,26,Yes,100.97,1655.13,High_spent_Medium_value_payments,Good,0
26,152759.05,10753.79,4,3,1,4,7,1,Good,62447.44,38.77,21,No,4616.56,1169.11,Low_spent_Small_value_payments,Poor,1
56,134733.89,9367.03,4,4,1,3,2,3,Bad,37032.92,11.07,135,No,2626.1,2710.07,High_spent_Large_value_payments,Standard,1
48,24051.94,1639.76,3,4,5,0,2,2,Good,9242.83,12.12,170,Yes,149.18,808.85,High_spent_Small_value_payments,Good,0
49,96214.08,6745.82,4,6,2,26,7,4,Good,28422.84,9.5,210,Yes,1302.2,2540.37,High_spent_Large_value_payments,Poor,1
58,45702.16,2851.12,2,5,1,10,3,4,Bad,6012.83,47.28,350,Yes,448.11,1373.22,Low_spent_Medium_value_payments,Poor,1
67,48994.21,3383.57,3,3,4,8,2,8,Standard,4551.86,5.2,393,No,107.68,1848.76,High_spent_Medium_value_payments,Good,0
29,15000.0,1012.12,5,5,2,11,3,1,Good,2363.85,48.3,113,Yes,113.96,317.59,High_spent_Medium_value_payments,Poor,1
25,32786.38,2276.11,3,5,1,1,0,3,Bad,12733.17,27.07,52,No,957.55,458.21,Low_spent_Small_value_payments,Poor,1
25,22299.19,1530.46,6,6,1,7,3,2,Standard,6631.71,40.04,44,Yes,499.44,185.67,Low_spent_Small_value_payments,Poor,1
67,59684.96,3805.14,5,4,0,1,1,2,Standard,22104.96,33.74,333,No,1736.43,762.69,Low_spent_Large_value_payments,Standard,0
45,69054.29,4722.58,3,4,2,10,3,4,Good,18210.46,19.42,107,No,823.1,1739.67,High_spent_Small_value_payments,Standard,1
37,15000.0,942.65,5,7,2,0,1,6,Standard,2388.36,9.75,157,Yes,84.5,354.85,Low_spent_Large_value_payments,Standard,0
64,35838.54,2277.89,2,8,2,13,5,3,Standard,11895.46,33.16,268,Yes,554.01,896.09,High_spent_Medium_value_payments,Poor,1
24,71190.66,4354.66,5,7,3,3,4,3,Good,14820.22,50.61,56,Yes,414.43,1978.68,High_spent_Small_value_payments,Standard,1
28,32467.43,2276.94,3,7,2,1,1,2,Standard,1741.25,15.04,45,Yes,75.4,1013.01,Low_spent_Small_value_payments,Standard,0
37,56243.07,3551.89,8,6,4,12,3,0,Good,27424.08,80.14,134,No,643.14,1654.82,Low_spent_Medium_value_payments,Poor,1
33,44832.98,2942.84,4,2,2,8,5,5,Bad,5532.2,4.69,68,Yes,193.69,1293.84,High_spent_Large_value_payments,Poor,1
21,44578.02,2863.67,3,8,2,6,4,1,Good,4181.17,14.14,23,Yes,199.72,1345.86,High_spent_Large_value_payments,Standard,0
23,30859.84,2172.51,7,4,4,3,3,3,Good,13150.08,39.06,46,No,322.51,1033.16,Low_spent_Large_value_payments,Standard,1
39,17501.67,1113.63,2,1,3,1,0,0,Bad,4344.58,60.29,123,No,129.66,581.35,High_spent_Small_value_payments,Poor,1
43,18528.81,1268.01,3,6,1,0,0,5,Good,4740.53,29.87,130,Yes,437.51,71.06,Low_spent_Small_value_payments,Standard,0
20,55581.82,3849.99,5,2,2,17,5,5,Standard,11152.14,24.92,19,Yes,395.57,1752.86,Low_spent_Medium_value_payments,Poor,1
58,36741.97,2377.91,8,7,1,3,1,3,Bad,13270.42,39.7,252,Yes,1113.66,50.0,Low_spent_Large_value_payments,Poor,0
59,33419.43,2142.08,6,5,2,9,7,3,Good,5321.98,5.29,171,Yes,199.46,858.12,Low_spent_Medium_value_payments,Standard,1
31,28160.23,1917.73,3,3,3,3,3,6,Good,12340.02,33.19,51,No,383.01,641.79,High_spent_Medium_value_payments,Standard,1
28,30238.97,2113.39,5,2,1,4,4,2,Standard,15269.07,17.78,40,Yes,1421.9,50.0,High_spent_Medium_value_payments,Poor,1
35,68060.14,4640.23,6,7,1,3,1,2,Bad,7046.34,10.56,84,Yes,559.18,2498.11,High_spent_Medium_value_payments,Standard,1
29,29698.55,1854.99,3,6,1,15,4,5,Good,12111.83,3.25,38,Yes,1095.32,50.0,Low_spent_Small_value_payments,Poor,1
40,16242.09,1130.83,3,6,1,1,2,2,Standard,1195.28,42.85,180,No,100.43,496.59,Low_spent_Small_value_payments,Standard,1
29,56737.52,3642.48,2,6,2,0,0,2,Standard,3864.13,28.07,70,No,161.83,1306.6,Low_spent_Large_value_payments,Good,0
30,32114.86,2127.37,2,3,1,4,1,2,Good,9707.61,14.39,98,Yes,863.27,397.26,Low_spent_Large_value_payments,Standard,0
42,37006.08,2553.69,4,2,1,1,2,8,Good,2909.5,29.24,121,Yes,250.8,1447.59,High_spent_Medium_value_payments,Standard,1
62,95277.31,5911.09,5,5,5,1,2,3,Bad,26366.34,15.55,260,Yes,380.81,3365.23,Low_spent_Medium_value_payments,Standard,0
68,35870.25,2457.07,3,2,3,14,3,3,Standard,3111.11,13.49,348,No,90.65,1352.41,Low_spent_Medium_value_payments,Good,1
36,43196.3,2870.76,2,10,3,12,3,3,Standard,3155.55,59.16,110,Yes,85.17,1260.18,High_spent_Small_value_payments,Poor,1
63,17901.61,1247.35,2,5,0,0,2,2,Good,6744.12,11.48,139,No,550.89,235.88,High_spent_Small_value_payments,Good,0
53,31831.08,1969.17,6,3,2,21,5,4,Standard,1998.51,8.9,148,Yes,93.2,730.04,High_spent_Large_value_payments,Poor,1
62,52350.44,3379.61,2,6,1,1,2,2,Standard,8359.69,22.49,300,No,766.76,1216.87,Low_spent_Medium_value_payments,Good,0
25,15000.0,1035.34,3,4,2,0,1,2,Good,3210.5,42.54,71,Yes,145.46,395.59,Low_spent_Medium_value_payments,Standard,1
46,40966.38,2466.52,3,4,0,1,5,3,Standard,15438.8,18.64,135,Yes,1459.92,211.18,Low_spent_Small_value_payments,Poor,0
49,38579.44,2361.66,2,8,5,9,4,4,Standard,10956.69,13.77,201,No,160.61,1113.79,High_spent_Medium_value_payments,Standard,1
68,37226.36,2633.06,5,7,3,10,4,3,Standard,1153.85,17.04,210,No,32.04,1204.42,Low_spent_Small_value_payments,Standard,1
61,67663.04,4265.32,3,10,1,2,0,4,Standard,24384.19,19.89,251,Yes,2406.32,50.0,High_spent_Medium_value_payments,Standard,0
35,44385.28,3132.2,3,8,4,4,5,0,Good,6439.27,41.62,56,Yes,112.74,1454.98,Low_spent_Small_value_payments,Standard,1
23,88154.23,5463.57,3,6,3,1,1,4,Bad,18471.86,6.97,25,No,602.79,2257.72,Low_spent_Medium_value_payments,Standard,0
35,20007.18,1278.7,5,2,2,0,1,2,Good,7403.97,54.9,59,Yes,264.65,248.57,High_spent_Medium_value_payments,Poor,1
36,39401.33,2685.44,9,8,2,16,4,1,Good,11527.27,36.37,64,No,392.11,1165.78,Low_spent_Medium_value_payments,Standard,1
39,38203.41,2564.44,3,5,1,9,5,3,Standard,7783.73,27.66,68,No,569.07,850.63,High_spent_Medium_value_payments,Poor,1
54,19119.18,1267.52,4,4,0,11,3,5,Standard,2549.21,35.33,307,No,208.27,503.21,Low_spent_Medium_value_payments,Standard,0
49,64458.51,4237.54,4,3,2,10,3,3,Good,31560.71,19.53,190,No,1194.61,1446.05,Low_spent_Medium_value_payments,Standard,1
58,146503.41,10128.85,1,5,0,10,4,5,Good,29868.06,17.17,149,Yes,2441.91,3487.5,Low_spent_Medium_value_payments,Standard,0
20,35946.84,2248.31,4,3,2,3,0,4,Standard,9875.71,10.33,20,No,406.81,808.43,Low_spent_Medium_value_payments,Standard,0
45,49168.71,3185.81,4,8,1,7,3,1,Standard,8953.13,27.81,187,Yes,893.02,723.09,Low_spent_Medium_value_payments,Standard,1
27,38204.6,2356.62,8,5,0,3,1,1,Standard,2124.12,8.36,62,Yes,180.76,1215.34,Low_spent_Medium_value_payments,Standard,0
68,23667.29,1572.83,4,6,3,0,1,2,Bad,13674.49,38.03,343,No,420.72,477.38,High_spent_Small_value_payments,Standard,1
52,15000.0,940.71,3,3,4,0,0,1,Good,1909.04,21.61,191,Yes,33.3,468.67,Low_spent_Medium_value_payments,Good,1
46,23778.47,1512.71,1,3,3,2,3,6,Standard,6114.73,42.57,100,Yes,176.81,450.72,High_spent_Large_value_payments,Poor,0
32,15753.61,1025.64,6,1,0,1,0,1,Standard,1421.44,33.06,81,No,107.89,431.61,Low_spent_Large_value_payments,Standard,1
50,100958.14,6086.77,3,4,1,4,4,1,Good,24211.97,39.07,203,Yes,1826.81,1587.69,Low_spent_Medium_value_payments,Standard,0
24,33892.0,2067.28,3,5,1,2,2,2,Bad,20308.28,10.28,54,Yes,1447.1,50.0,High_spent_Large_value_payments,Poor,1
29,29508.94,1989.81,4,6,1,3,0,3,Standard,7255.03,7.16,93,No,559.46,236.58,High_spent_Small_value_payments,Standard,0
66,61913.42,4002.53,3,3,2,2,3,2,Standard,9710.53,28.54,401,Yes,464.72,1141.65,High_spent_Medium_value_payments,Good,0
47,18526.35,1285.15,2,5,3,2,0,4,Standard,5322.55,46.83,144,Yes,145.54,405.11,High_spent_Large_value_payments,Poor,1
38,22922.67,1547.87,6,3,0,3,1,3,Good,9818.61,37.26,197,Yes,779.34,254.22,High_spent_Medium_value_payments,Standard,1
48,37829.46,2273.09,3,8,0,9,4,4,Good,3901.81,22.32,232,Yes,278.45,1106.94,Low_spent_Large_value_payments,Standard,0
41,67323.28,4489.19,3,5,1,3,3,3,Good,41407.53,36.42,61,No,3142.43,50.0,Low_spent_Medium_value_payments,Poor,1
37,49070.39,2994.05,5,4,2,8,3,4,Standard,33620.07,8.96,146,Yes,1420.13,50.0,Low_spent_Medium_value_payments,Poor,1
54,42150.22,2885.61,2,5,2,1,2,5,Good,11178.11,37.64,293,Yes,487.97,788.58,High_spent_Large_value_payments,Standard,0
21,38058.15,2692.28,2,9,5,3,1,5,Standard,10367.5,15.64,28,Yes,195.84,1315.19,Low_spent_Small_value_payments,Poor,0
45,46172.59,3036.06,4,4,1,6,4,6,Good,652.69,24.39,261,Yes,60.82,1239.63,High_spent_Small_value_payments,Good,0
61,40986.24,2762.34,2,4,0,2,1,4,Standard,8456.37,25.9,224,Yes,592.23,585.24,High_spent_Large_value_payments,Standard,0
37,19575.16,1224.84,3,4,6,8,4,0,Standard,633.8,21.26,51,No,7.21,818.5,High_spent_Small_value_payments,Standard,0
41,37333.55,2417.0,6,8,2,4,1,4,Good,6894.13,43.08,134,Yes,290.19,688.82,Low_spent_Small_value_payments,Standard,0
67,19068.38,1320.95,4,7,1,0,0,2,Good,6051.04,13.61,375,Yes,428.56,123.9,High_spent_Small_value_payments,Good,0
66,38125.92,2356.71,3,5,0,8,3,1,Good,13082.15,21.67,287,No,1296.53,50.0,Low_spent_Medium_value_payments,Good,0
68,27217.39,1711.34,2,4,2,0,3,1,Good,4840.18,18.6,264,Yes,215.05,859.24,High_spent_Small_value_payments,Good,0
49,166646.32,10802.94,5,4,2,9,2,4,Good,40439.39,8.72,189,No,1938.28,4602.19,Low_spent_Large_value_payments,Good,0
58,35456.55,2400.98,6,3,7,6,4,2,Bad,16293.01,11.75,297,No,157.28,1379.38,High_spent_Large_value_payments,Standard,0
53,15637.96,1001.96,4,4,2,6,2,3,Good,2414.17,10.0,308,Yes,98.9,326.92,Low_spent_Large_value_payments,Good,0
51,33506.4,2347.14,7,3,0,5,2,3,Standard,13693.6,42.19,83,Yes,1123.22,69.75,Low_spent_Large_value_payments,Poor,1
53,49593.51,3026.36,6,6,2,1,1,3,Bad,19216.52,9.16,267,No,718.54,1072.5,High_spent_Small_value_payments,Standard,0
19,99113.25,6344.94,5,5,1,22,7,5,Standard,47098.7,6.35,6,Yes,3274.16,692.37,High_spent_Medium_value_payments,Poor,1
32,25497.32,1725.67,5,9,3,4,3,0,Standard,9201.6,18.22,133,Yes,232.96,946.61,High_spent_Medium_value_payments,Standard,1
51,15000.0,936.72,3,7,3,4,2,3,Good,1591.22,30.5,232,Yes,47.42,476.05,High_spent_Medium_value_payments,Standard,0
53,59284.44,3978.65,4,6,2,8,3,6,Standard,9244.66,26.06,200,No,313.44,2198.94,High_spent_Large_value_payments,Standard,0
23,15861.35,979.9,7,4,1,0,2,3,Standard,2630.86,6.35,45,Yes,219.15,463.77,Low_spent_Small_value_payments,Standard,1
56,27953.75,1694.18,4,5,3,9,2,0,Standard,17245.58,25.41,324,Yes,468.14,577.89,High_spent_Large_value_payments,Standard,1
59,31114.45,1907.66,2,5,1,4,4,5,Bad,7162.39,34.95,413,No,540.36,642.58,High_spent_Small_value_payments,Poor,0
68,34829.5,2440.67,6,3,2,0,1,2,Bad,6096.87,3.7,424,Yes,233.45,1034.75,High_spent_Small_value_payments,Good,0
68,54912.63,3622.99,4,6,4,3,1,1,Standard,16526.48,32.18,192,No,305.41,1836.44,Low_spent_Medium_value_payments,Good,0
29,24096.44,1653.67,2,4,1,10,3,2,Standard,5870.09,49.47,106,No,518.1,635.29,Low_spent_Large_value_payments,Poor,1
20,30815.17,1959.96,3,6,1,12,4,3,Good,5832.52,32.35,6,Yes,480.41,467.52,Low_spent_Small_value_payments,Poor,1
62,36005.89,2391.53,3,8,1,5,2,2,Standard,12162.46,8.69,402,Yes,1125.2,114.54,Low_spent_Small_value_payments,Good,0
35,39725.91,2596.56,2,3,4,3,0,2,Standard,8658.96,19.29,175,No,195.14,1596.93,Low_spent_Medium_value_payments,Good,0
57,38510.89,2705.22,5,7,1,3,3,2,Standard,4859.49,14.2,405,Yes,413.42,750.5,High_spent_Small_value_payments,Good,0
38,47174.25,3212.51,4,8,0,0,0,1,Standard,7474.72,25.91,161,No,740.13,977.6,High_spent_Large_value_payments,Good,1
32,60252.76,4092.02,6,2,2,1,3,1,Standard,26472.69,62.38,140,Yes,1055.46,703.25,High_spent_Large_value_payments,Poor,1
50,45962.47,2780.83,3,6,4,6,3,1,Good,4507.12,24.4,336,Yes,108.0,1480.89,High_spent_Large_value_payments,Good,0
52,47674.47,3144.36,3,9,2,6,4,4,Good,8028.84,16.94,302,No,331.45,1767.66,Low_spent_Large_value_payments,Good,0
43,15000.0,975.89,2,7,0,0,2,3,Standard,3144.62,42.15,136,Yes,232.93,380.85,High_spent_Medium_value_payments,Poor,1
25,37426.59,2621.79,6,7,0,2,0,3,Good,7003.88,21.13,34,No,615.74,630.3,Low_spent_Small_value_payments,Good,0
53,48421.76,3040.3,5,4,2,6,6,1,Bad,1153.94,11.55,157,Yes,47.97,1182.12,Low_spent_Large_value_payments,Poor,1
65,56238.94,3538.73,4,3,2,0,3,5,Standard,15347.0,24.31,296,Yes,598.36,1636.3,High_spent_Small_value_payments,Standard,0
47,23970.75,1545.06,6,6,2,6,2,4,Standard,6214.69,48.17,232,Yes,294.97,627.37,Low_spent_Large_value_payments,Poor,1
40,24454.67,1531.76,3,5,3,2,0,3,Bad,2684.24,47.95,60,Yes,61.64,956.56,Low_spent_Medium_value_payments,Poor,1
59,25733.26,1580.01,5,5,2,14,9,3,Good,6685.67,10.13,336,No,258.85,799.47,Low_spent_Medium_value_payments,Good,0
61,50103.61,3471.61,2,10,3,13,5,4,Standard,8958.41,35.41,221,Yes,271.82,1489.74,Low_spent_Large_value_payments,Poor,1
31,67530.1,4460.23,1,6,6,1,1,2,Bad,32251.34,41.64,69,No,390.6,2126.52,Low_spent_Medium_value_payments,Poor,1
31,28439.21,1971.73,4,5,4,8,3,3,Good,12463.32,29.27,56,No,259.24,739.5,High_spent_Small_value_payments,Standard,1
19,62616.08,4320.76,4,6,2,2,4,3,Good,17095.6,29.46,6,No,673.1,1651.39,Low_spent_Medium_value_payments,Standard,1
54,39108.22,2465.99,7,4,1,2,1,2,Bad,7115.58,31.07,292,No,552.38,831.88,High_spent_Medium_value_payments,Standard,0
22,33705.91,2222.36,3,4,2,9,4,4,Standard,4376.09,20.45,14,Yes,176.13,798.3,Low_spent_Medium_value_payments,Poor,1
55,31989.71,1948.22,5,6,1,3,1,4,Standard,4715.49,61.3,283,Yes,399.22,836.19,High_spent_Medium_value_payments,Poor,0
62,56838.37,3973.87,3,3,0,6,2,2,Standard,10513.69,29.77,428,No,808.38,953.28,High_spent_Small_value_payments,Good,0
58,44149.93,2842.35,2,7,2,1,2,6,Standard,4087.74,22.55,379,Yes,163.72,1047.78,Low_spent_Large_value_payments,Good,0
64,142271.89,9143.08,6,5,4,7,3,3,Standard,10278.32,17.76,250,Yes,224.66,6131.75,High_spent_Large_value_payments,Good,0
31,21778.21,1378.12,5,5,2,6,2,1,Standard,8506.02,11.12,111,No,330.5,402.01,High_spent_Small_value_payments,Standard,1
56,49556.12,3220.68,2,4,2,15,4,4,Standard,16996.58,44.97,280,Yes,812.8,839.7,Low_spent_Medium_value_payments,Poor,1
42,26435.93,1658.26,3,6,1,1,0,1,Good,7559.97,17.22,97,Yes,706.34,50.0,Low_spent_Small_value_payments,Good,0
37,21556.4,1380.92,6,4,2,1,2,1,Good,9370.49,32.95,88,Yes,334.54,346.1,Low_spent_Medium_value_payments,Standard,1
19,36079.49,2477.44,2,4,4,25,7,3,Good,7411.34,46.56,6,No,175.91,868.39,High_spent_Large_value_payments,Poor,1
56,39435.1,2722.51,4,4,1,5,3,2,Good,8690.79,42.58,386,Yes,631.7,1077.1,High_spent_Large_value_payments,Good,0
23,209170.32,13239.5,6,3,6,0,1,4,Standard,63147.72,28.21,38,Yes,742.3,6144.54,Low_spent_Medium_value_payments,Good,1
34,32516.81,2116.23,3,9,3,6,2,4,Standard,7398.3,26.18,107,Yes,244.72,698.97,Low_spent_Small_value_payments,Poor,1
42,18432.91,1280.47,3,4,4,0,2,3,Bad,6494.41,10.83,187,Yes,138.01,550.03,Low_spent_Small_value_payments,Poor,1
45,42779.16,2591.16,4,7,3,3,0,1,Good,24101.68,29.07,99,Yes,768.23,881.04,High_spent_Medium_value_payments,Standard,0
19,15000.0,1044.49,3,4,1,15,4,4,Standard,1202.42,41.33,6,Yes,90.05,383.06,Low_spent_Large_value_payments,Poor,1
52,34366.1,2143.57,4,4,2,3,2,4,Standard,11164.41,11.67,358,Yes,547.93,569.63,High_spent_Medium_value_payments,Good,1
54,36666.37,2469.51,3,2,2,4,2,6,Bad,11126.62,58.95,339,Yes,537.8,751.34,High_spent_Medium_value_payments,Poor,1
22,58498.72,3879.11,5,5,3,2,1,2,Good,5639.4,38.05,28,No,159.02,1633.86,Low_spent_Small_value_payments,Good,0
18,65132.14,4298.08,4,7,1,8,3,1,Standard,6768.14,35.05,6,Yes,641.24,2134.59,High_spent_Small_value_payments,Poor,1
57,26845.63,1860.66,5,3,2,1,1,3,Standard,4921.75,37.25,205,Yes,195.56,564.86,High_spent_Medium_value_payments,Standard,1
29,33177.65,2027.17,6,6,3,3,3,3,Standard,11809.02,21.64,75,Yes,341.42,607.03,High_spent_Medium_value_payments,Poor,1
53,22932.89,1462.19,4,7,4,2,3,1,Standard,9661.51,17.8,365,Yes,214.59,570.42,High_spent_Large_value_payments,Good,1
62,18456.33,1215.0,2,7,2,9,4,5,Bad,5781.07,11.89,129,Yes,274.28,347.18,Low_spent_Small_value_payments,Poor,1
40,43736.44,3008.58,2,4,2,3,1,1,Standard,8930.13,29.56,161,No,394.68,1504.32,Low_spent_Small_value_payments,Good,0
64,16913.18,1054.45,3,5,0,1,0,3,Bad,1297.52,54.74,477,Yes,128.83,606.66,High_spent_Medium_value_payments,Poor,0
48,28317.18,1945.35,4,1,2,11,3,2,Standard,4048.63,32.33,266,Yes,135.78,827.2,Low_spent_Medium_value_payments,Poor,0
28,19988.16,1285.83,6,4,3,3,1,4,Good,8045.33,29.58,90,Yes,253.4,292.24,Low_spent_Small_value_payments,Standard,0
27,50504.11,3133.61,3,2,2,9,2,2,Good,18535.9,6.78,70,No,710.15,866.47,Low_spent_Medium_value_payments,Good,0
20,107029.32,7301.79,2,2,2,2,0,4,Standard,24212.76,6.34,20,No,852.36,3457.96,High_spent_Medium_value_payments,Good,0
31,16631.39,1014.26,8,5,4,15,4,2,Bad,1139.84,3.55,133,Yes,21.04,440.92,High_spent_Medium_value_payments,Poor,1
33,15000.0,983.65,6,5,1,5,2,3,Bad,3864.4,17.49,101,Yes,360.2,299.07,Low_spent_Medium_value_payments,Poor,1
27,33693.76,2044.94,3,3,1,15,5,2,Bad,13755.25,43.5,78,Yes,1100.12,50.0,Low_spent_Large_value_payments,Poor,1
46,36659.16,2341.1,3,3,0,1,2,5,Good,20901.21,54.35,299,No,1638.77,50.0,High_spent_Large_value_payments,Standard,0
27,41406.6,2754.02,3,9,0,4,2,3,Good,14862.92,4.74,55,No,1316.87,50.0,Low_spent_Medium_value_payments,Good,1
29,27783.78,1834.41,3,8,1,0,1,4,Standard,1892.89,8.84,59,Yes,148.11,642.39,Low_spent_Large_value_payments,Standard,1
47,32196.61,2072.94,2,4,2,0,1,3,Bad,294.5,33.24,96,Yes,12.42,1189.53,Low_spent_Small_value_payments,Poor,1
58,45274.82,2926.93,4,3,2,0,0,3,Standard,9376.12,43.58,320,Yes,391.85,930.45,Low_spent_Medium_value_payments,Standard,0
18,67796.0,4234.31,3,2,3,6,3,0,Good,13813.32,19.39,6,No,373.55,2113.82,High_spent_Large_value_payments,Good,0
22,15000.0,974.08,7,3,0,10,3,3,Bad,5003.23,40.66,28,Yes,374.79,237.67,High_spent_Large_value_payments,Poor,1
37,29104.16,2046.81,7,7,4,0,1,5,Good,3965.43,27.57,55,Yes,81.33,849.66,Low_spent_Small_value_payments,Standard,0
25,41286.27,2857.56,3,6,1,2,1,2,Standard,9441.27,4.44,75,Yes,652.83,1168.83,High_spent_Large_value_payments,Standard,0
60,20935.77,1289.09,6,9,1,3,1,3,Bad,1702.87,42.18,334,Yes,153.84,625.9,Low_spent_Large_value_payments,Poor,1
29,102611.14,6189.77,2,5,3,3,1,9,Standard,15944.08,44.73,31,Yes,441.55,3037.91,Low_spent_Large_value_payments,Poor,1
18,24803.85,1739.08,4,2,1,0,2,1,Bad,3456.62,14.32,6,Yes,322.41,684.4,Low_spent_Large_value_payments,Poor,0
37,35426.82,2327.77,6,3,1,1,1,1,Standard,7165.64,20.4,142,No,530.22,892.43,High_spent_Medium_value_payments,Good,0
45,50696.56,3337.18,3,5,3,3,6,3,Good,15227.57,28.49,222,Yes,406.06,1814.36,Low_spent_Medium_value_payments,Standard,0
60,25469.3,1743.57,3,3,0,0,2,6,Standard,3236.73,25.16,387,Yes,314.92,759.0,Low_spent_Large_value_payments,Standard,0
54,15000.0,951.14,1,4,3,4,3,6,Good,1305.94,40.56,299,Yes,36.62,482.39,High_spent_Large_value_payments,Standard,0
64,28079.84,1831.39,4,4,5,6,1,1,Good,12946.37,25.2,176,Yes,251.4,1010.41,Low_spent_Medium_value_payments,Standard,0
54,67350.41,4747.79,6,9,4,1,1,6,Good,10450.23,28.12,167,Yes,208.78,2765.87,High_spent_Small_value_payments,Good,0
29,29669.15,1996.19,3,1,5,3,2,1,Bad,5005.06,69.84,43,Yes,97.73,963.24,High_spent_Medium_value_payments,Poor,1
54,21854.0,1347.64,5,12,5,2,0,4,Good,8454.56,14.78,300,Yes,140.53,583.4,Low_spent_Large_value_payments,Good,0
66,63284.98,3888.44,2,2,0,2,1,4,Good,15042.17,12.52,277,Yes,1101.17,585.91,High_spent_Small_value_payments,Good,0
66,29778.3,1852.59,5,4,2,6,4,6,Standard,1647.58,34.72,140,No,68.92,1053.14,Low_spent_Small_value_payments,Poor,1
61,26739.67,1826.48,4,7,3,7,2,1,Standard,2156.07,29.81,279,Yes,63.91,1056.47,Low_spent_Medium_value_payments,Standard,0
45,39722.52,2510.46,6,8,5,1,2,4,Bad,13056.47,31.43,166,Yes,235.39,1239.2,Low_spent_Small_value_payments,Poor,1
64,57667.56,3473.42,6,3,1,22,7,3,Good,4855.27,18.0,327,No,406.94,1278.55,High_spent_Small_value_payments,Good,0
32,151604.15,10646.94,1,2,2,3,0,3,Bad,55880.49,34.32,141,Yes,2332.5,4536.9,Low_spent_Medium_value_payments,Poor,1
23,59655.5,3689.01,2,6,2,16,5,4,Bad,28843.03,35.59,45,Yes,1075.16,1367.31,Low_spent_Large_value_payments,Poor,1
61,72831.51,4377.43,4,6,2,0,1,3,Good,1527.4,9.38,377,Yes,52.87,2650.74,Low_spent_Small_value_payments,Good,0
37,26807.05,1677.29,4,9,2,9,2,3,Bad,2363.31,11.93,78,Yes,81.03,798.94,Low_spent_Large_value_payments,Poor,1
67,19623.42,1227.37,7,3,2,4,4,4,Good,4843.84,15.53,490,No,192.31,654.6,High_spent_Medium_value_payments,Good,0
31,37699.38,2434.31,1,6,2,15,3,4,Good,4849.79,3.39,71,Yes,184.22,921.14,High_spent_Large_value_payments,Standard,0
19,38727.37,2709.79,5,6,3,5,1,2,Standard,9533.37,24.51,6,Yes,306.67,1319.42,High_spent_Large_value_payments,Poor,1
26,19013.27,1321.89,6,6,3,5,2,1,Standard,2107.07,22.57,21,Yes,47.74,800.39,Low_spent_Medium_value_payments,Poor,0
54,32689.96,2123.2,2,5,3,5,3,5,Good,15618.6,10.38,283,No,489.27,470.39,Low_spent_Small_value_payments,Good,0
37,46147.15,2974.25,6,3,5,0,1,2,Good,7110.63,9.18,196,No,119.04,1119.31,Low_spent_Small_value_payments,Good,0
43,45081.9,2975.97,5,7,3,4,2,3,Standard,17778.26,54.66,114,No,551.89,1515.97,Low_spent_Large_value_payments,Poor,1
46,49147.08,3078.45,3,4,3,2,0,1,Good,14907.58,10.85,119,Yes,356.47,1168.54,Low_spent_Small_value_payments,Good,0
18,43242.49,2619.0,8,5,3,6,1,1,Standard,3784.39,11.59,6,Yes,121.94,1430.01,High_spent_Small_value_payments,Standard,1
52,26790.29,1880.01,3,2,0,2,3,3,Good,7628.89,48.13,169,Yes,597.45,389.21,High_spent_Medium_value_payments,Standard,0
23,26679.74,1654.75,3,3,4,6,1,2,Standard,5715.62,4.32,43,Yes,141.84,726.59,High_spent_Large_value_payments,Standard,1
54,17687.78,1099.28,3,7,2,16,5,1,Standard,2933.91,29.26,341,Yes,135.2,320.72,High_spent_Small_value_payments,Poor,1
22,105965.09,6900.27,3,2,2,0,2,1,Standard,37878.46,50.32,34,Yes,1797.92,1477.54,High_spent_Small_value_payments,Poor,1
50,36609.76,2391.56,6,3,2,3,0,3,Standard,12709.22,13.74,159,Yes,430.8,911.84,Low_spent_Large_value_payments,Standard,0
66,31732.23,1910.27,4,1,3,5,5,5,Standard,5788.93,30.94,378,Yes,129.17,769.78,High_spent_Small_value_payments,Standard,0
68,20800.34,1281.36,1,6,2,2,2,2,Good,3776.64,14.2,373,Yes,137.66,604.44,High_spent_Large_value_payments,Good,0
31,211376.2,13548.51,1,7,2,8,2,7,Bad,80621.89,10.76,84,Yes,3628.09,5744.56,Low_spent_Large_value_payments,Poor,1
29,19072.51,1285.62,2,4,0,10,2,5,Standard,4241.57,22.15,74,No,369.12,458.99,Low_spent_Medium_value_payments,Poor,1
59,28076.59,1754.07,6,4,4,3,0,3,Bad,7268.59,81.09,279,No,169.16,883.31,High_spent_Large_value_payments,Poor,1
37,46606.82,3009.99,6,6,0,2,2,6,Good,14721.19,23.7,74,No,1373.72,337.71,High_spent_Small_value_payments,Standard,0
67,52058.73,3437.85,2,6,0,6,2,5,Standard,8020.02,36.6,499,No,755.53,1388.07,Low_spent_Medium_value_payments,Good,0
41,64521.85,4492.43,6,7,3,0,0,1,Good,33741.07,39.41,184,Yes,1122.55,1080.67,Low_spent_Medium_value_payments,Standard,0
60,107426.82,6825.09,4,5,1,4,3,3,Bad,22197.14,19.17,417,Yes,1956.36,2803.94,Low_spent_Large_value_payments,Standard,0
51,49202.25,3023.32,6,6,2,1,2,3,Bad,4089.65,2.12,164,Yes,170.78,1251.79,Low_spent_Medium_value_payments,Standard,0
42,19271.48,1258.44,6,3,3,15,4,3,Good,1037.09,12.61,140,No,27.39,603.69,Low_spent_Large_value_payments,Standard,1
67,31127.06,2119.43,3,6,3,4,3,5,Good,18820.69,17.27,258,Yes,620.42,550.11,Low_spent_Small_value_payments,Standard,0
46,43682.35,2672.93,5,4,3,10,5,4,Standard,7538.2,18.88,267,Yes,221.98,937.84,High_spent_Small_value_payments,Standard,1
56,125609.81,8114.49,2,2,3,1,3,7,Bad,67152.09,12.43,279,Yes,2021.72,3586.1,Low_spent_Large_value_payments,Poor,1
48,15698.44,944.93,3,8,1,3,1,4,Good,5320.58,17.38,130,Yes,484.73,161.72,High_spent_Large_value_payments,Standard,0
64,74723.2,4510.56,5,6,3,1,2,9,Standard,13619.56,23.39,306,No,345.49,2475.42,High_spent_Medium_value_payments,Good,0
60,40455.13,2638.97,6,4,0,7,2,4,Standard,11867.41,20.04,295,No,1076.6,442.17,Low_spent_Small_value_payments,Standard,0
67,60035.92,3796.1,2,4,0,3,2,1,Good,19125.52,40.04,469,Yes,1422.08,387.93,High_spent_Medium_value_payments,Good,0
40,34159.74,2362.33,2,5,3,0,1,4,Bad,6513.76,29.39,101,Yes,182.49,782.89,High_spent_Small_value_payments,Poor,1
61,21906.54,1457.3,2,6,1,0,1,3,Bad,2542.64,2.75,200,No,181.06,792.52,High_spent_Small_value_payments,Standard,1
55,56983.88,3699.26,2,7,3,7,3,5,Standard,15969.39,14.26,133,Yes,448.42,1253.31,High_spent_Medium_value_payments,Poor,1
37,53780.09,3464.48,2,6,1,0,5,3,Good,12234.41,27.84,67,Yes,1181.44,1179.97,Low_spent_Large_value_payments,Standard,0
40,65070.99,4254.79,3,3,2,3,2,5,Standard,19829.97,32.06,71,Yes,783.33,1176.15,Low_spent_Large_value_payments,Poor,1
62,36026.76,2177.39,3,4,3,1,2,4,Standard,9720.47,23.85,114,No,264.39,1041.04,High_spent_Small_value_payments,Standard,0
69,25339.17,1765.43,6,5,1,12,3,3,Good,3179.62,28.99,217,No,277.26,464.4,Low_spent_Small_value_payments,Standard,0
33,15000.0,1062.22,3,4,1,1,2,3,Bad,4742.78,44.34,68,Yes,474.13,103.63,High_spent_Small_value_payments,Poor,1
67,59374.73,3679.22,6,6,1,0,1,2,Standard,20662.71,33.86,352,Yes,2012.8,50.0,Low_spent_Large_value_payments,Standard,1
59,46832.55,2871.03,5,5,1,2,0,2,Standard,7634.47,18.65,189,Yes,613.29,721.84,High_spent_Medium_value_payments,Standard,0
25,20343.78,1252.27,7,3,2,5,2,4,Standard,2963.29,16.03,71,Yes,147.34,437.89,High_spent_Medium_value_payments,Poor,1
67,26287.68,1765.51,7,2,2,5,1,1,Bad,4277.97,7.89,136,No,195.81,860.43,Low_spent_Small_value_payments,Standard,0
38,27445.15,1843.37,7,5,2,5,2,3,Good,1673.74,27.06,119,No,58.76,1042.66,Low_spent_Large_value_payments,Good,0
18,15000.0,1037.79,2,3,1,1,4,6,Good,1957.81,41.9,6,Yes,194.78,259.23,Low_spent_Medium_value_payments,Poor,1
25,22234.28,1515.15,3,5,2,0,2,2,Bad,2855.75,6.58,19,Yes,128.62,692.49,Low_spent_Small_value_payments,Poor,0
46,18392.57,1193.16,6,5,6,5,2,3,Good,736.73,50.2,156,Yes,10.81,823.81,Low_spent_Large_value_payments,Standard,0
49,28353.69,1889.47,6,7,3,11,5,4,Good,15150.32,15.38,249,Yes,499.45,536.84,High_spent_Small_value_payments,Standard,0
55,23313.35,1572.64,3,4,4,1,2,4,Good,5409.48,14.74,370,Yes,113.09,702.77,Low_spent_Medium_value_payments,Good,0
22,15000.0,983.32,6,8,3,0,2,4,Standard,4620.37,51.78,10,Yes,112.35,531.23,High_spent_Small_value_payments,Poor,1
64,122217.09,7962.8,5,6,3,1,1,3,Standard,25456.32,35.39,421,Yes,646.05,2984.99,Low_spent_Medium_value_payments,Good,0
39,76997.21,5157.93,4,3,0,4,3,2,Standard,38073.72,34.43,77,Yes,3278.17,88.53,High_spent_Medium_value_payments,Poor,1
64,22756.1,1502.8,3,3,0,7,1,1,Standard,5874.53,33.23,256,No,435.43,467.73,High_spent_Large_value_payments,Standard,0
51,42764.04,2864.17,3,2,5,5,2,0,Bad,11443.89,20.17,258,Yes,173.81,1768.42,Low_spent_Small_value_payments,Standard,1
18,46652.37,3108.88,3,5,2,4,3,4,Bad,7896.6,26.78,6,No,383.98,990.52,Low_spent_Medium_value_payments,Poor,1
43,74209.8,5030.78,3,6,3,10,4,1,Standard,5313.9,16.18,251,Yes,142.1,2300.48,High_spent_Small_value_payments,Good,0
60,22221.98,1488.07,4,8,2,7,2,6,Bad,2163.27,64.64,290,No,100.56,641.22,High_spent_Small_value_payments,Poor,1
27,69930.98,4589.61,7,1,1,1,0,3,Good,21416.38,35.33,68,Yes,1754.32,537.7,Low_spent_Large_value_payments,Standard,1
47,26140.91,1761.53,2,1,4,6,1,6,Good,8078.76,25.2,113,Yes,175.77,647.32,High_spent_Large_value_payments,Standard,0
67,16292.86,1056.91,5,3,3,1,1,1,Standard,5067.19,28.03,300,Yes,167.44,266.05,Low_spent_Small_value_payments,Standard,1
35,56077.05,3511.44,2,4,4,21,6,4,Bad,3503.7,47.59,41,Yes,58.88,1687.1,Low_spent_Large_value_payments,Poor,1
34,78783.2,4728.2,3,2,1,1,5,0,Standard,34458.62,26.53,106,Yes,2379.57,51.42,Low_spent_Large_value_payments,Poor,1
43,171569.79,11334.98,5,8,2,0,1,1,Good,28882.17,7.99,164,No,1095.97,4859.15,Low_spent_Medium_value_payments,Good,0
25,17679.57,1173.9,3,6,1,5,2,3,Standard,5166.49,54.34,39,Yes,431.39,368.95,High_spent_Large_value_payments,Poor,1
64,55234.98,3895.75,3,7,2,4,2,2,Standard,29296.5,40.67,339,No,1446.58,305.2,Low_spent_Large_value_payments,Standard,1
57,28399.29,1815.17,7,6,4,7,1,4,Standard,9286.52,3.9,339,No,184.15,645.72,Low_spent_Large_value_payments,Good,0
66,58105.48,3734.43,5,6,4,8,4,2,Standard,10745.82,23.68,137,Yes,217.06,1304.07,Low_spent_Medium_value_payments,Standard,1
29,15028.54,934.57,2,5,4,18,5,4,Bad,5875.55,41.37,51,Yes,129.78,328.85,Low_spent_Medium_value_payments,Poor,1
44,17023.3,1034.41,2,7,2,7,4,2,Good,3056.76,9.83,95,No,151.9,363.31,High_spent_Medium_value_payments,Good,1
25,22799.07,1558.82,4,6,2,9,2,4,Good,734.82,18.55,32,Yes,27.75,1027.78,High_spent_Small_value_payments,Standard,0
42,38077.48,2387.64,4,3,1,13,5,4,Standard,5050.4,77.77,89,No,442.9,1105.22,Low_spent_Large_value_payments,Poor,1
63,24719.59,1646.24,4,6,2,1,0,3,Bad,8002.81,20.91,411,Yes,369.81,400.29,Low_spent_Large_value_payments,Standard,0
21,53929.48,3637.59,5,5,1,1,4,3,Standard,17489.77,50.81,8,No,1283.51,481.91,High_spent_Medium_value_payments,Poor,1
50,67247.61,4378.16,1,7,0,3,0,4,Standard,18678.84,3.58,110,Yes,1373.87,507.69,Low_spent_Small_value_payments,Standard,1
18,52038.89,3616.38,4,4,2,2,0,3,Standard,28617.86,30.7,6,No,1245.87,1239.98,High_spent_Small_value_payments,Poor,0
36,95920.27,6216.38,4,5,4,0,0,3,Good,5021.57,25.33,193,No,116.27,3726.31,Low_spent_Small_value_payments,Good,0
48,46606.53,2940.24,3,11,1,8,5,4,Standard,891.83,43.41,303,Yes,70.4,1259.01,Low_spent_Medium_value_payments,Poor,0
33,17498.35,1219.75,6,4,2,1,4,3,Good,8063.4,20.57,113,Yes,383.84,346.47,High_spent_Medium_value_payments,Standard,1
31,82291.73,5705.58,3,6,0,2,2,7,Good,26650.01,40.84,74,No,2175.59,1524.48,High_spent_Small_value_payments,Poor,1
65,25258.2,1560.38,5,8,1,7,2,2,Standard,11290.14,22.84,265,No,934.16,50.0,Low_spent_Large_value_payments,Standard,0
22,62708.43,3780.14,4,4,1,4,2,3,Good,6800.5,9.21,38,Yes,533.34,1352.35,Low_spent_Medium_value_payments,Good,0
58,93362.08,5692.74,2,4,1,19,6,6,Standard,54199.35,34.29,107,Yes,3984.92,50.0,High_spent_Medium_value_payments,Poor,1
43,47763.3,3014.07,2,6,4,9,3,3,Good,16661.82,32.1,120,No,311.72,1143.47,Low_spent_Medium_value_payments,Standard,1
45,15000.0,1057.99,4,7,0,9,3,3,Good,716.7,11.87,96,No,64.56,375.59,Low_spent_Large_value_payments,Good,0
19,20932.8,1382.62,2,1,2,7,2,3,Standard,2558.2,20.0,6,No,103.31,576.7,Low_spent_Large_value_payments,Poor,0
67,80309.78,5143.33,4,8,1,6,5,0,Standard,13997.69,17.66,150,Yes,1063.82,1147.47,High_spent_Small_value_payments,Standard,0
23,32811.24,2284.57,8,1,4,4,4,7,Standard,9506.6,8.77,22,Yes,198.62,1084.52,High_spent_Small_value_payments,Poor,1
26,38091.41,2472.47,3,8,1,7,1,2,Standard,22490.49,30.13,35,Yes,1524.74,50.0,Low_spent_Medium_value_payments,Poor,1
50,57256.4,3630.92,5,10,2,4,3,3,Standard,13553.19,42.03,146,Yes,567.43,1191.2,Low_spent_Small_value_payments,Poor,1
58,55148.99,3871.27,3,5,0,2,2,4,Bad,7959.33,17.06,171,Yes,688.44,1928.61,High_spent_Large_value_payments,Poor,1
42,42928.01,2970.75,3,5,1,3,1,3,Good,7484.16,8.33,102,Yes,732.99,1163.88,Low_spent_Medium_value_payments,Good,0
65,32041.88,2215.37,3,7,3,3,4,0,Bad,13227.58,17.98,435,No,395.32,887.93,High_spent_Medium_value_payments,Standard,0
30,30103.57,1973.28,2,6,2,21,8,4,Good,7228.99,6.82,102,No,295.96,807.69,Low_spent_Medium_value_payments,Standard,1
26,60763.18,4165.45,3,4,3,3,3,3,Good,6333.12,32.38,65,No,179.75,1962.73,High_spent_Medium_value_payments,Good,0
30,50622.01,3135.68,5,5,1,7,4,3,Good,9138.68,24.55,52,No,908.3,601.37,Low_spent_Medium_value_payments,Standard,0
48,31120.44,2060.48,3,7,3,4,3,3,Standard,11805.86,33.95,222,Yes,282.91,1140.76,Low_spent_Large_value_payments,Poor,0
58,69512.88,4911.66,3,3,1,3,1,1,Standard,8903.5,40.83,347,Yes,789.79,2317.0,High_spent_Small_value_payments,Good,1
28,33610.02,2122.54,1,3,6,10,4,4,Good,6572.01,17.1,41,No,99.83,1380.14,High_spent_Large_value_payments,Standard,1
21,21785.56,1494.61,2,7,1,5,2,5,Bad,5793.88,41.36,17,Yes,461.83,348.06,High_spent_Large_value_payments,Poor,1
51,23031.49,1504.27,4,4,1,9,3,2,Good,3616.51,24.6,237,Yes,273.52,363.71,High_spent_Small_value_payments,Standard,0
55,20186.22,1219.88,5,5,3,12,4,2,Good,4121.35,40.43,166,Yes,105.18,688.93,High_spent_Large_value_payments,Poor,1
63,30839.57,2105.3,4,3,1,6,3,3,Good,5006.86,25.25,383,No,395.48,1061.1,High_spent_Small_value_payments,Good,1
21,76132.81,4707.0,5,3,3,1,3,3,Bad,18964.11,23.75,21,Yes,468.26,2738.94,High_spent_Medium_value_payments,Poor,1
55,22402.84,1497.43,4,5,1,9,3,1,Standard,9845.05,46.86,183,Yes,784.29,50.0,Low_spent_Small_value_payments,Poor,1
36,40663.47,2477.55,8,4,3,0,0,3,Good,18893.29,27.57,98,No,579.02,469.9,Low_spent_Small_value_payments,Good,0
23,24489.17,1720.55,2,6,3,0,2,2,Standard,11232.96,9.39,27,No,324.16,728.03,High_spent_Large_value_payments,Standard,0
51,31064.3,1962.03,4,5,2,2,2,2,Standard,757.09,18.69,209,No,34.68,1262.48,High_spent_Medium_value_payments,Good,0
35,15000.0,936.8,1,6,2,0,1,2,Good,2785.02,20.05,118,Yes,137.01,410.72,High_spent_Large_value_payments,Good,0
30,31814.49,1953.38,4,3,1,0,3,3,Good,6132.46,16.91,77,Yes,459.21,389.45,Low_spent_Medium_value_payments,Standard,0
58,32330.84,2271.19,5,7,3,24,10,4,Good,10041.33,25.91,146,Yes,260.1,1248.39,Low_spent_Medium_value_payments,Poor,0
40,50220.21,3400.53,3,5,0,6,2,4,Standard,11435.86,48.2,175,Yes,884.65,1377.75,High_spent_Small_value_payments,Poor,0
36,41521.58,2824.91,2,4,3,7,3,3,Good,14250.26,13.14,58,No,423.6,1398.05,High_spent_Medium_value_payments,Good,1
62,17693.71,1157.35,4,4,2,10,5,1,Standard,5996.45,26.73,167,Yes,240.57,556.35,High_spent_Large_value_payments,Poor,1
28,69599.94,4533.94,6,4,4,0,0,1,Standard,9910.44,29.5,79,No,188.32,2698.24,Low_spent_Medium_value_payments,Good,0
18,41199.52,2521.08,7,5,1,2,2,5,Standard,13360.21,6.91,6,No,1171.34,50.0,High_spent_Medium_value_payments,Standard,0
41,40906.17,2702.46,5,7,1,9,6,2,Bad,10217.15,18.43,165,Yes,990.89,263.98,Low_spent_Large_value_payments,Poor,1
24,36115.98,2263.57,1,7,3,7,3,3,Standard,9073.91,19.53,28,Yes,232.35,842.2,Low_spent_Small_value_payments,Poor,1
42,26618.07,1878.86,5,2,3,0,2,2,Good,9856.5,28.56,71,No,296.38,633.42,Low_spent_Medium_value_payments,Good,1
38,41385.32,2840.26,3,6,3,13,4,1,Bad,11610.49,12.14,205,No,311.3,933.5,Low_spent_Small_value_payments,Poor,0
32,48308.03,3114.62,3,4,3,8,3,3,Standard,10661.63,19.95,94,Yes,342.32,1751.94,Low_spent_Large_value_payments,Poor,0
18,15000.0,924.59,3,3,3,2,1,4,Good,5325.89,14.74,6,No,152.57,404.13,Low_spent_Small_value_payments,Good,1
29,26284.73,1800.71,4,5,2,13,3,4,Good,8245.09,22.11,112,No,328.99,551.36,High_spent_Small_value_payments,Standard,1
24,31164.4,1911.07,4,5,3,8,3,5,Standard,19069.18,8.45,63,Yes,592.87,288.2,Low_spent_Large_value_payments,Poor,1
32,42349.1,2627.81,5,4,2,0,2,2,Good,15041.79,44.75,40,Yes,631.37,556.52,High_spent_Medium_value_payments,Poor,1
38,74308.94,4628.81,2,7,2,2,2,3,Standard,17707.79,15.26,101,No,787.9,1090.79,Low_spent_Medium_value_payments,Standard,0
36,22855.69,1509.23,2,4,3,2,1,2,Good,3360.59,31.24,139,No,100.74,700.94,Low_spent_Large_value_payments,Good,0
46,26936.11,1845.84,3,4,2,13,4,3,Standard,3363.32,23.49,277,Yes,164.55,1005.18,High_spent_Small_value_payments,Poor,1
42,26701.62,1693.02,4,4,2,3,0,3,Good,5691.33,19.65,175,Yes,196.22,877.45,Low_spent_Small_value_payments,Good,0
50,22450.84,1367.64,4,4,1,3,1,1,Good,6075.69,0.9,341,Yes,500.43,216.65,High_spent_Small_value_payments,Good,0
66,29486.51,1917.58,6,6,1,0,2,7,Bad,2214.99,13.36,390,Yes,189.46,747.39,High_spent_Large_value_payments,Standard,0
49,57669.36,3927.54,4,2,1,1,1,6,Good,20731.66,51.84,77,No,2013.35,52.2,Low_spent_Medium_value_payments,Poor,1
66,19296.88,1204.15,1,3,0,1,1,3,Standard,1445.53,20.44,313,Yes,101.56,482.64,Low_spent_Large_value_payments,Good,0
52,46942.97,2928.42,6,6,0,9,5,2,Good,5257.9,35.51,354,Yes,392.11,1388.93,Low_spent_Small_value_payments,Good,0
61,15000.0,1053.92,2,3,0,2,4,3,Good,5069.72,30.76,168,Yes,496.16,96.12,High_spent_Medium_value_payments,Standard,0
55,25931.07,1823.9,3,4,0,2,2,3,Good,8228.52,52.74,379,Yes,680.8,390.06,High_spent_Large_value_payments,Standard,0
43,29801.27,2107.85,6,10,0,4,4,1,Standard,6049.59,30.34,116,No,536.77,608.99,High_spent_Small_value_payments,Standard,1
28,99202.23,6820.12,5,3,0,1,0,2,Standard,28872.42,42.34,100,Yes,2458.29,1155.63,High_spent_Small_value_payments,Poor,1
52,30795.34,1910.5,2,6,4,0,3,1,Standard,11019.83,41.47,255,Yes,266.26,678.15,Low_spent_Large_value_payments,Standard,1
25,15000.0,934.45,5,4,0,3,3,4,Bad,3630.91,56.12,38,Yes,253.1,389.13,Low_spent_Large_value_payments,Poor,1
63,15000.0,955.29,11,4,1,2,2,5,Good,7389.9,51.86,452,No,505.31,50.0,High_spent_Small_value_payments,Good,1
31,37064.61,2351.62,4,9,4,3,2,3,Good,12071.22,81.01,40,Yes,247.27,772.19,High_spent_Medium_value_payments,Poor,0
27,52483.94,3692.9,4,3,3,5,1,5,Standard,17174.48,12.43,77,Yes,553.3,1032.85,High_spent_Medium_value_payments,Poor,1
19,45491.17,3118.34,8,3,3,10,2,4,Good,4566.99,63.82,7,Yes,132.0,1520.65,High_spent_Small_value_payments,Poor,0
63,40156.6,2724.36,5,10,1,1,1,2,Good,21378.75,61.71,251,Yes,1907.05,50.0,High_spent_Medium_value_payments,Poor,0
26,72937.32,4523.18,3,4,2,10,4,4,Standard,30854.99,13.31,55,Yes,1485.6,925.66,High_spent_Small_value_payments,Poor,1
20,26271.64,1835.16,6,2,2,5,2,2,Good,5732.45,31.46,17,Yes,204.97,845.19,High_spent_Small_value_payments,Standard,1
38,62127.64,4284.86,4,6,3,13,5,5,Standard,1725.56,4.17,67,Yes,50.33,2819.8,High_spent_Small_value_payments,Standard,0
43,15000.0,926.59,3,3,2,4,3,8,Standard,1351.91,51.71,115,Yes,49.12,553.68,High_spent_Large_value_payments,Poor,1
25,21100.06,1465.14,6,6,4,7,2,1,Standard,8976.88,20.07,39,Yes,208.43,727.44,High_spent_Small_value_payments,Poor,0
65,15000.0,944.24,4,6,0,0,3,3,Standard,3020.3,22.96,401,Yes,278.63,314.44,High_spent_Medium_value_payments,Good,0
19,30794.54,1874.65,6,8,0,0,2,5,Good,14342.95,36.84,9,Yes,994.02,50.0,Low_spent_Medium_value_payments,Poor,1
23,35321.36,2370.61,5,4,2,0,1,1,Good,4706.1,5.45,51,Yes,230.89,1152.01,High_spent_Medium_value_payments,Good,0
45,38888.77,2608.77,3,4,2,10,3,2,Standard,20521.43,42.09,151,Yes,819.57,896.57,Low_spent_Medium_value_payments,Poor,1
46,37689.24,2300.12,4,9,1,0,0,2,Standard,9261.36,61.36,174,Yes,654.66,504.19,High_spent_Large_value_payments,Poor,1
43,20815.81,1320.85,3,3,1,1,1,2,Standard,8761.34,19.45,250,Yes,653.33,146.36,High_spent_Medium_value_payments,Standard,0
42,32398.11,2292.34,5,5,1,0,2,4,Good,1844.84,60.7,68,Yes,178.71,978.88,High_spent_Small_value_payments,Poor,1
29,15000.0,1010.24,4,8,3,9,2,0,Good,2898.42,9.05,94,Yes,80.16,600.22,High_spent_Small_value_payments,Good,1
22,82284.45,5587.87,3,5,1,0,4,5,Bad,23950.6,48.42,29,Yes,2135.63,1750.41,Low_spent_Medium_value_payments,Poor,1
51,30267.33,1885.85,4,1,0,5,2,6,Standard,11032.28,52.33,129,Yes,901.05,50.0,High_spent_Large_value_payments,Poor,1
65,27083.18,1648.11,3,3,2,2,0,3,Standard,4608.38,22.93,428,Yes,161.25,932.55,High_spent_Large_value_payments,Good,0
54,94217.78,5935.7,4,8,4,1,2,4,Standard,26696.01,9.25,109,Yes,589.43,3548.84,High_spent_Small_value_payments,Good,1
32,17234.22,1080.52,3,3,0,8,4,4,Good,5036.6,28.63,48,Yes,503.45,50.0,High_spent_Medium_value_payments,Poor,0
61,18483.76,1155.99,4,5,0,2,0,6,Good,3427.41,31.56,301,Yes,287.63,246.21,High_spent_Small_value_payments,Good,1
53,18812.33,1168.02,5,4,4,0,2,3,Standard,8300.81,15.05,174,No,153.67,608.32,High_spent_Medium_value_payments,Good,0
32,34866.34,2309.08,3,8,3,1,2,4,Standard,277.35,16.55,46,Yes,7.01,1407.37,High_spent_Medium_value_payments,Standard,1
60,47050.6,2990.28,1,3,0,2,1,4,Standard,15374.27,40.64,347,No,1151.57,106.1,High_spent_Large_value_payments,Standard,0
65,56602.32,3899.17,1,5,1,0,1,5,Bad,23497.02,13.99,175,No,2306.24,50.0,Low_spent_Small_value_payments,Poor,0
40,169939.4,10535.01,2,4,3,0,1,5,Bad,26872.24,35.98,233,No,881.53,3456.36,Low_spent_Large_value_payments,Good,0
23,15000.0,975.5,3,4,3,1,1,3,Bad,4336.38,18.88,51,Yes,110.13,318.84,High_spent_Large_value_payments,Poor,1
63,52325.62,3147.28,2,3,0,3,2,1,Good,29049.01,15.42,261,Yes,1943.37,97.55,High_spent_Small_value_payments,Standard,1
67,25996.62,1695.45,2,6,1,6,3,3,Standard,4693.77,14.54,425,Yes,362.41,491.09,High_spent_Small_value_payments,Good,0
61,25543.83,1548.08,5,6,3,5,2,1,Good,9733.74,64.18,394,No,277.77,360.27,Low_spent_Medium_value_payments,Good,1
60,25037.67,1767.46,1,5,1,0,2,5,Standard,2711.17,48.48,298,No,254.75,885.52,Low_spent_Large_value_payments,Standard,1
62,21051.73,1443.41,4,3,2,2,0,9,Good,3716.77,14.16,405,Yes,149.77,812.39,Low_spent_Small_value_payments,Good,0
38,99779.19,6516.53,4,2,2,2,0,2,Standard,12910.71,20.01,181,No,534.5,2906.79,High_spent_Small_value_payments,Good,0
40,60197.04,3668.29,2,2,5,1,2,0,Standard,5685.92,22.04,235,Yes,80.61,1431.03,Low_spent_Large_value_payments,Good,0
60,36824.46,2445.81,3,3,5,4,1,3,Standard,6982.39,42.74,202,Yes,119.76,1180.26,Low_spent_Small_value_payments,Poor,0
33,81683.68,5572.46,3,5,3,1,0,1,Good,49626.21,23.15,146,Yes,1442.0,1728.31,High_spent_Large_value_payments,Standard,0
64,15000.0,930.99,1,6,4,22,7,3,Standard,9175.9,59.18,368,Yes,163.5,388.41,Low_spent_Small_value_payments,Poor,0
32,16343.36,1081.2,4,4,4,5,2,2,Good,4528.42,48.64,53,No,87.44,388.55,Low_spent_Large_value_payments,Standard,0
42,15000.0,1032.31,4,3,2,12,3,5,Standard,4137.04,14.78,89,Yes,157.56,424.03,Low_spent_Medium_value_payments,Poor,1
53,23869.37,1630.82,4,6,0,0,0,3,Standard,5247.03,24.12,315,No,504.42,518.66,Low_spent_Small_value_payments,Good,1
28,40015.38,2749.02,4,4,0,2,0,5,Bad,14227.28,59.1,58,Yes,1219.8,347.4,High_spent_Small_value_payments,Poor,1
68,38627.32,2685.6,2,5,1,0,1,0,Good,13330.09,52.74,488,Yes,1203.11,390.02,High_spent_Large_value_payments,Good,0
32,39719.8,2786.67,4,5,0,5,2,0,Bad,3303.65,32.46,94,No,265.53,1340.51,High_spent_Large_value_payments,Poor,1
21,15574.12,1002.87,5,8,4,0,1,2,Standard,3870.98,67.85,14,Yes,77.15,588.95,Low_spent_Medium_value_payments,Poor,1
38,58799.75,3890.29,3,6,1,1,1,1,Bad,7526.87,23.0,191,Yes,580.01,1493.49,High_spent_Medium_value_payments,Standard,1
30,41930.82,2875.01,3,4,1,3,2,3,Good,3150.04,10.99,120,Yes,236.25,1305.42,High_spent_Medium_value_payments,Good,0
39,56377.9,3808.46,8,3,6,14,7,4,Standard,18235.49,35.07,134,No,300.29,1463.65,High_spent_Small_value_payments,Poor,1
36,15000.0,1061.77,2,6,2,14,4,2,Standard,3921.34,12.19,117,Yes,159.12,583.4,Low_spent_Small_value_payments,Poor,1
51,43778.34,2633.19,11,4,0,3,1,3,Standard,3034.51,50.62,332,Yes,237.05,1581.06,Low_spent_Large_value_payments,Standard,0
31,17806.89,1136.92,2,3,3,2,1,1,Good,2405.57,29.3,68,Yes,63.06,477.51,High_spent_Large_value_payments,Standard,0
21,28612.7,1803.87,1,7,4,2,1,3,Good,9816.67,45.51,23,No,193.3,873.62,Low_spent_Small_value_payments,Standard,1
65,50042.05,3144.73,4,2,2,16,5,0,Good,23967.33,42.85,129,No,870.09,1248.31,High_spent_Small_value_payments,Poor,1
69,38355.61,2393.8,4,3,3,6,2,6,Standard,5165.22,25.22,550,Yes,126.51,1029.61,High_spent_Small_value_payments,Good,0
63,21787.16,1474.6,4,8,2,4,3,3,Standard,5193.34,48.73,159,Yes,230.74,413.99,High_spent_Medium_value_payments,Poor,1
44,36452.45,2220.62,4,4,3,0,1,3,Standard,5067.39,37.13,101,Yes,113.41,1109.68,High_spent_Large_value_payments,Standard,1
46,15000.0,1020.51,5,3,1,0,1,0,Good,4595.39,7.84,103,No,418.24,178.48,High_spent_Small_value_payments,Good,0
64,72414.4,4888.85,2,6,4,9,2,1,Standard,10412.72,22.34,128,No,188.52,3014.79,Low_spent_Large_value_payments,Good,0
45,32107.01,2013.66,4,5,3,16,5,3,Good,13170.67,8.41,240,Yes,407.89,912.92,High_spent_Small_value_payments,Standard,1
52,71049.35,4457.57,6,5,4,8,3,2,Standard,21768.7,53.77,210,No,425.11,1808.94,High_spent_Medium_value_payments,Poor,1
25,26478.3,1769.09,3,7,3,2,1,6,Standard,11779.76,31.6,44,Yes,279.59,780.44,Low_spent_Small_value_payments,Poor,1
33,26525.3,1810.53,4,4,2,1,0,2,Good,3137.81,12.62,158,Yes,144.38,623.76,High_spent_Small_value_payments,Good,0
59,22959.52,1595.58,3,6,1,0,0,3,Standard,2334.5,8.21,173,Yes,191.18,898.6,High_spent_Medium_value_payments,Good,0
53,61433.12,4253.11,2,6,2,0,0,2,Bad,4085.93,44.14,100,Yes,148.09,2756.99,Low_spent_Small_value_payments,Poor,0
47,23726.34,1671.59,3,4,0,2,1,4,Standard,6710.67,56.73,217,No,583.82,95.2,High_spent_Small_value_payments,Poor,1
35,53463.65,3544.55,6,8,4,6,2,3,Standard,20394.88,24.7,103,Yes,442.48,1024.27,High_spent_Large_value_payments,Poor,1
19,28869.14,2016.33,4,4,2,6,1,3,Good,11384.2,4.69,6,No,498.12,805.84,Low_spent_Small_value_payments,Good,0
66,15000.0,1031.38,2,5,1,2,3,5,Bad,4186.74,1.17,306,No,317.89,137.5,Low_spent_Large_value_payments,Standard,1
30,25791.79,1797.49,2,6,2,2,0,2,Bad,2820.08,20.66,47,No,94.17,688.72,Low_spent_Small_value_payments,Poor,1
21,17899.63,1076.23,6,6,1,2,1,7,Standard,6556.55,16.02,31,No,601.88,50.0,Low_spent_Large_value_payments,Poor,1
43,37061.78,2611.52,3,8,3,8,2,2,Good,542.5,34.2,247,No,12.14,1695.38,High_spent_Small_value_payments,Good,0
42,17778.68,1157.92,4,5,1,0,1,3,Bad,874.94,7.52,162,No,67.26,726.22,High_spent_Small_value_payments,Standard,0
47,63296.48,4345.11,6,7,0,0,4,2,Standard,8051.76,2.91,179,Yes,620.76,2307.38,High_spent_Small_value_payments,Good,0
28,34384.27,2110.44,1,4,3,0,2,2,Good,11463.36,61.53,47,Yes,284.23,616.14,Low_spent_Small_value_payments,Poor,1
24,32644.85,2098.72,6,5,1,12,4,3,Standard,10982.74,10.4,50,No,866.19,101.62,High_spent_Small_value_payments,Poor,1
48,53827.26,3387.93,4,6,0,0,3,4,Good,8736.94,36.62,106,Yes,805.94,1181.01,High_spent_Small_value_payments,Standard,0
61,64753.57,4089.81,2,3,0,5,1,2,Standard,29521.11,15.83,369,No,2731.09,50.0,High_spent_Medium_value_payments,Standard,0
27,35880.19,2200.72,3,7,4,3,5,2,Standard,11916.5,40.29,56,No,211.22,727.48,High_spent_Large_value_payments,Poor,0
56,22863.11,1571.36,4,3,1,0,3,2,Bad,8927.73,20.56,271,Yes,833.65,50.0,Low_spent_Large_value_payments,Poor,0
30,15000.0,901.5,5,6,6,2,2,2,Standard,3664.92,60.07,98,No,43.31,530.51,High_spent_Large_value_payments,Poor,1
48,24061.54,1525.15,5,5,2,1,2,2,Standard,6074.49,3.73,255,Yes,283.16,345.47,Low_spent_Medium_value_payments,Good,0
24,25076.15,1551.95,4,5,1,3,2,1,Standard,3757.66,28.73,48,Yes,290.9,731.42,Low_spent_Small_value_payments,Poor,1
66,38724.76,2570.6,3,2,3,11,2,5,Good,7712.3,48.6,239,Yes,176.44,1043.79,High_spent_Large_value_payments,Poor,1
59,29522.62,1852.67,2,2,1,1,1,2,Standard,10414.84,11.15,149,No,1020.29,50.0,High_spent_Medium_value_payments,Standard,0
59,54872.07,3446.29,7,4,3,1,1,3,Standard,6341.05,11.3,201,Yes,188.39,2196.58,Low_spent_Large_value_payments,Good,1
53,25139.86,1641.39,6,5,2,8,4,3,Standard,11056.37,17.94,135,No,449.56,387.64,Low_spent_Medium_value_payments,Standard,1
37,35093.64,2353.76,1,4,3,4,2,3,Good,13657.5,35.41,182,No,323.1,772.94,Low_spent_Small_value_payments,Good,0
21,73894.41,4530.77,2,3,3,0,4,5,Good,7967.37,15.89,8,Yes,182.11,2724.85,High_spent_Large_value_payments,Good,1
24,44582.43,2759.71,4,8,3,13,4,1,Standard,12974.7,12.81,43,Yes,393.69,999.76,Low_spent_Large_value_payments,Poor,0
18,35030.61,2195.64,6,11,3,3,3,6,Bad,19620.28,27.26,6,Yes,641.22,828.43,Low_spent_Large_value_payments,Poor,1
61,25306.92,1785.38,2,3,1,14,4,1,Good,2505.6,24.36,455,Yes,240.88,628.27,High_spent_Large_value_payments,Good,0
62,24836.29,1597.04,4,7,2,0,3,2,Good,7182.33,31.48,432,No,297.4,350.73,High_spent_Large_value_payments,Good,0
59,21799.28,1449.41,6,3,5,2,2,4,Standard,8323.74,14.57,270,Yes,127.42,559.68,Low_spent_Small_value_payments,Standard,0
64,26249.33,1643.65,2,3,0,2,2,1,Standard,4893.74,48.48,347,Yes,349.48,699.94,High_spent_Small_value_payments,Standard,0
30,57147.99,3732.52,4,4,2,1,2,0,Standard,4392.26,53.69,43,Yes,170.12,1768.8,Low_spent_Medium_value_payments,Poor,0
39,31788.73,1932.85,3,7,5,1,1,2,Good,16023.49,86.96,87,Yes,300.52,734.26,Low_spent_Small_value_payments,Poor,0
38,16157.44,975.53,6,4,1,1,0,1,Good,5980.4,33.76,85,Yes,543.03,105.36,High_spent_Small_value_payments,Standard,1
39,104914.56,6827.62,5,7,1,4,5,1,Bad,18152.57,16.32,144,Yes,1778.0,1774.36,Low_spent_Small_value_payments,Poor,1
45,44001.5,2830.12,2,8,5,14,4,3,Bad,7085.46,7.57,190,Yes,103.52,1408.86,Low_spent_Large_value_payments,Poor,1
26,15612.61,959.91,7,6,3,6,3,4,Standard,5145.65,13.78,33,Yes,123.82,514.9,High_spent_Medium_value_payments,Poor,1
43,27858.42,1879.02,3,5,3,1,1,2,Bad,1340.39,14.67,99,Yes,38.58,1104.65,High_spent_Large_value_payments,Poor,1
26,38813.83,2746.33,3,2,0,4,2,4,Good,10865.49,50.27,69,Yes,977.75,261.63,Low_spent_Large_value_payments,Poor,1
32,100987.83,6492.12,5,5,1,5,4,2,Standard,5942.08,57.91,62,Yes,466.54,2553.47,Low_spent_Large_value_payments,Poor,0
27,18678.58,1247.1,2,3,0,3,3,2,Standard,1767.81,34.62,65,Yes,154.85,702.42,High_spent_Large_value_payments,Poor,1
41,65226.72,4594.06,4,5,2,4,3,4,Good,20499.33,45.59,95,Yes,945.79,1636.58,High_spent_Medium_value_payments,Poor,1
59,84094.11,5803.19,4,5,1,4,4,2,Standard,35585.43,53.75,273,Yes,3218.3,50.0,Low_spent_Small_value_payments,Poor,1
25,24904.59,1619.34,4,4,1,5,5,2,Standard,11565.73,18.95,53,Yes,852.82,50.0,High_spent_Medium_value_payments,Poor,1
41,30745.28,2090.36,4,7,1,2,0,2,Standard,13304.12,44.57,243,No,1144.29,241.34,Low_spent_Medium_value_payments,Standard,1
33,19500.87,1197.12,5,2,0,6,3,2,Good,3727.4,59.11,50,Yes,316.59,204.61,Low_spent_Medium_value_payments,Poor,1
66,32142.14,2106.85,5,3,1,10,4,4,Standard,4524.01,11.94,399,Yes,393.31,1024.18,High_spent_Large_value_payments,Standard,0
43,35526.92,2239.02,4,6,1,1,1,4,Good,4602.21,18.35,214,Yes,375.3,888.14,Low_spent_Medium_value_payments,Good,0
44,53948.76,3331.12,4,8,5,1,3,1,Standard,10477.69,4.89,110,No,179.73,1366.91,High_spent_Large_value_payments,Good,0
54,69850.33,4513.59,5,7,3,2,1,4,Standard,25693.09,36.74,209,Yes,686.44,1922.62,Low_spent_Medium_value_payments,Standard,1
21,23182.25,1423.84,4,7,7,1,0,0,Standard,2967.7,40.39,25,No,40.25,752.84,Low_spent_Large_value_payments,Standard,1
67,15000.0,1013.59,3,3,1,16,6,5,Good,7287.46,30.16,410,No,548.65,50.0,Low_spent_Large_value_payments,Standard,0
41,35855.53,2328.55,4,2,0,3,1,3,Standard,23061.33,34.94,151,Yes,1609.71,50.0,High_spent_Small_value_payments,Poor,1
36,43309.29,2847.76,4,6,2,1,1,3,Standard,22809.49,24.24,148,Yes,832.68,502.32,Low_spent_Small_value_payments,Poor,1
53,42177.86,2597.55,3,6,1,4,5,2,Bad,17583.23,35.26,243,Yes,1576.55,50.0,High_spent_Large_value_payments,Poor,1
56,29851.67,1836.3,4,6,0,7,3,3,Bad,7580.11,71.12,128,No,582.26,505.49,Low_spent_Small_value_payments,Poor,1
27,39138.08,2595.65,4,1,3,1,5,4,Bad,11617.71,12.74,80,Yes,291.66,1456.4,Low_spent_Large_value_payments,Poor,0
42,90153.3,6371.22,5,7,1,0,4,3,Bad,19268.75,6.77,110,Yes,1455.39,2075.19,High_spent_Large_value_payments,Poor,0
35,45662.86,2787.38,8,5,0,15,4,2,Good,21490.35,53.72,179,Yes,1482.67,50.0,High_spent_Large_value_payments,Poor,1
36,29026.92,1831.47,4,8,2,26,6,6,Standard,11683.72,39.95,164,Yes,574.87,490.26,High_spent_Small_value_payments,Poor,1
53,26899.99,1867.37,5,5,0,1,0,1,Standard,3021.61,15.38,306,Yes,236.19,752.94,High_spent_Large_value_payments,Good,0
27,32796.88,1993.49,4,7,2,3,3,5,Standard,1058.9,13.58,81,Yes,46.67,1018.03,High_spent_Medium_value_payments,Standard,0
50,96959.05,6737.56,5,6,1,0,2,8,Standard,43040.37,17.88,180,Yes,3912.35,50.0,Low_spent_Small_value_payments,Poor,1
67,32533.3,2136.78,5,8,4,8,3,1,Bad,8085.95,11.97,146,No,160.14,1334.71,High_spent_Large_value_payments,Poor,0
22,35886.75,2311.93,3,3,3,0,1,3,Good,9631.68,34.08,22,Yes,307.58,1150.41,Low_spent_Small_value_payments,Standard,1
64,27190.2,1722.63,4,2,2,7,2,3,Standard,7694.69,3.27,236,Yes,347.97,491.06,High_spent_Large_value_payments,Standard,0
66,70220.11,4439.23,4,7,0,1,0,1,Standard,24248.0,14.54,202,Yes,1664.71,628.62,Low_spent_Large_value_payments,Standard,0
52,117700.95,7451.98,2,6,5,13,4,0,Good,20236.72,22.94,178,No,380.49,4463.46,High_spent_Large_value_payments,Good,0
61,47589.52,3311.53,2,6,2,1,0,2,Good,19961.78,5.19,342,No,738.65,1343.45,Low_spent_Medium_value_payments,Good,0
51,38164.6,2589.13,3,5,2,35,11,4,Standard,15064.81,11.21,96,No,601.76,799.77,Low_spent_Large_value_payments,Poor,1
50,37125.88,2496.91,3,12,3,0,2,4,Standard,3392.41,23.51,160,Yes,112.71,1172.01,Low_spent_Large_value_payments,Standard,1
38,15000.0,1029.8,5,6,2,11,5,3,Bad,3234.05,26.98,97,No,121.83,530.28,High_spent_Small_value_payments,Poor,0
34,56788.58,3565.49,3,8,0,0,1,4,Good,6353.39,19.97,66,No,621.03,1794.7,Low_spent_Medium_value_payments,Good,0
39,39359.78,2625.12,3,7,4,8,2,7,Standard,15059.35,39.55,208,No,348.46,816.82,Low_spent_Medium_value_payments,Poor,1
65,46957.83,3051.51,4,7,1,1,1,1,Bad,16106.61,3.8,450,Yes,1462.96,530.99,Low_spent_Medium_value_payments,Standard,0
54,23697.45,1622.72,3,3,2,2,1,4,Standard,8858.25,59.15,284,No,441.58,629.45,High_spent_Large_value_payments,Poor,1
32,28834.44,1826.67,2,3,2,3,2,3,Good,15068.48,3.76,128,No,727.28,181.42,High_spent_Large_value_payments,Good,0
52,28378.44,1900.44,4,8,4,11,3,3,Standard,3839.9,75.32,283,No,91.22,1073.38,High_spent_Medium_value_payments,Poor,1
45,67035.24,4662.79,3,5,5,0,0,4,Good,12649.8,22.83,80,Yes,173.19,2951.8,High_spent_Large_value_payments,Good,0
24,28933.17,1862.04,3,4,1,14,9,0,Standard,7487.52,52.6,55,No,593.87,186.72,Low_spent_Medium_value_payments,Poor,1
49,126702.39,7693.59,3,7,2,1,3,0,Standard,77349.16,18.47,193,No,3011.85,1960.02,Low_spent_Small_value_payments,Standard,0
28,47028.89,3084.65,6,8,1,5,1,5,Good,21926.94,20.34,66,Yes,1511.95,50.0,Low_spent_Medium_value_payments,Poor,0
27,16891.92,1076.83,3,3,2,6,5,1,Standard,6735.64,13.16,95,Yes,237.52,365.27,High_spent_Large_value_payments,Poor,0
26,33619.86,2262.03,3,2,1,8,5,4,Good,8726.32,26.79,83,Yes,780.92,747.92,High_spent_Small_value_payments,Poor,1
31,24562.96,1726.85,4,4,0,19,4,0,Good,150.72,12.53,62,Yes,14.11,1079.74,High_spent_Medium_value_payments,Standard,0
30,15000.0,978.91,4,2,2,0,1,0,Good,5972.59,31.25,66,Yes,260.46,268.1,High_spent_Medium_value_payments,Standard,0
42,94814.97,6167.75,5,5,4,7,3,1,Bad,9925.07,44.4,62,Yes,229.98,3680.88,Low_spent_Small_value_payments,Poor,1
19,55375.11,3715.19,4,1,2,2,2,6,Good,10066.95,12.08,6,No,436.68,1700.22,Low_spent_Small_value_payments,Good,0
52,50007.31,3056.51,5,4,3,6,3,4,Good,11089.04,19.85,164,Yes,334.44,1507.38,High_spent_Large_value_payments,Standard,0
24,40104.43,2516.41,4,3,3,1,5,4,Standard,12674.15,6.57,16,Yes,383.58,758.13,High_spent_Medium_value_payments,Poor,0
38,15847.86,1108.65,2,3,2,14,3,3,Standard,7289.39,31.87,102,Yes,341.42,138.11,Low_spent_Large_value_payments,Poor,1
35,27168.94,1827.32,4,4,4,6,4,0,Standard,2997.36,5.86,125,Yes,57.75,973.55,Low_spent_Large_value_payments,Standard,0
20,60178.38,3619.47,4,8,2,2,2,4,Standard,5409.78,17.65,11,Yes,251.57,1510.69,Low_spent_Small_value_payments,Standard,0
59,19327.19,1202.48,2,4,4,16,5,1,Bad,4164.81,40.5,178,No,86.78,673.68,Low_spent_Medium_value_payments,Poor,1
56,15000.0,1010.96,4,5,1,7,1,1,Good,5542.4,51.74,115,Yes,547.19,50.0,High_spent_Small_value_payments,Poor,1
58,31689.36,2163.78,3,9,2,6,3,2,Bad,12835.63,46.3,366,Yes,463.06,944.13,High_spent_Large_value_payments,Poor,1
66,33354.42,2304.74,1,2,3,8,4,5,Bad,18680.94,57.88,204,Yes,619.99,743.48,Low_spent_Medium_value_payments,Poor,1
28,39392.79,2488.26,1,6,0,5,3,1,Standard,2772.26,20.64,95,Yes,193.28,1490.63,High_spent_Small_value_payments,Standard,1
56,56224.69,3940.57,3,3,2,3,1,5,Good,18524.54,65.6,209,Yes,802.17,1373.72,High_spent_Medium_value_payments,Poor,1
41,53239.9,3513.31,5,9,1,1,2,5,Bad,9606.56,20.13,234,Yes,858.93,1271.48,High_spent_Small_value_payments,Poor,1
63,42415.19,2864.97,3,10,3,0,3,10,Good,12523.96,42.36,483,No,403.58,1522.02,Low_spent_Large_value_payments,Good,0
36,74408.01,4945.5,5,6,4,2,2,7,Standard,22847.91,23.81,127,No,525.47,1740.28,High_spent_Large_value_payments,Standard,1
21,15000.0,919.95,2,4,2,3,2,3,Bad,999.22,37.0,20,No,34.9,399.14,Low_spent_Small_value_payments,Poor,1
43,49155.75,3462.22,4,2,0,14,3,3,Good,12351.84,17.38,135,Yes,1077.47,585.59,High_spent_Large_value_payments,Standard,1
55,52887.54,3243.65,4,10,1,4,5,3,Good,12899.82,38.81,367,Yes,1161.62,182.59,High_spent_Medium_value_payments,Standard,0
59,17262.0,1083.38,1,5,1,0,2,5,Good,3313.81,25.68,198,No,243.39,250.69,Low_spent_Large_value_payments,Good,0
49,15000.0,1032.21,2,3,1,0,3,3,Good,4430.3,38.09,228,Yes,392.46,127.83,High_spent_Medium_value_payments,Standard,1
56,23212.23,1548.29,5,3,2,9,2,1,Good,7334.26,9.11,290,No,255.65,724.19,Low_spent_Large_value_payments,Good,0
62,24417.98,1686.79,4,7,1,4,3,2,Good,5564.38,30.99,454,No,397.17,744.19,Low_spent_Small_value_payments,Good,0
63,57071.02,3743.13,2,5,0,4,5,5,Standard,16268.36,12.14,268,No,1280.78,1325.81,High_spent_Large_value_payments,Standard,0
53,25116.41,1609.56,2,1,0,2,2,3,Bad,3670.84,34.82,161,Yes,268.71,816.47,High_spent_Large_value_payments,Poor,1
57,21724.39,1520.42,5,3,2,6,5,3,Good,4796.75,33.54,213,Yes,160.17,901.63,High_spent_Medium_value_payments,Standard,1
54,25160.23,1519.5,4,5,1,8,3,3,Good,4443.79,23.17,298,No,388.25,635.86,Low_spent_Medium_value_payments,Good,0
50,71052.86,4922.17,7,4,2,11,2,3,Bad,33000.05,32.18,138,Yes,1354.55,1249.55,High_spent_Small_value_payments,Poor,1
53,36600.82,2287.57,6,3,1,2,1,2,Good,6366.19,13.71,229,No,471.74,1084.67,High_spent_Large_value_payments,Good,0
20,32612.45,2256.61,4,4,1,0,4,1,Bad,5499.26,75.23,6,Yes,405.52,955.2,Low_spent_Large_value_payments,Poor,1
26,33995.95,2091.02,4,4,1,10,6,1,Standard,5799.4,22.89,60,Yes,501.28,408.9,High_spent_Small_value_payments,Poor,1
25,78844.77,5226.28,3,4,1,5,2,1,Standard,9835.05,45.16,46,Yes,690.94,1474.75,Low_spent_Medium_value_payments,Poor,1
50,23167.3,1612.93,3,3,0,6,1,3,Standard,7326.87,24.4,202,No,549.12,235.11,High_spent_Large_value_payments,Standard,0
23,79961.85,5207.92,2,2,1,14,3,8,Bad,8754.42,31.23,21,No,595.61,1820.26,High_spent_Small_value_payments,Poor,1
58,41204.3,2805.51,1,7,2,1,3,6,Standard,12612.84,12.57,333,Yes,581.48,873.74,Low_spent_Small_value_payments,Standard,1
56,32983.03,2266.5,7,5,2,8,4,3,Bad,9534.64,41.84,379,No,472.95,477.28,Low_spent_Small_value_payments,Poor,1
21,162842.75,11069.84,2,4,1,2,0,6,Standard,45323.74,51.75,14,Yes,3423.18,2430.02,High_spent_Large_value_payments,Poor,1
30,19276.0,1349.79,5,6,1,13,4,1,Standard,11401.93,29.39,128,Yes,936.68,50.0,High_spent_Small_value_payments,Poor,0
66,29371.75,1904.48,5,3,3,1,2,4,Good,7001.15,16.46,159,No,189.59,874.19,Low_spent_Small_value_payments,Good,0
19,17336.01,1072.67,2,8,0,4,2,2,Standard,1036.96,29.62,6,Yes,87.85,596.78,High_spent_Small_value_payments,Poor,1
22,64310.43,3891.94,6,1,2,5,4,3,Standard,9703.59,61.81,19,No,384.12,1505.73,High_spent_Large_value_payments,Poor,1
61,100058.81,6270.68,3,8,0,0,3,5,Bad,23843.93,7.79,349,Yes,1694.7,2250.49,High_spent_Small_value_payments,Standard,0
44,98908.82,6087.97,5,6,2,5,3,2,Good,41352.45,17.03,81,Yes,1549.52,2491.87,Low_spent_Large_value_payments,Standard,0
49,75687.57,4998.74,2,10,2,5,2,5,Good,27430.19,22.44,227,Yes,1278.68,945.45,Low_spent_Large_value_payments,Standard,1
38,32254.98,1999.92,4,5,0,8,4,4,Standard,10691.84,7.96,204,No,925.92,193.16,Low_spent_Medium_value_payments,Standard,1
25,29168.81,1762.43,9,3,2,1,1,6,Good,6072.76,44.11,71,No,209.4,889.13,High_spent_Large_value_payments,Standard,0
55,15000.0,905.85,5,6,0,6,3,2,Bad,3556.43,20.97,396,No,262.75,205.08,Low_spent_Large_value_payments,Standard,0
25,123195.05,8501.53,1,6,1,8,4,3,Good,38425.34,43.49,65,Yes,3074.16,556.46,High_spent_Large_value_payments,Poor,1
67,48116.81,3195.31,5,5,3,8,2,3,Standard,26476.47,19.02,226,Yes,778.45,1200.94,High_spent_Small_value_payments,Poor,1
20,27033.33,1726.87,7,4,2,1,3,3,Good,3694.02,13.91,7,No,171.46,569.89,High_spent_Medium_value_payments,Good,0
61,80566.17,5614.45,3,10,1,15,4,5,Good,20385.54,8.07,124,No,1755.96,1598.53,Low_spent_Medium_value_payments,Standard,0
20,20258.73,1230.93,5,8,2,6,1,2,Bad,2464.23,18.92,10,Yes,119.08,646.52,Low_spent_Large_value_payments,Poor,1
39,46349.84,3273.23,2,4,5,5,2,3,Good,9305.55,34.78,217,Yes,174.01,2048.31,High_spent_Small_value_payments,Good,0
23,32742.28,2183.14,2,8,0,8,3,4,Standard,7489.34,35.65,35,No,618.24,351.84,High_spent_Small_value_payments,Poor,1
19,53274.14,3302.33,3,6,4,7,3,4,Good,15676.98,50.85,6,No,356.53,1735.86,Low_spent_Medium_value_payments,Poor,1
40,34956.37,2354.54,3,6,2,1,2,1,Bad,5241.81,74.52,53,Yes,188.85,1275.23,High_spent_Large_value_payments,Poor,1
61,15205.97,1038.11,5,4,3,4,1,3,Good,6575.31,31.22,311,Yes,171.53,311.5,Low_spent_Large_value_payments,Good,0
19,38000.17,2456.76,4,6,2,8,4,1,Standard,16943.4,21.66,10,Yes,570.81,498.87,Low_spent_Small_value_payments,Poor,1
55,68139.92,4724.44,2,5,3,5,5,5,Bad,26139.6,19.67,398,Yes,796.38,1186.63,High_spent_Medium_value_payments,Poor,1
34,35684.44,2199.34,6,5,1,4,1,5,Good,4490.02,41.61,112,No,438.73,669.51,High_spent_Small_value_payments,Standard,1
52,57818.79,3643.78,7,4,2,1,2,0,Bad,27786.3,21.59,317,No,1101.09,476.1,Low_spent_Medium_value_payments,Standard,0
51,19393.29,1183.24,4,5,4,7,2,4,Good,7537.28,49.97,112,No,145.02,535.93,High_spent_Large_value_payments,Standard,1
40,35747.78,2226.53,4,6,3,0,4,0,Standard,6643.36,33.4,235,No,167.21,814.59,Low_spent_Large_value_payments,Good,0
47,24966.59,1562.56,4,5,3,5,3,3,Standard,1431.15,26.44,200,Yes,31.8,644.77,High_spent_Large_value_payments,Standard,0
69,56850.97,3976.22,6,6,1,7,1,3,Good,10059.5,7.03,287,No,773.63,1288.7,High_spent_Large_value_payments,Good,0
25,37008.21,2251.81,3,2,2,13,6,3,Good,4650.76,27.25,38,Yes,156.32,1134.51,Low_spent_Medium_value_payments,Poor,0
39,54942.6,3550.96,4,5,3,6,5,4,Good,6594.98,30.55,193,Yes,187.67,2213.11,High_spent_Small_value_payments,Standard,0
61,69746.76,4587.08,5,6,3,3,1,2,Good,6856.39,15.82,440,Yes,204.51,1769.92,High_spent_Medium_value_payments,Good,0
53,54993.55,3835.02,4,1,2,1,3,1,Good,14388.4,41.78,369,Yes,565.53,1136.88,High_spent_Medium_value_payments,Good,0
22,42781.93,3029.32,4,7,3,2,1,2,Standard,2169.69,26.85,29,Yes,57.93,1695.33,High_spent_Large_value_payments,Standard,1
30,19951.76,1359.95,4,7,3,0,0,4,Bad,4092.65,39.08,83,No,105.36,688.96,High_spent_Medium_value_payments,Poor,1
46,36254.85,2556.58,1,3,2,2,0,3,Bad,16318.03,9.43,137,Yes,616.4,898.37,High_spent_Small_value_payments,Poor,0
48,26374.31,1807.35,1,2,3,0,4,2,Standard,7232.36,26.12,246,Yes,186.75,1001.28,High_spent_Small_value_payments,Standard,0
64,29541.8,2080.77,4,10,0,0,2,4,Standard,4851.89,41.88,166,No,414.35,538.06,Low_spent_Small_value_payments,Standard,1
33,29006.62,1962.65,7,5,3,1,6,2,Standard,8903.81,25.36,160,No,253.42,880.08,Low_spent_Medium_value_payments,Standard,0
59,20171.88,1227.74,7,7,1,6,4,1,Good,5198.0,17.7,403,No,474.01,258.84,Low_spent_Small_value_payments,Good,0
47,15000.0,965.31,3,5,3,1,1,4,Standard,6867.75,24.96,220,Yes,162.8,295.34,Low_spent_Small_value_payments,Standard,0
33,24321.46,1629.65,6,3,2,5,2,5,Standard,6219.94,13.55,90,No,306.73,374.3,Low_spent_Medium_value_payments,Standard,1
29,40783.29,2601.95,3,5,2,7,3,5,Standard,13498.62,18.51,105,No,567.62,935.09,High_spent_Large_value_payments,Poor,1
34,16172.92,1018.27,4,3,2,15,4,9,Good,4608.3,7.0,120,Yes,218.63,285.82,High_spent_Large_value_payments,Poor,1
33,36658.82,2428.84,1,5,2,0,1,3,Good,285.43,17.6,149,No,9.81,1623.28,High_spent_Medium_value_payments,Good,0
29,113568.45,7962.62,3,5,0,0,1,1,Good,32680.78,23.71,59,No,2572.0,892.1,Low_spent_Medium_value_payments,Good,0
25,67092.93,4051.0,5,5,3,2,1,6,Good,20284.36,9.94,66,Yes,614.96,1075.22,High_spent_Large_value_payments,Standard,0
37,97355.54,6652.63,4,8,2,0,0,5,Standard,43630.23,5.93,46,Yes,1524.95,2873.69,High_spent_Large_value_payments,Standard,1
20,45920.95,3114.8,7,6,1,1,2,4,Standard,7978.55,16.08,7,Yes,576.6,1035.61,High_spent_Small_value_payments,Poor,1
33,73167.45,5154.12,5,6,0,16,5,4,Standard,17877.52,34.1,135,Yes,1534.37,1333.5,Low_spent_Small_value_payments,Poor,1
47,23520.35,1648.37,5,6,5,31,9,3,Bad,2274.02,18.61,258,Yes,37.73,795.64,High_spent_Medium_value_payments,Poor,1
62,24671.3,1684.0,6,4,1,21,6,2,Good,9926.45,50.78,271,Yes,792.87,310.63,Low_spent_Large_value_payments,Poor,1
40,15000.0,984.57,6,4,2,12,8,1,Good,7774.16,61.71,84,No,280.52,194.72,High_spent_Medium_value_payments,Poor,0
45,73990.15,4603.14,1,6,4,19,4,3,Bad,33681.51,20.06,76,No,564.58,2169.16,Low_spent_Medium_value_payments,Poor,1
68,91509.16,6031.07,5,4,3,1,6,5,Bad,26448.33,22.71,258,No,589.5,2510.11,Low_spent_Medium_value_payments,Standard,1
57,26058.35,1779.56,3,6,0,0,3,2,Good,2182.81,69.47,302,Yes,189.9,755.56,Low_spent_Large_value_payments,Standard,0
22,31183.02,2173.55,4,6,1,2,1,2,Standard,15630.76,44.53,22,Yes,1265.49,50.0,High_spent_Medium_value_payments,Poor,1
37,23102.19,1583.78,6,4,0,4,6,3,Good,8212.07,10.88,183,Yes,761.74,120.78,Low_spent_Small_value_payments,Standard,0
57,45688.05,2837.93,3,4,2,3,2,3,Standard,6113.81,39.82,129,No,238.4,937.93,High_spent_Large_value_payments,Standard,0
61,71321.96,4742.67,4,5,3,23,6,4,Good,9529.63,21.49,183,No,211.78,3069.02,High_spent_Medium_value_payments,Standard,1
18,15000.0,953.98,3,7,3,1,4,1,Standard,3100.75,30.73,6,Yes,86.42,479.6,Low_spent_Small_value_payments,Poor,1
47,46428.24,2790.32,7,6,2,1,2,8,Standard,19576.03,30.88,232,Yes,798.97,726.83,High_spent_Large_value_payments,Poor,0
38,30760.82,1912.37,2,7,2,8,5,7,Standard,4656.44,10.6,123,Yes,170.39,1148.05,High_spent_Medium_value_payments,Poor,1
37,38872.28,2380.02,3,6,3,2,1,2,Standard,12579.13,18.63,193,Yes,418.6,756.28,Low_spent_Large_value_payments,Standard,0
23,47829.43,3306.42,4,4,0,3,2,1,Good,17171.85,8.6,13,No,1209.81,864.94,High_spent_Small_value_payments,Good,0
39,32437.76,2037.11,5,5,2,5,3,3,Good,3209.14,35.47,67,Yes,127.58,1292.47,High_spent_Medium_value_payments,Standard,0
35,34127.13,2152.88,2,4,2,9,5,5,Bad,1546.4,21.31,44,No,65.18,1197.62,Low_spent_Small_value_payments,Poor,1
25,31941.93,2248.69,3,4,2,45,11,9,Bad,3971.15,20.95,52,No,155.05,1119.66,Low_spent_Medium_value_payments,Poor,1
56,65003.07,4167.14,3,5,5,21,6,3,Standard,12284.43,11.97,127,Yes,193.43,1512.88,High_spent_Large_value_payments,Poor,0
49,46688.63,2806.17,3,3,2,9,4,3,Good,5360.0,12.03,294,Yes,259.02,1593.87,Low_spent_Small_value_payments,Good,1
50,41454.43,2614.74,4,7,1,0,1,3,Standard,2039.18,47.35,226,Yes,163.69,1458.94,Low_spent_Large_value_payments,Standard,0
33,16939.93,1038.29,4,5,1,0,1,3,Good,6133.55,33.02,57,No,502.5,50.0,High_spent_Large_value_payments,Standard,0
29,28936.3,1768.41,1,4,4,6,1,1,Bad,8290.64,41.65,87,Yes,172.55,662.4,High_spent_Small_value_payments,Poor,1
55,62267.91,3788.35,6,5,2,4,1,1,Good,26512.51,16.76,309,Yes,1148.83,1125.2,High_spent_Large_value_payments,Good,0
69,37146.24,2467.51,5,3,1,8,4,1,Standard,17575.92,8.72,524,Yes,1391.86,50.0,High_spent_Large_value_payments,Good,0
51,53944.92,3347.35,5,3,1,0,1,1,Good,11744.94,28.34,121,Yes,1147.52,307.37,Low_spent_Medium_value_payments,Standard,0
31,104810.27,6698.79,1,4,0,13,4,3,Good,16929.47,23.85,60,Yes,1173.68,1894.51,High_spent_Medium_value_payments,Standard,1
53,67721.82,4695.73,4,6,4,0,1,2,Standard,9427.53,19.83,107,Yes,176.07,2559.52,High_spent_Small_value_payments,Good,0
50,38403.16,2480.73,5,6,2,1,0,5,Good,11184.37,1.73,269,Yes,551.81,1122.64,Low_spent_Small_value_payments,Good,0
40,26726.38,1868.71,3,4,3,3,3,5,Standard,9738.76,18.95,233,Yes,242.47,983.93,High_spent_Medium_value_payments,Standard,0
67,15000.0,980.91,2,6,1,16,4,3,Bad,5873.72,40.34,199,Yes,559.36,50.0,Low_spent_Small_value_payments,Poor,1
62,32825.77,2111.38,3,4,2,9,5,3,Standard,4071.92,18.29,437,Yes,183.41,826.26,High_spent_Small_value_payments,Standard,0
19,29863.51,2034.58,5,6,3,5,5,1,Bad,648.09,26.95,8,No,20.3,1133.5,High_spent_Large_value_payments,Poor,1
58,45899.97,2790.38,4,6,0,7,2,1,Bad,22183.55,14.31,147,Yes,1953.27,50.0,High_spent_Small_value_payments,Poor,1
38,33112.19,2018.83,3,6,4,1,2,7,Good,9089.13,11.27,159,No,183.04,829.68,High_spent_Large_value_payments,Good,0
19,29964.51,2009.51,3,3,2,5,5,3,Standard,15867.7,46.12,6,No,787.76,271.7,Low_spent_Large_value_payments,Poor,1
44,15000.0,979.13,4,9,0,9,2,2,Bad,358.66,15.03,146,No,24.0,510.05,High_spent_Medium_value_payments,Poor,1
26,20661.33,1416.6,3,1,1,5,2,5,Standard,6013.48,49.07,70,No,511.01,380.97,High_spent_Large_value_payments,Poor,1
18,48338.84,3380.15,4,4,1,9,2,4,Bad,18337.36,30.83,6,Yes,1429.78,787.64,High_spent_Medium_value_payments,Poor,1
28,101675.8,6528.33,2,7,2,7,3,2,Bad,45343.06,4.78,84,No,1943.76,851.88,Low_spent_Medium_value_payments,Poor,1
20,34251.47,2276.39,6,4,1,2,3,3,Bad,8644.86,17.92,8,No,846.17,466.91,Low_spent_Medium_value_payments,Poor,1
69,44209.13,2892.35,2,5,1,5,2,6,Good,17240.28,15.66,457,Yes,1704.23,50.0,High_spent_Small_value_payments,Good,1
40,64311.06,4542.55,4,5,1,3,0,2,Standard,10341.7,42.4,159,No,798.31,1977.01,High_spent_Large_value_payments,Standard,0
43,22325.03,1540.5,4,2,3,11,6,3,Bad,2753.4,52.13,151,Yes,89.87,715.55,Low_spent_Large_value_payments,Poor,1
21,45255.9,3162.35,3,5,2,0,0,5,Standard,18900.43,34.06,12,No,940.88,1127.43,High_spent_Large_value_payments,Poor,1
35,23288.29,1461.46,3,8,1,13,4,2,Standard,6825.25,36.02,146,Yes,564.1,246.07,High_spent_Large_value_payments,Poor,1
23,61016.2,4171.62,4,6,2,2,3,2,Good,5832.22,17.91,30,No,207.27,2262.24,High_spent_Small_value_payments,Good,0
52,39768.95,2500.51,5,4,3,3,1,1,Bad,24918.35,34.96,162,No,822.7,713.08,Low_spent_Small_value_payments,Poor,0
39,43437.18,2704.46,4,3,2,7,3,2,Standard,1375.81,51.46,75,Yes,66.42,1715.75,High_spent_Medium_value_payments,Poor,1
60,22707.28,1594.72,1,6,1,2,2,2,Good,10784.21,21.74,323,No,955.4,50.0,Low_spent_Large_value_payments,Good,0
32,55504.5,3341.88,3,4,1,0,0,0,Good,24624.12,21.84,104,No,1664.48,50.0,High_spent_Medium_value_payments,Good,0
39,126858.52,8938.25,2,1,4,9,3,5,Bad,59488.64,29.76,222,Yes,1168.65,3087.96,High_spent_Small_value_payments,Poor,1
54,19835.98,1222.23,2,5,1,4,2,3,Good,3671.28,32.36,302,No,263.63,303.71,High_spent_Medium_value_payments,Good,1
69,29618.21,2040.02,4,4,1,14,5,2,Standard,4138.54,27.31,347,Yes,302.06,956.09,Low_spent_Large_value_payments,Standard,0
59,41729.54,2628.51,3,2,2,10,2,3,Standard,10795.25,18.95,217,No,483.39,835.45,Low_spent_Small_value_payments,Standard,0
29,58211.82,3713.87,3,9,1,0,1,4,Good,14024.84,8.58,92,Yes,1117.82,1408.46,High_spent_Large_value_payments,Good,0
64,25958.96,1618.49,4,6,1,7,4,5,Good,3711.12,12.37,233,Yes,289.34,535.78,Low_spent_Large_value_payments,Standard,0
66,15000.0,995.15,3,7,4,1,2,2,Bad,3900.6,27.7,224,Yes,80.19,386.86,High_spent_Small_value_payments,Poor,1
59,82085.26,5234.66,4,3,2,4,3,3,Standard,8391.14,28.02,375,Yes,302.06,3295.47,Low_spent_Small_value_payments,Good,0
55,57314.2,3847.03,4,7,4,2,0,3,Good,3281.12,3.88,177,Yes,66.67,2338.76,High_spent_Medium_value_payments,Good,0
35,15000.0,902.54,3,6,1,8,4,3,Standard,3617.26,11.39,61,No,354.02,122.42,High_spent_Large_value_payments,Poor,1
62,25221.67,1530.89,5,5,4,10,3,3,Standard,2226.07,16.46,173,Yes,51.87,842.91,High_spent_Small_value_payments,Standard,0
52,93051.6,5683.56,3,4,4,2,1,5,Good,17458.13,13.76,237,Yes,297.04,2749.64,High_spent_Large_value_payments,Good,0
47,86567.34,5586.98,4,7,0,1,1,2,Standard,20170.96,36.31,264,No,1634.53,1145.9,Low_spent_Medium_value_payments,Good,0
41,63779.3,4389.74,3,7,0,2,0,5,Standard,14989.68,23.39,99,No,1428.54,544.97,Low_spent_Large_value_payments,Standard,1
59,32673.92,2274.82,3,6,3,1,4,5,Good,4551.92,25.6,305,Yes,113.86,1409.96,Low_spent_Medium_value_payments,Good,0
47,38169.52,2391.4,3,5,0,5,2,2,Good,3801.65,30.57,77,No,359.77,617.13,High_spent_Small_value_payments,Good,0
31,33571.89,2223.21,4,8,1,1,3,0,Standard,11370.87,51.15,80,No,982.03,197.18,Low_spent_Large_value_payments,Poor,1
23,71463.63,4882.68,4,4,4,11,2,5,Standard,29802.99,36.92,17,No,498.99,2812.22,High_spent_Large_value_payments,Poor,0
20,21471.77,1355.49,4,3,3,1,0,5,Good,5655.69,39.88,21,No,181.2,642.06,Low_spent_Small_value_payments,Standard,0
33,22393.37,1442.83,3,8,5,0,0,4,Standard,2078.77,23.22,89,No,40.15,901.28,Low_spent_Small_value_payments,Standard,0
24,66580.35,4372.76,4,4,0,10,3,5,Good,6570.04,1.75,23,Yes,618.79,2008.9,High_spent_Medium_value_payments,Standard,0
69,35361.65,2173.37,2,6,0,2,1,2,Standard,6527.32,5.36,447,Yes,549.86,853.01,Low_spent_Large_value_payments,Good,0
31,83040.23,5005.79,5,3,2,1,2,1,Standard,10022.85,25.68,53,Yes,455.82,2744.22,Low_spent_Large_value_payments,Standard,0
26,24272.34,1496.52,5,4,4,4,2,4,Good,6902.98,23.91,20,No,122.49,875.74,Low_spent_Medium_value_payments,Standard,1
32,35141.32,2347.12,3,7,1,10,2,3,Standard,5821.74,10.77,78,No,555.15,896.88,Low_spent_Large_value_payments,Standard,1
38,20880.11,1269.46,2,6,0,2,3,3,Standard,4867.11,35.3,151,No,478.42,221.2,High_spent_Large_value_payments,Standard,0
52,36476.29,2263.54,4,1,4,0,0,3,Standard,7370.54,10.4,164,No,143.03,1401.15,High_spent_Large_value_payments,Good,0
19,15000.0,954.9,4,8,1,5,4,2,Bad,2327.75,25.32,6,Yes,175.46,250.0,High_spent_Medium_value_payments,Poor,1
44,27103.55,1649.08,3,10,2,3,1,1,Bad,942.75,27.73,126,Yes,35.3,975.58,Low_spent_Small_value_payments,Poor,0
19,15340.44,952.28,5,2,3,4,3,0,Standard,2811.92,47.93,9,No,73.05,488.31,High_spent_Large_value_payments,Poor,1
52,55069.65,3847.83,5,5,3,4,3,2,Good,19530.1,29.8,151,No,451.01,1669.6,Low_spent_Large_value_payments,Good,0
35,55823.69,3361.09,3,8,2,1,1,6,Good,2686.78,3.38,58,Yes,125.01,1580.88,Low_spent_Medium_value_payments,Good,0
31,15000.0,1006.18,5,3,1,11,6,2,Bad,2971.56,23.88,71,Yes,230.05,231.03,Low_spent_Large_value_payments,Poor,1
37,80848.43,5187.59,4,4,2,5,2,6,Standard,18415.69,12.34,97,Yes,638.5,2123.52,Low_spent_Large_value_payments,Standard,1
35,162502.57,10934.31,2,6,1,4,3,3,Standard,28927.09,14.71,125,Yes,2882.06,2554.46,High_spent_Large_value_payments,Standard,1
27,37331.91,2478.0,5,5,1,2,1,5,Standard,7841.05,54.39,77,Yes,578.79,726.08,High_spent_Medium_value_payments,Poor,1
42,24719.1,1543.0,1,4,5,2,4,1,Bad,9842.47,9.42,227,Yes,184.94,556.08,Low_spent_Medium_value_payments,Poor,1
19,197718.26,13677.77,6,4,1,4,1,1,Good,14817.97,38.61,7,Yes,1231.12,6374.18,Low_spent_Small_value_payments,Good,0
42,16458.85,1075.25,2,3,2,2,1,4,Bad,5738.65,54.23,257,No,227.24,495.86,Low_spent_Small_value_payments,Poor,1
50,36756.26,2532.9,5,9,1,4,1,3,Bad,9711.44,44.38,237,Yes,863.58,409.7,Low_spent_Medium_value_payments,Poor,1
53,40448.04,2604.79,3,6,0,10,2,6,Good,13523.2,17.52,88,Yes,1290.01,317.11,Low_spent_Medium_value_payments,Poor,0
48,81396.58,5752.09,2,6,1,8,5,3,Standard,32943.13,37.56,111,Yes,2257.8,1145.46,High_spent_Small_value_payments,Poor,1
31,45064.2,3080.0,6,8,2,1,3,0,Good,14036.05,35.1,69,No,478.27,1188.12,Low_spent_Large_value_payments,Good,0
18,26925.25,1897.27,4,8,1,2,0,6,Good,6870.34,35.17,6,Yes,683.59,401.07,High_spent_Large_value_payments,Poor,1
63,20522.75,1345.72,3,8,0,16,9,3,Good,7813.14,17.84,223,Yes,590.55,79.46,High_spent_Small_value_payments,Poor,1
33,29581.57,1926.7,3,5,1,1,2,6,Bad,6236.23,30.64,119,Yes,427.12,644.94,Low_spent_Medium_value_payments,Poor,1
63,19847.7,1353.3,8,5,5,1,2,2,Standard,4047.27,50.03,215,Yes,62.83,865.07,High_spent_Small_value_payments,Poor,1
69,37372.68,2598.76,5,4,4,2,1,8,Standard,12704.29,46.12,267,Yes,230.9,1182.89,High_spent_Large_value_payments,Poor,1
20,25886.64,1823.58,3,4,1,11,3,2,Good,2492.72,19.22,20,Yes,203.73,602.0,Low_spent_Medium_value_payments,Standard,1
52,15000.0,952.74,1,2,1,4,2,7,Good,3210.86,54.33,350,No,308.4,243.16,Low_spent_Medium_value_payments,Standard,0
58,77117.65,5294.33,3,5,1,5,1,0,Standard,11699.1,27.48,96,No,1129.26,1517.82,Low_spent_Large_value_payments,Standard,0
23,26940.78,1677.93,2,3,3,1,1,5,Standard,6137.14,52.88,31,Yes,157.64,980.4,High_spent_Small_value_payments,Poor,0
42,16968.57,1118.41,3,7,4,0,2,3,Good,6830.09,35.18,137,Yes,140.92,456.82,High_spent_Medium_value_payments,Standard,1
30,32828.24,2033.66,4,7,4,23,5,2,Standard,8671.45,20.65,78,No,183.61,701.27,Low_spent_Medium_value_payments,Poor,1
51,37836.25,2412.57,4,6,1,1,2,4,Good,10537.63,25.39,344,Yes,791.11,200.06,High_spent_Small_value_payments,Good,0
25,15000.0,1051.35,4,6,0,6,2,5,Good,238.81,8.04,59,Yes,17.26,657.74,High_spent_Small_value_payments,Standard,0
38,44311.02,2728.79,5,4,1,5,3,6,Standard,13230.35,22.54,208,Yes,1091.56,146.08,Low_spent_Small_value_payments,Poor,1
51,19374.35,1295.19,2,9,2,0,1,0,Standard,4073.64,31.63,176,Yes,163.3,360.04,High_spent_Small_value_payments,Standard,0
21,101378.6,6733.94,5,6,1,4,3,2,Standard,27811.64,1.58,10,No,2687.24,1397.17,High_spent_Small_value_payments,Standard,1
42,49730.63,3048.89,5,6,2,0,2,1,Good,17771.33,16.09,189,No,843.18,635.61,High_spent_Small_value_payments,Good,0
32,28568.5,1815.0,3,5,0,2,0,5,Good,3973.2,16.71,99,No,352.79,867.92,High_spent_Large_value_payments,Good,0
21,23223.02,1535.02,5,1,2,3,0,2,Standard,13787.54,42.21,28,No,524.8,410.16,Low_spent_Small_value_payments,Poor,1
62,34098.86,2115.08,7,4,2,7,3,3,Standard,12554.88,45.87,428,Yes,496.33,507.84,Low_spent_Large_value_payments,Standard,1
29,52453.09,3602.13,7,3,4,0,3,5,Standard,10122.25,29.86,63,No,183.67,1260.42,Low_spent_Small_value_payments,Standard,1
49,35764.23,2522.51,3,6,3,13,5,3,Good,13032.38,4.29,295,Yes,328.71,1063.26,High_spent_Large_value_payments,Good,0
49,31879.06,1986.91,3,3,0,0,2,4,Bad,4156.34,13.05,157,No,413.38,744.11,High_spent_Large_value_payments,Standard,1
45,37609.88,2332.75,1,8,1,2,0,3,Bad,4331.28,27.93,111,Yes,368.3,865.12,High_spent_Medium_value_payments,Poor,1
30,25277.87,1641.25,4,3,0,3,0,1,Standard,9525.19,13.56,75,Yes,894.66,50.0,Low_spent_Medium_value_payments,Standard,1
48,29557.02,2012.86,2,3,5,2,1,3,Standard,2578.74,2.5,282,Yes,39.1,1175.93,High_spent_Large_value_payments,Good,0
31,15000.0,945.76,6,6,5,0,4,1,Good,4509.71,55.52,82,No,72.48,567.37,Low_spent_Small_value_payments,Standard,0
37,65136.2,3922.2,6,6,3,3,2,5,Standard,21532.36,53.97,119,No,621.6,1322.84,High_spent_Large_value_payments,Poor,1
35,43446.2,2861.51,4,6,7,1,0,3,Bad,16243.46,10.72,48,Yes,158.6,1722.59,Low_spent_Small_value_payments,Poor,1
46,22832.19,1606.55,3,6,0,5,1,3,Bad,4520.66,27.48,92,No,436.8,218.1,High_spent_Medium_value_payments,Poor,1
23,113464.01,7288.8,4,1,1,13,4,2,Good,67176.8,21.69,31,No,5102.16,50.0,High_spent_Medium_value_payments,Poor,1
49,38261.9,2469.86,5,8,2,5,3,4,Standard,5118.87,8.71,200,Yes,254.33,1391.05,High_spent_Medium_value_payments,Standard,0
46,19502.81,1374.88,3,9,2,0,2,4,Standard,7247.55,40.66,90,No,288.18,486.08,Low_spent_Large_value_payments,Poor,1
60,60720.85,4100.17,4,5,2,2,3,4,Standard,5484.78,13.5,131,Yes,194.07,1748.11,Low_spent_Large_value_payments,Standard,0
19,46112.02,3125.98,3,5,3,0,2,2,Standard,8219.86,21.57,7,Yes,244.79,1883.93,High_spent_Small_value_payments,Standard,0
40,46016.16,3041.48,3,5,3,3,1,3,Standard,1872.22,14.29,152,Yes,44.34,1363.47,Low_spent_Small_value_payments,Standard,0
36,28128.73,1984.71,2,5,4,14,6,3,Standard,1329.94,28.04,153,Yes,25.6,1086.46,Low_spent_Large_value_payments,Poor,1
48,47586.17,3210.29,2,2,1,1,2,5,Standard,13207.3,7.29,251,Yes,975.27,405.91,High_spent_Large_value_payments,Standard,1
68,31037.3,2163.18,6,5,2,0,4,1,Good,11209.09,23.94,239,No,492.53,769.07,High_spent_Large_value_payments,Good,0
22,50694.1,3425.74,3,9,3,3,1,4,Good,9548.68,24.15,31,Yes,280.86,1774.83,High_spent_Medium_value_payments,Standard,1
36,15000.0,1019.46,6,4,3,10,3,2,Bad,2044.42,29.77,129,Yes,52.96,614.23,High_spent_Small_value_payments,Poor,1
51,27992.05,1767.59,3,3,2,0,2,2,Good,3618.74,16.66,81,Yes,165.46,707.62,Low_spent_Medium_value_payments,Good,0
27,102057.64,6458.99,2,6,3,6,5,7,Standard,6074.5,52.39,53,Yes,187.8,4155.41,High_spent_Small_value_payments,Poor,0
42,22919.87,1569.61,6,4,2,2,2,5,Standard,7496.02,11.13,197,No,335.7,467.94,High_spent_Large_value_payments,Standard,0
19,25278.18,1597.94,5,5,2,2,2,3,Standard,8603.54,44.62,10,Yes,295.09,486.19,Low_spent_Large_value_payments,Poor,1
28,27756.44,1834.61,4,8,1,7,2,7,Standard,13869.86,22.2,34,Yes,992.17,50.0,High_spent_Medium_value_payments,Poor,1
67,17520.31,1098.55,2,4,4,18,4,7,Standard,8664.17,61.7,206,Yes,171.78,319.45,Low_spent_Small_value_payments,Poor,1
48,15000.0,1032.76,7,3,2,1,0,5,Bad,6261.27,21.21,263,Yes,254.23,159.46,High_spent_Small_value_payments,Poor,1
32,31623.26,1935.25,3,3,3,2,5,3,Standard,12248.26,39.18,44,Yes,316.76,522.47,High_spent_Medium_value_payments,Poor,1
26,39399.79,2718.02,4,5,2,0,1,5,Standard,8572.62,29.8,20,Yes,365.16,915.0,High_spent_Large_value_payments,Poor,1
40,35189.29,2341.13,1,7,1,2,2,6,Standard,14807.43,45.42,113,No,1135.95,288.28,High_spent_Medium_value_payments,Poor,1
36,33292.02,2064.93,4,3,2,1,1,4,Good,2250.06,25.67,90,Yes,90.66,1079.11,Low_spent_Medium_value_payments,Standard,1
26,37265.55,2454.76,5,4,1,6,2,3,Good,7155.97,33.85,51,Yes,481.85,1212.8,Low_spent_Small_value_payments,Standard,0
52,67084.27,4230.36,5,7,4,5,1,4,Good,32475.1,21.53,152,Yes,637.18,1968.84,High_spent_Small_value_payments,Standard,0
38,32394.12,2057.16,5,5,2,1,3,3,Good,423.49,51.52,49,No,19.02,870.03,High_spent_Large_value_payments,Standard,0
26,25733.54,1642.01,1,9,2,5,2,6,Standard,5974.36,15.64,80,Yes,249.23,605.81,High_spent_Small_value_payments,Poor,1
45,30678.73,1861.77,5,6,2,8,2,4,Good,5214.74,38.58,286,Yes,236.65,725.44,High_spent_Medium_value_payments,Standard,1
63,51411.03,3633.8,6,6,2,9,4,3,Bad,24501.74,47.32,483,Yes,1065.54,1459.41,High_spent_Medium_value_payments,Poor,1
68,84729.25,5112.7,4,6,3,7,1,1,Good,34467.78,22.46,527,Yes,1141.82,1883.7,High_spent_Large_value_payments,Good,0
24,24912.22,1673.53,3,2,1,2,1,3,Good,11612.17,29.7,55,No,878.55,50.0,Low_spent_Small_value_payments,Standard,1
33,38536.47,2467.17,4,8,3,3,1,3,Standard,26396.55,26.23,109,No,617.84,475.37,Low_spent_Large_value_payments,Poor,1
33,44489.77,2980.75,6,2,3,5,2,3,Standard,11933.17,26.35,102,No,282.97,1032.98,High_spent_Small_value_payments,Standard,0
50,20019.32,1278.42,1,3,2,2,0,6,Bad,6316.48,16.43,93,Yes,238.82,525.12,Low_spent_Small_value_payments,Poor,1
21,36763.11,2474.12,5,7,2,5,6,0,Standard,10164.29,12.48,29,Yes,436.26,854.35,High_spent_Medium_value_payments,Poor,0
21,15072.03,1023.39,2,8,0,7,1,1,Good,3097.9,55.42,12,No,286.39,422.92,Low_spent_Small_value_payments,Poor,0
56,15000.0,1012.21,7,5,2,0,3,0,Standard,4339.79,1.21,327,Yes,147.4,491.56,High_spent_Small_value_payments,Good,0
57,45254.07,2771.11,4,9,2,2,2,1,Standard,17085.78,51.59,322,No,844.5,306.97,Low_spent_Small_value_payments,Standard,1
34,28844.52,1935.94,5,3,1,4,1,2,Bad,9033.33,37.8,139,Yes,708.61,210.71,High_spent_Medium_value_payments,Poor,1
54,41001.68,2584.47,2,5,3,2,0,2,Good,5616.34,77.84,124,Yes,176.23,1517.51,Low_spent_Small_value_payments,Poor,0
56,35927.67,2166.87,5,9,2,4,1,1,Standard,2980.77,34.7,232,No,132.7,910.28,Low_spent_Small_value_payments,Good,0
69,20214.59,1303.72,7,4,3,4,3,2,Good,6526.88,14.06,425,Yes,187.96,645.72,High_spent_Large_value_payments,Good,0
46,35342.71,2286.56,3,3,2,11,2,4,Bad,4277.46,32.26,70,No,148.72,1382.6,High_spent_Small_value_payments,Poor,1
69,17329.04,1127.45,7,5,3,3,2,4,Standard,6544.86,14.64,299,Yes,210.55,551.06,High_spent_Large_value_payments,Standard,0
53,83665.62,5658.77,5,4,2,9,3,4,Good,17517.66,22.56,178,Yes,694.16,2311.13,Low_spent_Large_value_payments,Good,0
55,16097.48,1019.71,5,6,3,0,2,2,Standard,4128.98,32.72,339,Yes,132.69,452.61,Low_spent_Large_value_payments,Standard,1
56,32290.52,2047.72,4,3,0,4,1,1,Good,7259.54,18.64,257,Yes,530.15,549.55,High_spent_Small_value_payments,Good,0
67,19431.23,1178.62,4,5,2,2,1,1,Good,8789.02,37.86,351,Yes,434.62,354.97,Low_spent_Medium_value_payments,Good,0
54,51136.44,3448.67,3,5,0,7,5,9,Good,19709.3,21.77,111,Yes,1722.87,50.0,Low_spent_Medium_value_payments,Poor,1
69,29766.57,1969.1,4,4,5,3,0,3,Standard,9677.88,35.73,194,Yes,183.01,713.89,High_spent_Medium_value_payments,Standard,0
52,26603.55,1696.92,4,6,2,7,2,2,Standard,5527.43,14.14,295,Yes,230.58,854.12,Low_spent_Medium_value_payments,Standard,0
24,60592.17,4098.43,4,2,2,1,3,5,Bad,21770.32,28.55,39,No,942.17,1633.5,Low_spent_Small_value_payments,Poor,1
44,36962.47,2432.92,3,6,4,4,4,5,Bad,14931.03,11.38,97,No,288.59,1095.75,Low_spent_Large_value_payments,Poor,0
45,49512.81,3222.47,3,2,1,0,1,2,Standard,3942.91,54.61,65,Yes,360.42,1575.61,High_spent_Small_value_payments,Poor,1
39,20154.93,1320.94,6,8,1,0,2,3,Standard,4640.31,18.21,113,Yes,449.01,231.35,High_spent_Medium_value_payments,Standard,0
31,15632.54,1045.72,2,5,2,7,3,2,Standard,8432.95,26.64,67,Yes,381.87,292.23,Low_spent_Large_value_payments,Poor,1
24,38728.26,2600.6,3,2,5,0,1,5,Standard,13234.74,39.69,33,Yes,217.99,1021.7,High_spent_Medium_value_payments,Poor,1
54,29992.19,1893.42,7,4,0,0,1,1,Good,6168.26,22.9,92,Yes,583.0,301.85,Low_spent_Medium_value_payments,Good,0
39,52884.25,3253.69,5,2,0,14,5,2,Good,1891.23,51.75,212,Yes,157.55,1391.43,Low_spent_Small_value_payments,Standard,0
22,34615.43,2135.66,2,4,2,0,2,3,Good,11582.43,25.08,23,No,470.91,893.86,Low_spent_Large_value_payments,Standard,0
19,41070.49,2748.71,4,3,2,1,0,3,Bad,15937.72,52.18,8,Yes,707.82,996.47,High_spent_Medium_value_payments,Poor,1
44,15000.0,1041.84,4,4,3,1,2,3,Standard,1901.64,34.78,105,No,47.11,527.57,Low_spent_Small_value_payments,Standard,1
38,112765.1,7266.16,3,7,1,3,1,0,Bad,19766.61,16.61,51,No,1631.13,2246.25,High_spent_Large_value_payments,Standard,1
55,32907.46,2034.88,2,8,0,18,5,5,Good,5718.71,21.39,316,Yes,388.97,855.04,Low_spent_Large_value_payments,Standard,0
32,55190.83,3763.82,5,4,1,0,2,3,Bad,16372.77,38.83,139,Yes,1628.8,643.09,High_spent_Medium_value_payments,Poor,1
38,21990.04,1517.72,6,7,4,10,3,4,Standard,10378.81,17.19,143,Yes,256.14,558.93,High_spent_Medium_value_payments,Poor,1
27,43687.0,3037.98,3,13,1,4,1,2,Standard,12113.73,52.46,34,Yes,1205.63,573.46,Low_spent_Small_value_payments,Poor,0
40,16618.85,1106.38,2,3,8,5,2,4,Standard,2834.62,57.01,181,Yes,34.0,624.2,High_spent_Small_value_payments,Poor,1
56,47631.08,3302.0,5,2,0,7,2,4,Good,15771.97,44.94,392,No,1525.19,418.93,Low_spent_Large_value_payments,Good,0
22,29331.45,1764.79,4,5,2,10,3,3,Bad,4276.74,27.94,42,Yes,148.66,643.47,Low_spent_Small_value_payments,Poor,1
18,36957.15,2260.36,6,3,3,10,2,4,Standard,8187.94,19.82,6,Yes,201.3,1032.27,High_spent_Small_value_payments,Poor,0
30,55203.65,3367.58,3,9,2,6,4,1,Good,16235.77,7.6,114,Yes,721.84,1037.35,High_spent_Small_value_payments,Good,0
38,17334.88,1173.92,2,5,0,2,3,3,Bad,2243.46,57.22,175,Yes,164.7,638.08,High_spent_Medium_value_payments,Poor,1
43,24084.05,1463.2,3,4,2,8,3,2,Good,11850.95,14.22,137,Yes,404.76,570.96,High_spent_Medium_value_payments,Standard,1
67,47781.54,3123.83,2,5,0,1,3,1,Good,20297.01,48.46,285,Yes,1629.42,224.48,High_spent_Small_value_payments,Standard,1
62,127890.91,8328.38,8,1,0,5,2,3,Bad,26051.12,25.38,257,Yes,2542.88,2210.51,High_spent_Medium_value_payments,Poor,1
38,33428.05,2118.2,3,4,2,3,0,3,Standard,9326.28,14.09,55,No,465.66,412.07,Low_spent_Large_value_payments,Standard,0
35,51775.98,3594.77,7,5,1,11,4,4,Bad,5672.34,28.36,133,No,470.45,1425.06,High_spent_Medium_value_payments,Poor,1
54,34057.89,2106.36,4,6,0,0,1,3,Standard,4352.72,50.13,255,Yes,378.74,1085.66,High_spent_Medium_value_payments,Standard,1
62,116465.15,7432.61,2,4,4,2,4,2,Good,75398.29,22.31,385,Yes,1474.5,2089.95,High_spent_Medium_value_payments,Good,0
49,15000.0,1025.8,5,7,1,0,1,4,Bad,3252.62,17.8,161,Yes,247.42,262.55,High_spent_Large_value_payments,Poor,1
53,38436.88,2318.88,8,5,3,1,0,2,Good,17601.91,8.09,98,No,572.93,826.02,Low_spent_Large_value_payments,Good,0
34,15000.0,1009.35,1,3,0,0,2,2,Standard,6293.8,64.81,112,Yes,570.5,50.0,High_spent_Medium_value_payments,Poor,1
52,15000.0,1032.66,6,7,3,0,1,2,Standard,5572.04,23.07,316,No,137.53,463.15,High_spent_Medium_value_payments,Good,0
66,43411.39,3043.12,4,4,2,1,1,2,Good,12079.96,31.74,452,Yes,452.52,769.62,Low_spent_Small_value_payments,Good,0
28,39485.89,2744.0,6,5,1,1,2,6,Good,25814.46,6.53,91,Yes,1920.8,50.0,High_spent_Medium_value_payments,Standard,1
38,30610.48,1942.54,4,4,1,0,1,5,Good,6113.36,20.38,141,No,488.65,720.67,Low_spent_Medium_value_payments,Good,1
69,34073.78,2260.87,3,1,1,12,3,3,Good,8812.63,33.14,436,No,732.88,474.99,High_spent_Large_value_payments,Good,0
43,233043.33,14177.74,4,4,0,0,0,3,Bad,69927.36,10.59,85,Yes,6548.6,92.46,High_spent_Large_value_payments,Poor,1
21,31104.1,1953.14,3,5,4,0,3,3,Good,2969.74,17.87,12,No,66.52,982.12,Low_spent_Small_value_payments,Good,0
51,49319.49,3009.51,6,8,4,4,7,3,Bad,12403.16,37.54,348,Yes,304.5,1103.74,Low_spent_Medium_value_payments,Poor,0
69,24597.03,1559.81,4,3,3,3,2,5,Bad,13344.9,38.46,299,Yes,419.6,450.87,High_spent_Medium_value_payments,Poor,1
65,43353.36,3012.24,5,2,1,4,4,1,Good,16707.25,40.29,271,No,1261.38,422.22,Low_spent_Small_value_payments,Standard,0
35,31478.49,2007.1,3,4,2,1,0,3,Standard,15110.45,36.21,51,No,643.01,504.43,Low_spent_Small_value_payments,Poor,1
57,28387.07,1876.02,2,7,3,3,1,5,Standard,1201.44,28.27,240,Yes,30.23,1005.17,High_spent_Medium_value_payments,Standard,1
52,108157.0,6997.21,6,6,4,0,1,3,Good,6242.25,22.69,269,Yes,120.32,4601.49,Low_spent_Small_value_payments,Good,0
58,73593.43,4781.48,5,10,2,2,2,4,Standard,30864.74,40.18,344,Yes,1412.02,500.8,Low_spent_Small_value_payments,Poor,0
46,39420.77,2779.31,6,2,1,5,1,3,Good,7252.36,8.18,154,Yes,576.55,559.1,High_spent_Large_value_payments,Good,0
69,15000.0,948.13,6,3,1,1,3,2,Standard,3546.43,23.83,531,Yes,293.07,144.09,Low_spent_Small_value_payments,Good,0
46,29242.97,1953.31,4,5,3,0,1,4,Standard,593.87,32.69,175,Yes,17.62,1041.13,High_spent_Medium_value_payments,Standard,0
55,183839.16,11866.94,6,6,2,5,1,1,Bad,45050.33,49.02,240,No,1812.18,4811.49,Low_spent_Small_value_payments,Standard,1
59,31621.83,1918.26,3,6,0,1,1,0,Good,4342.23,39.02,325,Yes,352.41,484.35,High_spent_Small_value_payments,Good,0
38,70398.73,4597.11,2,5,2,4,3,6,Good,23806.6,38.4,68,Yes,931.11,1431.03,Low_spent_Medium_value_payments,Poor,1
59,86263.81,5935.92,4,5,1,1,1,4,Standard,20347.9,18.2,328,No,1664.36,758.42,High_spent_Large_value_payments,Good,0
30,41414.17,2529.16,7,5,4,2,0,3,Good,7950.19,50.31,65,Yes,184.76,1279.34,High_spent_Medium_value_payments,Standard,0
66,21914.57,1331.4,5,2,3,5,5,6,Standard,6451.67,31.88,126,Yes,186.0,503.67,Low_spent_Small_value_payments,Poor,1
58,15000.0,924.97,2,1,5,6,2,4,Bad,5803.74,32.53,357,Yes,79.97,378.15,High_spent_Medium_value_payments,Poor,1
34,54748.1,3738.26,7,3,3,1,3,3,Bad,22411.73,39.57,164,Yes,523.16,1169.99,High_spent_Small_value_payments,Poor,1
26,22273.35,1511.1,4,6,0,14,5,2,Good,2247.08,26.92,57,No,150.79,718.3,Low_spent_Small_value_payments,Standard,0
58,40363.87,2668.9,3,5,2,5,1,4,Standard,11906.72,18.32,217,No,437.18,1099.21,Low_spent_Medium_value_payments,Standard,0
18,17156.08,1116.39,1,2,0,5,3,6,Bad,2392.91,45.78,6,No,177.35,445.36,Low_spent_Medium_value_payments,Poor,1
19,30972.58,2156.42,5,4,2,11,2,3,Good,11374.8,27.16,10,Yes,392.8,494.23,High_spent_Small_value_payments,Poor,1
65,37057.7,2531.26,2,7,4,1,2,4,Bad,12152.15,24.28,237,No,272.38,808.92,High_spent_Large_value_payments,Poor,1
46,42665.94,2935.25,5,6,2,0,3,2,Good,21254.26,57.71,199,No,956.26,268.45,High_spent_Large_value_payments,Standard,0
50,18603.53,1280.12,3,3,0,4,2,3,Good,9619.64,7.16,141,Yes,810.91,50.0,High_spent_Small_value_payments,Standard,0
27,74469.62,4986.69,7,4,3,0,0,4,Standard,4066.52,21.02,70,Yes,119.54,2332.0,High_spent_Medium_value_payments,Good,0
67,25383.72,1648.97,3,5,0,1,3,5,Standard,5561.88,37.63,442,No,536.04,204.05,Low_spent_Large_value_payments,Good,1
57,15000.0,1040.51,3,3,1,2,0,3,Standard,3269.43,4.37,163,Yes,243.36,415.54,Low_spent_Medium_value_payments,Standard,1
38,34015.99,2382.2,7,3,2,17,4,2,Standard,8161.44,36.25,141,No,333.7,1153.17,Low_spent_Small_value_payments,Poor,1
45,37072.29,2233.9,6,6,2,9,2,4,Standard,9474.94,26.73,105,No,380.58,912.15,Low_spent_Small_value_payments,Poor,0
28,39988.76,2421.66,2,4,2,4,3,7,Standard,6355.42,52.38,63,Yes,298.95,753.47,High_spent_Large_value_payments,Poor,1
51,82230.33,5787.9,5,6,2,8,3,3,Good,20518.89,19.44,266,No,789.06,2982.26,Low_spent_Medium_value_payments,Good,0
25,31512.22,1985.35,2,4,2,3,3,2,Standard,15978.08,14.26,18,Yes,632.22,167.84,Low_spent_Medium_value_payments,Poor,1
39,33800.41,2347.83,5,2,2,2,4,3,Standard,16629.59,59.37,181,Yes,607.48,1028.08,Low_spent_Small_value_payments,Poor,1
25,18733.89,1202.94,4,5,1,0,1,2,Standard,6927.16,12.16,37,Yes,469.11,289.67,Low_spent_Large_value_payments,Standard,1
66,59416.79,3641.67,4,4,0,10,3,2,Good,1373.65,24.41,341,No,132.38,2099.9,High_spent_Large_value_payments,Good,0
32,40561.94,2469.06,4,3,4,4,1,4,Standard,17335.31,51.27,88,No,405.46,653.44,High_spent_Medium_value_payments,Poor,1
34,28225.56,1741.39,2,3,2,1,0,4,Bad,3055.67,11.07,143,Yes,142.48,932.94,High_spent_Medium_value_payments,Poor,1
40,15000.0,940.61,4,2,1,11,3,6,Bad,3575.07,44.47,190,No,269.57,132.05,High_spent_Medium_value_payments,Poor,1
41,86391.74,5640.71,3,5,3,1,4,1,Standard,26555.65,9.9,55,Yes,630.18,2927.11,Low_spent_Large_value_payments,Standard,1
62,17385.5,1175.25,4,4,4,6,2,1,Bad,2467.09,40.11,159,Yes,53.47,448.45,High_spent_Medium_value_payments,Poor,1
36,25469.4,1800.33,4,5,3,7,2,4,Standard,4330.17,46.17,79,No,118.97,1120.36,High_spent_Large_value_payments,Poor,1
22,45026.51,2916.95,2,5,1,8,3,2,Standard,31252.55,30.98,26,Yes,2041.86,50.0,High_spent_Medium_value_payments,Poor,1
49,17713.2,1162.23,4,5,6,7,2,5,Bad,4896.37,58.54,152,Yes,75.51,487.57,Low_spent_Large_value_payments,Poor,1
61,15000.0,984.8,5,5,1,6,2,1,Good,2727.86,22.2,145,Yes,195.23,214.95,Low_spent_Large_value_payments,Standard,0
18,15000.0,987.66,4,8,2,4,3,5,Good,9070.83,12.14,6,Yes,426.67,222.33,High_spent_Large_value_payments,Poor,1
40,55971.51,3672.23,5,8,1,3,0,3,Good,7670.28,27.77,124,Yes,751.07,1088.38,High_spent_Large_value_payments,Good,0
54,26183.59,1573.5,5,4,1,0,1,3,Good,5796.96,23.16,205,Yes,529.97,441.82,Low_spent_Medium_value_payments,Good,0
25,210315.08,12622.83,3,3,1,0,0,4,Standard,92545.71,27.89,56,Yes,8243.73,50.0,Low_spent_Small_value_payments,Poor,1
30,19997.99,1221.04,3,7,2,0,3,3,Standard,8494.14,30.26,43,No,332.81,206.67,High_spent_Large_value_payments,Poor,0
25,20892.16,1276.52,1,10,3,5,4,3,Good,4271.88,5.64,39,No,102.95,741.63,Low_spent_Medium_value_payments,Good,0
40,25868.06,1749.62,3,7,2,0,0,3,Standard,936.63,29.29,111,Yes,34.68,1050.16,High_spent_Large_value_payments,Standard,0
60,42019.15,2614.43,5,2,3,3,1,2,Standard,2088.93,6.64,270,Yes,54.52,1590.21,High_spent_Medium_value_payments,Good,0
18,27388.49,1908.78,4,2,0,1,0,5,Standard,4123.3,7.38,6,No,337.69,584.14,High_spent_Small_value_payments,Standard,0
62,52438.66,3673.85,3,4,1,0,2,2,Standard,19319.64,45.6,229,No,1873.3,642.89,High_spent_Small_value_payments,Standard,1
68,20188.07,1424.72,7,7,3,1,3,2,Bad,10109.26,32.0,537,Yes,273.36,504.51,High_spent_Large_value_payments,Standard,0
41,15851.91,1112.38,2,4,2,4,1,2,Standard,1244.75,14.16,238,Yes,60.35,414.5,Low_spent_Small_value_payments,Standard,0
52,15000.0,944.18,3,5,4,2,3,2,Standard,5183.83,5.64,145,No,96.82,516.5,High_spent_Medium_value_payments,Good,0
41,15000.0,982.84,7,2,2,2,0,5,Standard,2638.65,26.82,154,No,123.73,358.6,Low_spent_Medium_value_payments,Standard,1
34,26613.09,1647.37,2,5,3,1,2,7,Bad,4836.53,42.6,161,Yes,141.71,804.22,Low_spent_Medium_value_payments,Poor,1
22,30315.42,2083.7,3,5,2,3,4,4,Standard,7791.66,29.21,33,No,285.29,878.41,Low_spent_Large_value_payments,Poor,1
37,24863.04,1731.08,6,7,2,7,3,1,Bad,4729.95,32.93,185,Yes,167.69,904.73,High_spent_Large_value_payments,Poor,1
38,76576.34,5300.79,4,6,2,2,1,2,Good,41496.05,22.23,182,No,1385.89,1771.57,Low_spent_Large_value_payments,Good,0
57,75873.15,4908.6,8,5,2,0,0,5,Bad,32421.55,23.03,296,No,1263.96,1210.41,High_spent_Small_value_payments,Standard,1
48,29706.41,2026.54,3,7,6,4,3,4,Bad,8814.08,0.31,237,Yes,110.16,1118.97,High_spent_Medium_value_payments,Poor,0
63,15000.0,915.86,3,12,0,8,4,3,Good,3423.81,26.61,205,Yes,336.11,239.06,Low_spent_Small_value_payments,Standard,1
53,25847.7,1562.13,2,4,1,4,2,6,Standard,3930.46,53.38,138,No,359.44,674.3,High_spent_Medium_value_payments,Poor,1
28,25339.18,1727.12,1,5,3,0,3,1,Standard,4472.87,17.65,71,Yes,103.64,604.38,Low_spent_Medium_value_payments,Standard,0
69,24482.63,1581.77,3,9,1,3,0,2,Bad,3712.7,21.8,159,Yes,336.81,332.18,High_spent_Medium_value_payments,Poor,1
32,23893.67,1691.32,3,8,2,1,2,3,Standard,5579.19,15.59,63,Yes,210.43,865.8,Low_spent_Medium_value_payments,Standard,1
36,24536.63,1498.05,5,8,1,3,0,3,Good,768.45,24.94,135,Yes,71.59,878.95,High_spent_Large_value_payments,Good,0
24,28798.4,1994.85,2,9,1,1,2,2,Standard,5537.2,15.02,19,No,453.23,523.43,High_spent_Small_value_payments,Standard,1
68,24801.9,1617.08,7,6,3,1,2,3,Standard,3017.59,43.0,384,Yes,74.33,918.51,High_spent_Large_value_payments,Standard,0
45,41150.59,2837.78,4,6,2,1,3,6,Good,1984.09,39.27,185,Yes,93.91,1508.72,Low_spent_Large_value_payments,Standard,0
68,45081.23,3103.94,7,5,1,0,0,4,Standard,11982.18,37.26,177,Yes,1182.48,146.43,Low_spent_Small_value_payments,Poor,1
60,21028.06,1470.35,6,5,3,5,4,3,Standard,5525.82,28.56,276,Yes,152.81,535.32,Low_spent_Large_value_payments,Standard,1
22,77857.79,4922.69,2,4,3,1,3,2,Good,25578.25,10.47,33,Yes,684.77,2069.18,High_spent_Small_value_payments,Good,0
22,20170.22,1417.75,4,4,1,0,3,3,Good,2863.97,29.93,28,Yes,252.84,359.55,Low_spent_Small_value_payments,Standard,1
47,15000.0,924.65,6,6,2,7,4,2,Bad,7929.84,41.82,285,Yes,296.57,241.33,High_spent_Large_value_payments,Poor,1
49,45636.67,2778.73,2,4,4,0,1,2,Bad,22721.33,3.97,321,No,556.01,903.02,Low_spent_Large_value_payments,Good,1
25,22237.94,1438.26,5,7,0,3,3,1,Bad,3421.1,6.71,38,Yes,301.29,360.23,Low_spent_Medium_value_payments,Poor,1
27,44036.53,3037.35,4,4,2,2,2,3,Standard,19186.35,55.49,41,Yes,875.08,1092.95,High_spent_Large_value_payments,Poor,1
55,15000.0,976.93,2,3,4,1,2,1,Standard,7320.55,42.51,214,Yes,169.97,435.56,Low_spent_Small_value_payments,Poor,1
64,83740.13,5776.72,3,2,3,2,1,3,Standard,50331.38,25.41,288,Yes,1566.04,2438.5,High_spent_Small_value_payments,Standard,0
49,54359.57,3691.28,4,6,2,1,1,5,Standard,11688.59,45.45,122,No,535.18,1808.26,Low_spent_Large_value_payments,Standard,1
65,15000.0,934.03,3,6,0,0,0,1,Good,4372.2,54.57,405,Yes,332.63,243.94,High_spent_Small_value_payments,Good,0
45,15000.0,1054.19,4,4,2,2,1,2,Bad,1926.77,6.68,272,No,85.48,471.5,High_spent_Medium_value_payments,Standard,1
34,99047.97,6008.1,4,8,2,11,4,3,Good,32828.93,39.54,102,Yes,1426.95,2532.37,Low_spent_Medium_value_payments,Poor,1
48,23331.79,1626.96,4,4,0,4,3,4,Standard,8801.53,60.0,85,No,855.88,50.0,High_spent_Medium_value_payments,Poor,1
25,22015.22,1393.52,4,6,1,4,3,5,Bad,9047.82,29.41,74,Yes,827.65,50.0,Low_spent_Small_value_payments,Poor,1
57,15000.0,981.27,3,5,2,5,3,6,Standard,5790.07,1.15,206,No,246.99,408.19,Low_spent_Large_value_payments,Standard,0
42,29423.03,1900.01,2,6,3,2,2,0,Standard,4011.9,43.71,101,Yes,130.29,1168.47,Low_spent_Medium_value_payments,Poor,1
26,31677.7,1959.63,2,4,2,9,2,1,Good,7922.39,51.37,44,Yes,377.91,483.45,Low_spent_Medium_value_payments,Poor,0
19,55786.98,3563.67,5,3,3,1,4,4,Standard,12937.52,4.52,6,Yes,329.68,1977.99,High_spent_Small_value_payments,Standard,0
32,15686.46,973.97,3,2,1,1,2,8,Good,1883.8,56.74,68,Yes,183.62,371.39,Low_spent_Medium_value_payments,Poor,1
67,15000.0,933.13,2,5,2,1,0,3,Good,8360.89,20.51,297,No,343.37,131.19,Low_spent_Medium_value_payments,Good,0
20,47599.5,2952.43,3,2,4,0,2,3,Good,13779.09,16.47,20,No,261.2,1140.02,High_spent_Large_value_payments,Good,1
66,66438.9,4338.31,5,5,1,1,1,6,Standard,20784.55,13.31,368,No,1502.92,1346.51,High_spent_Small_value_payments,Good,0
53,15000.0,1029.66,2,4,2,8,3,4,Good,7564.4,3.98,178,Yes,338.47,287.17,Low_spent_Small_value_payments,Standard,1
21,69487.94,4597.59,5,7,1,7,4,1,Standard,30026.06,17.52,7,Yes,2646.5,410.82,High_spent_Medium_value_payments,Poor,1
31,37142.8,2587.98,4,4,1,12,5,2,Standard,9202.84,30.82,97,Yes,797.17,315.73,High_spent_Large_value_payments,Poor,1
58,69918.34,4677.25,4,8,5,4,3,1,Standard,27249.29,30.75,230,No,513.28,1970.82,High_spent_Large_value_payments,Standard,0
58,34817.23,2349.04,3,4,1,1,0,3,Standard,4721.99,37.59,252,Yes,469.45,587.93,High_spent_Small_value_payments,Standard,0
42,15000.0,1008.49,2,7,3,1,2,2,Good,2155.76,20.69,233,Yes,51.07,491.0,High_spent_Large_value_payments,Good,0
67,33150.72,2150.46,4,5,1,1,1,2,Bad,10902.87,70.72,301,Yes,1027.26,110.57,Low_spent_Large_value_payments,Poor,1
27,68602.64,4628.47,1,6,1,0,2,0,Standard,22955.9,35.76,32,No,2080.7,855.43,High_spent_Large_value_payments,Poor,0
38,21242.36,1290.58,3,5,1,3,2,4,Good,3766.04,8.33,138,No,308.98,430.68,Low_spent_Medium_value_payments,Good,0
53,28773.81,1994.46,5,3,2,6,1,3,Standard,7556.29,17.77,291,Yes,295.41,834.9,Low_spent_Large_value_payments,Standard,1
29,32673.51,2235.73,2,3,1,6,1,6,Bad,5344.19,14.62,54,Yes,467.31,504.48,High_spent_Small_value_payments,Poor,1
44,15000.0,939.85,1,7,1,7,2,2,Standard,1654.41,38.41,116,Yes,150.16,446.97,High_spent_Medium_value_payments,Poor,1
57,98993.41,6763.26,1,7,3,0,0,3,Good,21012.81,17.77,215,No,582.8,4054.2,Low_spent_Medium_value_payments,Good,0
19,21145.33,1271.62,5,4,0,2,2,2,Good,3811.92,48.24,6,No,286.39,351.59,High_spent_Small_value_payments,Standard,0
30,49189.79,3067.16,2,4,1,5,3,3,Bad,26658.0,45.37,47,Yes,2147.01,50.0,Low_spent_Large_value_payments,Poor,1
49,34474.64,2092.81,4,5,3,0,0,6,Standard,7327.37,16.24,239,Yes,173.26,1152.82,High_spent_Small_value_payments,Standard,0
48,77232.18,5286.73,5,5,3,3,2,0,Good,23446.4,24.54,266,No,571.42,2603.3,Low_spent_Small_value_payments,Good,0
33,46334.11,3159.46,2,4,0,2,2,3,Standard,13916.81,24.0,113,Yes,1205.91,610.35,High_spent_Medium_value_payments,Poor,0
49,31541.06,2170.48,4,6,3,3,3,2,Standard,10298.46,20.39,205,No,280.47,1095.93,High_spent_Large_value_payments,Standard,0
49,21245.3,1275.75,3,3,4,13,4,0,Standard,4286.33,40.25,223,No,93.16,775.73,High_spent_Large_value_payments,Poor,0
51,58612.92,3835.04,4,5,0,4,4,2,Good,39304.99,16.62,221,Yes,2684.53,50.0,Low_spent_Medium_value_payments,Standard,0
28,15000.0,1014.54,3,5,0,5,3,2,Standard,3090.33,27.74,62,Yes,287.93,145.22,High_spent_Medium_value_payments,Poor,1
27,53505.21,3300.39,3,6,3,0,3,8,Standard,7521.58,49.12,23,Yes,215.77,2054.99,High_spent_Small_value_payments,Poor,1
32,18780.48,1259.03,3,8,3,4,1,4,Standard,5581.87,35.47,97,Yes,177.68,656.57,High_spent_Large_value_payments,Poor,1
34,76985.33,4689.27,3,6,1,0,3,6,Good,22825.1,2.77,48,Yes,1770.58,961.61,High_spent_Large_value_payments,Standard,0
57,40005.8,2478.93,5,5,3,6,1,3,Good,7327.51,24.73,272,No,205.64,1504.46,Low_spent_Medium_value_payments,Good,0
35,53448.52,3482.41,4,3,2,5,2,5,Good,8706.23,8.11,111,Yes,383.83,1657.35,Low_spent_Large_value_payments,Good,1
26,38146.65,2558.89,3,6,3,0,1,5,Standard,7581.0,31.11,76,Yes,205.95,851.73,Low_spent_Large_value_payments,Poor,1
42,15000.0,923.7,4,6,4,2,4,1,Standard,3216.5,46.1,140,Yes,78.26,432.45,High_spent_Small_value_payments,Poor,1
57,21667.37,1343.52,5,5,2,4,3,4,Bad,5298.86,29.37,405,Yes,263.34,451.34,Low_spent_Medium_value_payments,Poor,1
31,54362.7,3382.17,5,7,3,2,1,1,Standard,3967.29,12.03,81,No,88.4,2128.09,Low_spent_Large_value_payments,Good,0
42,40134.58,2511.86,4,5,1,1,1,6,Good,6749.39,12.12,248,Yes,632.79,880.78,Low_spent_Large_value_payments,Good,0
67,73761.63,4606.73,6,4,1,1,1,4,Standard,27253.52,52.47,182,Yes,2722.74,50.0,High_spent_Medium_value_payments,Poor,1
39,46256.85,2973.43,1,3,3,3,1,3,Good,14158.45,30.58,204,Yes,451.05,1036.42,Low_spent_Small_value_payments,Good,0
69,20332.56,1363.96,2,7,4,2,0,6,Bad,4093.83,45.06,456,No,98.41,608.49,High_spent_Medium_value_payments,Standard,1
47,22524.56,1458.36,3,8,1,1,0,4,Good,2412.83,41.13,128,Yes,231.42,517.49,Low_spent_Small_value_payments,Standard,0
37,38628.69,2642.45,5,3,3,18,4,3,Good,6834.49,20.35,204,No,157.94,1006.13,Low_spent_Medium_value_payments,Standard,1
38,15000.0,1016.88,4,4,4,3,3,4,Standard,3937.64,40.66,91,Yes,71.25,528.99,High_spent_Small_value_payments,Poor,1
61,99117.88,6082.93,5,6,1,3,2,4,Standard,36721.02,25.0,282,Yes,2867.75,129.52,High_spent_Medium_value_payments,Poor,0
49,47337.03,2865.27,3,6,1,8,3,1,Good,7175.04,30.56,263,Yes,528.33,1430.33,High_spent_Small_value_payments,Good,0
68,75827.84,5270.87,1,3,0,3,1,5,Bad,41993.6,17.25,121,No,3550.26,50.0,High_spent_Medium_value_payments,Poor,1
63,15000.0,912.97,2,4,1,0,3,4,Bad,2138.75,28.42,239,Yes,161.2,391.46,High_spent_Small_value_payments,Poor,1
66,76629.63,4720.92,5,6,3,7,2,3,Good,4278.43,35.82,345,Yes,102.78,2779.33,High_spent_Large_value_payments,Good,0
38,138537.92,8345.49,3,6,0,6,3,2,Good,17139.37,7.89,147,Yes,1249.99,2162.97,High_spent_Small_value_payments,Good,0
52,16440.01,1098.31,4,8,1,2,1,5,Good,6577.79,10.65,299,Yes,601.53,56.9,High_spent_Small_value_payments,Good,0
49,57690.11,3825.37,7,6,0,0,3,0,Standard,9698.37,11.62,215,No,705.27,1704.12,Low_spent_Medium_value_payments,Good,0
47,36339.7,2568.91,4,7,2,0,1,2,Good,6901.28,26.97,310,No,287.3,939.28,Low_spent_Medium_value_payments,Good,0
56,15000.0,1044.13,3,2,1,12,6,3,Good,7964.12,21.01,299,No,730.89,50.0,Low_spent_Large_value_payments,Standard,1
66,48811.95,3145.97,3,3,4,4,5,1,Bad,10473.51,18.76,376,No,221.86,1708.1,Low_spent_Large_value_payments,Standard,0
29,59883.84,3834.09,3,7,1,8,2,4,Good,8783.73,23.25,67,No,642.97,1581.68,Low_spent_Large_value_payments,Good,0
58,25319.35,1600.59,6,3,0,1,3,3,Standard,7493.86,15.28,251,Yes,605.71,286.43,Low_spent_Large_value_payments,Standard,1
64,73097.53,4506.54,4,6,1,3,1,4,Standard,18982.68,13.17,300,Yes,1709.97,373.97,Low_spent_Medium_value_payments,Standard,1
35,15000.0,922.44,2,5,3,3,1,7,Good,2129.3,8.42,177,Yes,59.74,441.46,High_spent_Large_value_payments,Good,0
38,15000.0,921.5,6,10,2,2,0,3,Standard,7687.46,27.36,145,No,354.44,67.47,High_spent_Small_value_payments,Standard,0
30,39417.24,2413.76,4,6,1,3,3,1,Bad,5463.19,36.05,34,No,381.64,649.19,Low_spent_Large_value_payments,Poor,1
38,36872.86,2308.45,4,5,1,4,2,2,Good,2997.15,76.58,158,Yes,233.76,741.15,High_spent_Large_value_payments,Poor,0
25,23624.89,1495.98,3,4,1,0,3,2,Good,10249.51,13.52,26,No,737.61,139.74,High_spent_Medium_value_payments,Good,1
63,59027.38,4156.54,3,4,0,4,2,3,Bad,3321.33,41.43,266,No,325.15,2043.22,Low_spent_Large_value_payments,Standard,1
57,49937.95,3309.23,5,6,2,0,3,0,Standard,4041.53,34.82,123,No,149.53,1634.32,High_spent_Medium_value_payments,Good,1
63,60771.94,4296.51,4,9,2,10,6,3,Standard,7388.19,26.94,166,No,344.59,1686.06,Low_spent_Medium_value_payments,Standard,0
24,33729.16,2159.85,7,6,2,2,2,3,Standard,14375.87,27.32,52,No,525.11,702.76,High_spent_Small_value_payments,Poor,1
40,52132.73,3386.42,1,6,2,3,3,4,Standard,8356.48,17.74,120,No,403.63,1230.9,Low_spent_Large_value_payments,Standard,0
61,27794.96,1765.43,4,5,5,1,4,1,Good,10830.74,25.32,120,Yes,151.02,914.45,High_spent_Medium_value_payments,Standard,0
49,124528.67,7718.45,5,7,2,18,4,2,Good,21889.66,10.47,262,Yes,838.65,3988.31,Low_spent_Small_value_payments,Good,0
28,22302.91,1372.77,3,6,0,1,0,1,Standard,9127.11,21.39,24,Yes,648.56,50.0,Low_spent_Large_value_payments,Poor,1
39,128435.03,9021.07,3,2,0,2,1,3,Standard,50377.92,8.75,192,Yes,3903.14,2312.42,Low_spent_Large_value_payments,Standard,1
39,37083.7,2621.46,3,5,2,3,1,3,Standard,11144.71,52.51,148,Yes,468.22,1279.3,High_spent_Medium_value_payments,Poor,0
60,15909.85,962.33,3,3,1,6,3,0,Standard,2767.21,26.27,402,No,274.0,395.15,Low_spent_Small_value_payments,Good,1
42,82524.26,5085.87,2,6,4,1,0,6,Bad,19005.08,12.06,113,Yes,367.0,2445.99,Low_spent_Small_value_payments,Poor,1
39,39165.08,2529.6,6,3,4,17,9,3,Standard,13593.32,49.91,80,Yes,254.92,764.4,High_spent_Medium_value_payments,Poor,1
45,60516.69,3753.16,3,6,2,2,1,3,Bad,9779.18,16.9,80,No,430.55,2118.67,Low_spent_Medium_value_payments,Standard,0
46,75683.36,4839.35,3,8,1,1,2,1,Standard,7884.88,41.5,231,Yes,611.52,1330.79,Low_spent_Large_value_payments,Standard,0
30,44479.04,2730.95,2,3,1,1,3,4,Standard,15107.11,29.43,120,No,1167.88,739.25,High_spent_Small_value_payments,Poor,0
35,25454.7,1653.17,7,5,3,8,2,1,Standard,13818.31,22.88,140,Yes,454.51,445.32,Low_spent_Medium_value_payments,Poor,1
19,65213.91,4104.78,3,3,1,3,3,4,Standard,19324.03,64.43,7,No,1428.12,1051.69,Low_spent_Small_value_payments,Poor,1
46,36331.97,2318.43,3,7,4,2,0,0,Standard,7465.15,38.03,68,Yes,132.12,837.38,Low_spent_Medium_value_payments,Standard,1
38,54803.79,3344.22,4,3,2,0,4,2,Good,14383.75,24.52,108,Yes,696.62,1232.28,Low_spent_Medium_value_payments,Standard,0
32,15000.0,969.57,6,6,3,9,5,4,Standard,3208.3,35.37,144,No,93.88,320.98,Low_spent_Large_value_payments,Poor,1
69,47485.94,3354.97,2,6,1,5,4,5,Good,8400.16,19.54,356,Yes,740.33,603.98,Low_spent_Medium_value_payments,Good,0
44,24756.63,1573.59,7,4,2,14,4,5,Standard,2308.46,24.74,119,No,103.8,716.4,Low_spent_Large_value_payments,Poor,1
67,97927.8,6805.46,6,4,3,0,1,3,Standard,19113.44,19.88,167,No,510.68,2457.44,Low_spent_Medium_value_payments,Good,0
48,52778.14,3648.8,7,3,4,7,1,4,Good,20846.21,46.17,170,No,437.86,1963.16,Low_spent_Small_value_payments,Standard,1
32,41936.62,2948.73,6,5,2,6,2,1,Bad,7465.56,27.58,50,No,343.5,966.47,Low_spent_Large_value_payments,Poor,0
68,48619.79,3333.35,4,6,3,3,1,6,Bad,18380.5,46.01,522,Yes,522.25,1170.58,High_spent_Large_value_payments,Poor,1
40,19949.02,1339.49,4,2,0,0,2,3,Standard,7304.18,13.0,208,Yes,631.15,239.86,High_spent_Small_value_payments,Standard,0
41,96177.82,6663.17,3,6,1,0,3,1,Bad,20171.43,28.84,146,Yes,1982.26,1035.67,Low_spent_Medium_value_payments,Poor,0
61,119949.04,7295.24,4,2,2,2,0,2,Bad,65692.75,36.81,460,Yes,2636.98,321.53,Low_spent_Medium_value_payments,Poor,1
30,45970.18,2988.71,7,9,0,7,1,2,Bad,9688.3,54.72,44,Yes,745.44,887.41,High_spent_Large_value_payments,Poor,1
39,94300.53,6668.65,6,5,1,2,1,4,Bad,11283.51,9.29,79,No,792.29,3324.14,Low_spent_Small_value_payments,Standard,0
60,25809.84,1763.78,3,4,4,8,4,3,Good,10225.1,63.77,157,Yes,178.59,987.27,Low_spent_Medium_value_payments,Poor,1
54,22510.38,1585.24,2,5,3,12,5,2,Good,1560.61,9.09,128,Yes,42.31,1044.03,Low_spent_Large_value_payments,Standard,0
50,37218.26,2547.44,8,4,2,2,3,4,Standard,8419.67,30.57,209,Yes,324.55,942.33,Low_spent_Large_value_payments,Standard,1
20,47144.12,3275.47,5,5,1,2,1,2,Standard,12697.25,14.92,17,Yes,1066.04,743.68,High_spent_Medium_value_payments,Poor,1
36,28670.04,1939.64,3,8,1,1,2,3,Bad,5135.88,10.61,140,Yes,351.95,695.62,High_spent_Large_value_payments,Poor,0
40,50144.34,3421.79,4,4,2,2,3,7,Good,16065.97,66.42,130,No,718.19,1372.11,High_spent_Medium_value_payments,Poor,0
46,43644.55,2866.04,6,7,2,2,3,2,Good,17277.34,40.04,74,No,577.09,1286.76,High_spent_Large_value_payments,Standard,0
47,19950.63,1396.79,3,4,0,12,4,5,Good,1615.16,33.98,153,No,108.27,609.29,Low_spent_Large_value_payments,Standard,0
56,49576.68,3417.71,3,4,2,1,3,2,Bad,8888.35,48.22,178,No,311.01,1309.4,Low_spent_Medium_value_payments,Poor,1
61,60968.76,4215.51,4,3,2,7,3,2,Good,6579.54,27.34,186,Yes,222.14,1821.96,High_spent_Small_value_payments,Good,0
64,40250.66,2708.5,6,3,4,2,0,4,Good,508.91,42.12,262,Yes,9.71,1116.52,High_spent_Medium_value_payments,Good,0
42,72517.91,4590.36,4,5,1,0,1,7,Standard,8542.91,24.68,196,Yes,813.55,2247.56,Low_spent_Small_value_payments,Standard,0
54,17493.03,1056.33,4,7,4,6,3,6,Good,10031.39,35.49,311,Yes,179.75,411.07,Low_spent_Medium_value_payments,Standard,0
64,48087.15,3372.65,3,4,1,2,1,2,Good,9769.98,48.63,183,Yes,920.85,480.68,Low_spent_Medium_value_payments,Standard,0
25,17994.68,1193.94,5,5,4,2,2,3,Good,7811.69,33.81,52,No,166.32,523.69,High_spent_Small_value_payments,Standard,0
59,18611.8,1176.82,8,5,1,16,6,1,Standard,2822.11,17.12,209,Yes,200.41,578.44,High_spent_Large_value_payments,Poor,1
33,24870.6,1532.42,2,3,3,0,3,2,Good,10219.25,36.08,65,Yes,328.97,612.92,Low_spent_Medium_value_payments,Standard,1
25,20635.41,1423.56,4,7,2,2,0,7,Standard,1266.51,3.97,75,No,53.11,867.75,High_spent_Medium_value_payments,Standard,0
18,26139.49,1805.25,4,6,3,12,6,2,Standard,8924.99,12.49,6,No,254.81,745.56,High_spent_Medium_value_payments,Poor,1
61,31936.66,2198.0,4,3,1,9,4,2,Good,4362.78,37.39,411,Yes,370.16,842.47,Low_spent_Medium_value_payments,Good,0
22,60011.57,4020.08,3,5,0,7,3,1,Good,19853.06,11.14,22,No,1886.82,379.49,High_spent_Medium_value_payments,Standard,0
20,29950.6,1915.8,2,7,1,0,2,3,Standard,9227.03,35.15,20,Yes,862.78,216.62,Low_spent_Medium_value_payments,Poor,1
18,15000.0,949.41,5,6,0,4,2,1,Good,5760.35,29.67,6,Yes,404.06,116.03,Low_spent_Small_value_payments,Standard,1
21,71972.6,4325.03,5,7,1,6,1,3,Good,5027.47,59.33,32,No,439.22,1706.83,High_spent_Large_value_payments,Standard,0
57,21976.87,1517.08,7,10,2,3,2,1,Good,3415.33,13.19,340,Yes,169.11,683.89,High_spent_Small_value_payments,Good,0
52,35058.3,2136.7,4,6,4,1,2,3,Good,2714.59,18.25,242,Yes,60.5,1225.9,High_spent_Small_value_payments,Good,0
49,47473.26,3172.79,4,4,3,7,1,4,Standard,4212.46,37.53,272,Yes,133.77,1775.41,High_spent_Small_value_payments,Standard,0
59,40936.05,2679.71,4,4,1,4,4,2,Standard,11968.3,38.31,351,Yes,883.03,654.56,Low_spent_Small_value_payments,Standard,0
51,70018.01,4600.59,4,7,3,1,4,3,Bad,3239.55,37.45,173,Yes,96.12,2287.59,High_spent_Small_value_payments,Poor,1
60,48407.11,3390.4,7,7,0,10,2,6,Bad,17629.58,21.16,429,Yes,1571.09,259.72,High_spent_Medium_value_payments,Poor,0
42,21659.82,1307.01,6,5,1,0,1,3,Good,7344.04,22.4,246,No,512.26,397.77,Low_spent_Small_value_payments,Good,0
27,134206.82,9176.85,6,6,0,4,3,4,Standard,38763.0,45.5,42,Yes,3080.88,640.52,High_spent_Medium_value_payments,Poor,1
38,40806.64,2471.41,4,8,0,4,5,0,Standard,2851.7,13.98,91,No,227.82,1214.6,High_spent_Medium_value_payments,Standard,0
63,33242.88,2008.31,5,4,2,3,0,4,Standard,9190.24,21.06,432,Yes,420.87,874.03,Low_spent_Large_value_payments,Good,0
56,64754.29,4186.78,3,6,3,20,6,4,Good,34132.67,16.03,188,Yes,970.5,933.7,Low_spent_Small_value_payments,Poor,1
44,42178.7,2559.54,2,6,2,2,2,3,Standard,21634.21,0.61,262,Yes,781.85,329.1,High_spent_Small_value_payments,Standard,0
44,46144.68,3163.17,2,3,3,2,1,2,Standard,13362.2,18.64,206,Yes,347.83,1198.37,High_spent_Medium_value_payments,Standard,0
19,161993.32,10648.94,4,4,1,3,0,3,Standard,53531.42,31.75,10,Yes,3637.27,3814.72,High_spent_Large_value_payments,Poor,0
58,30789.44,1857.05,1,3,1,9,4,5,Standard,13840.21,11.0,370,Yes,1080.66,104.47,Low_spent_Small_value_payments,Standard,1
65,30011.73,1813.87,5,7,7,3,1,4,Standard,4468.68,12.01,444,Yes,43.26,807.2,Low_spent_Medium_value_payments,Good,0
30,38946.61,2595.29,3,5,4,6,3,1,Standard,6231.82,33.42,36,Yes,154.99,1360.07,Low_spent_Small_value_payments,Poor,1
26,69072.33,4747.54,7,14,0,10,2,4,Bad,12756.24,19.03,52,Yes,1189.16,1669.61,Low_spent_Medium_value_payments,Poor,0
69,15000.0,971.14,5,2,2,2,2,2,Standard,5093.59,25.34,296,Yes,251.16,262.58,High_spent_Large_value_payments,Standard,0
53,15000.0,990.12,3,4,2,13,4,2,Good,1627.06,17.54,313,Yes,66.36,573.28,Low_spent_Large_value_payments,Good,0
39,25533.1,1753.23,6,6,3,5,5,2,Good,7684.58,29.52,107,Yes,201.94,688.97,High_spent_Small_value_payments,Standard,0
59,15000.0,999.21,2,6,3,21,6,5,Standard,1054.82,15.46,331,Yes,34.92,586.17,Low_spent_Large_value_payments,Poor,1
43,28144.33,1757.19,8,5,6,0,1,2,Good,11503.15,57.64,205,No,182.56,830.39,Low_spent_Small_value_payments,Standard,0
29,49094.38,3271.72,3,5,0,3,3,3,Good,98.06,20.21,54,Yes,8.81,1757.74,High_spent_Large_value_payments,Good,1
34,21280.59,1421.68,2,8,2,0,0,1,Bad,3982.48,1.26,114,No,156.75,510.26,High_spent_Medium_value_payments,Standard,0
31,15427.46,1048.34,6,4,2,2,3,6,Good,483.14,34.34,107,No,18.06,422.9,High_spent_Small_value_payments,Standard,0
31,37858.18,2526.13,4,5,3,7,2,4,Bad,4412.89,25.9,100,Yes,122.2,1070.84,Low_spent_Large_value_payments,Poor,1
51,60932.75,4295.77,2,3,1,4,1,2,Standard,27021.97,36.99,170,Yes,2012.91,570.26,Low_spent_Large_value_payments,Poor,1
37,15000.0,932.06,7,6,1,3,0,4,Good,5525.11,10.44,89,Yes,400.92,69.0,High_spent_Medium_value_payments,Standard,1
28,59405.34,4176.4,6,8,4,1,0,6,Good,20664.43,9.39,49,No,399.54,1323.53,High_spent_Small_value_payments,Good,0
33,59301.13,3903.91,5,3,3,8,3,3,Good,14049.31,24.7,42,No,329.74,1944.29,Low_spent_Large_value_payments,Standard,0
68,64373.1,4330.99,5,3,2,8,4,3,Standard,19253.16,8.32,388,Yes,801.53,2189.78,Low_spent_Large_value_payments,Good,0
48,75439.64,4607.66,4,2,2,0,2,5,Good,9652.35,34.01,253,No,451.39,1435.05,High_spent_Small_value_payments,Good,0
23,136108.6,8727.68,5,9,0,0,2,4,Good,36818.76,7.63,13,Yes,3617.83,371.01,High_spent_Large_value_payments,Standard,0
36,29329.37,2004.22,3,3,4,14,5,4,Good,5173.08,34.46,190,Yes,104.32,1230.92,High_spent_Medium_value_payments,Poor,0
54,38783.22,2624.0,4,4,3,6,3,1,Good,14335.74,28.91,324,Yes,471.83,1030.74,Low_spent_Large_value_payments,Good,0
21,28286.42,1709.49,1,3,2,1,0,3,Standard,3699.2,15.92,25,No,166.94,937.39,Low_spent_Medium_value_payments,Standard,0
64,36358.6,2396.81,4,7,1,0,0,3,Good,12808.74,37.71,433,No,878.98,782.85,Low_spent_Small_value_payments,Good,0
21,91101.0,5553.18,4,7,0,4,2,2,Standard,15734.36,13.55,29,Yes,1269.51,1984.39,Low_spent_Small_value_payments,Standard,0
37,16203.64,1147.03,3,6,2,10,3,1,Bad,5075.66,34.99,92,No,250.39,346.16,Low_spent_Small_value_payments,Poor,0
27,21663.2,1510.37,4,5,4,1,2,5,Standard,5866.77,73.49,58,Yes,109.83,916.66,Low_spent_Large_value_payments,Poor,1
41,82976.16,4997.52,4,6,5,0,2,3,Good,20797.53,43.18,178,No,289.68,2528.31,Low_spent_Small_value_payments,Good,0
52,66971.46,4641.26,2,3,1,0,0,2,Good,30914.69,37.34,333,Yes,2358.85,53.57,High_spent_Large_value_payments,Standard,0
43,29205.75,2043.25,2,10,1,2,2,1,Standard,7747.02,24.2,211,Yes,672.27,698.12,Low_spent_Small_value_payments,Standard,0
54,60635.83,3870.39,2,4,0,2,2,1,Good,7461.87,22.28,282,Yes,702.26,1859.33,Low_spent_Medium_value_payments,Good,0
55,44566.13,3021.34,3,4,1,16,5,3,Standard,2164.63,61.06,256,Yes,179.43,1349.16,High_spent_Medium_value_payments,Poor,1
38,89336.44,5788.06,3,4,0,1,2,4,Standard,5605.61,43.45,101,Yes,490.98,2926.05,High_spent_Medium_value_payments,Standard,0
57,37975.85,2548.12,2,3,3,6,3,4,Bad,3960.59,35.1,327,Yes,127.14,954.97,High_spent_Small_value_payments,Poor,0
56,67196.69,4279.54,4,2,1,8,3,2,Standard,7216.92,7.47,235,Yes,631.5,2199.68,High_spent_Small_value_payments,Good,0
38,177230.63,11253.15,4,9,3,2,1,2,Standard,88833.8,27.95,65,Yes,2498.2,2349.8,Low_spent_Medium_value_payments,Poor,1
27,51992.75,3358.63,1,3,0,1,1,4,Bad,7171.73,50.34,82,No,492.04,1475.07,High_spent_Medium_value_payments,Poor,1
55,37406.39,2303.37,3,6,1,3,2,6,Good,5407.21,19.66,298,Yes,480.78,912.12,High_spent_Medium_value_payments,Good,0
63,56020.23,3865.62,3,2,4,3,0,2,Good,12899.15,24.01,294,Yes,273.71,1304.45,Low_spent_Medium_value_payments,Good,0
21,29168.12,1860.27,7,5,2,6,2,3,Standard,4437.05,5.07,29,Yes,209.31,915.0,High_spent_Small_value_payments,Standard,1
62,152174.11,9790.11,5,4,3,1,1,7,Bad,29209.85,5.64,374,Yes,819.65,4575.85,Low_spent_Medium_value_payments,Good,0
37,40458.93,2819.4,3,4,0,6,1,1,Standard,6670.1,32.64,139,Yes,507.47,1284.28,High_spent_Small_value_payments,Standard,1
34,30829.89,2015.66,6,6,2,1,1,3,Bad,2870.39,8.33,140,No,104.19,892.44,High_spent_Medium_value_payments,Standard,0
24,21995.36,1449.41,3,6,1,0,0,3,Good,4009.46,12.45,57,No,359.1,635.56,Low_spent_Large_value_payments,Good,0
21,70145.86,4935.61,6,7,0,1,1,3,Standard,27668.49,5.52,22,Yes,2261.55,50.0,High_spent_Medium_value_payments,Poor,1
46,61102.77,4253.13,4,4,3,0,0,8,Standard,22226.69,18.0,273,No,655.8,2077.14,High_spent_Medium_value_payments,Good,0
31,26945.93,1666.23,3,2,6,17,7,4,Standard,4624.31,25.34,104,Yes,72.68,720.79,High_spent_Large_value_payments,Poor,1
20,51321.8,3342.41,3,3,2,7,2,2,Standard,17654.03,32.06,14,Yes,683.63,1419.4,High_spent_Small_value_payments,Poor,1
41,15000.0,1057.84,5,3,0,2,0,2,Bad,6501.65,33.9,141,No,569.8,109.36,Low_spent_Medium_value_payments,Poor,1
54,40578.04,2598.37,4,3,1,2,1,5,Standard,6463.69,69.78,130,No,631.21,637.29,Low_spent_Small_value_payments,Poor,1
33,47650.76,3050.86,5,6,2,2,3,4,Standard,17194.69,23.11,38,No,633.61,888.9,High_spent_Large_value_payments,Poor,1
69,101153.85,6282.95,8,8,4,1,4,4,Good,31539.53,43.05,216,No,751.02,2851.74,High_spent_Small_value_payments,Good,0
21,22868.34,1400.42,5,3,4,22,6,6,Standard,7653.2,10.86,12,Yes,139.14,547.61,Low_spent_Medium_value_payments,Poor,1
41,16864.88,1147.15,6,6,2,0,0,3,Standard,7498.76,37.22,98,No,295.0,444.24,High_spent_Medium_value_payments,Standard,0
51,21220.93,1450.28,2,7,3,0,2,4,Standard,2977.38,44.28,177,No,80.36,503.84,Low_spent_Medium_value_payments,Standard,1
47,16285.96,1148.12,3,6,1,1,0,2,Standard,1890.67,48.05,182,Yes,163.96,610.64,Low_spent_Medium_value_payments,Poor,0
35,80982.99,5537.51,5,8,2,7,1,5,Good,10219.47,38.83,159,Yes,370.72,2408.39,Low_spent_Small_value_payments,Standard,0
36,91966.86,5760.47,1,5,0,4,4,3,Good,16002.4,26.71,99,No,1327.39,1603.68,Low_spent_Large_value_payments,Good,0
48,44008.14,2659.61,4,5,3,0,0,2,Bad,18138.94,18.81,130,No,593.11,1108.94,High_spent_Medium_value_payments,Standard,1
36,75567.15,5340.75,2,5,6,1,2,5,Good,11105.32,56.75,192,No,144.23,3388.67,High_spent_Small_value_payments,Good,0
66,39354.87,2506.44,3,6,1,3,4,5,Standard,11778.3,10.67,517,No,872.32,364.23,High_spent_Small_value_payments,Good,1
63,34301.11,2173.99,3,7,1,9,2,3,Standard,3457.76,11.05,396,Yes,235.95,734.73,Low_spent_Small_value_payments,Good,1
36,29737.89,2076.14,4,1,3,0,0,2,Standard,11528.11,9.49,98,Yes,346.61,1015.15,High_spent_Large_value_payments,Standard,0
39,30144.73,1999.76,4,11,1,0,0,2,Good,10922.94,12.7,121,Yes,911.55,50.0,High_spent_Medium_value_payments,Good,0
41,15000.0,934.92,4,5,2,12,5,2,Standard,1913.0,22.64,90,No,80.61,424.56,Low_spent_Small_value_payments,Poor,1
62,42555.01,2963.19,4,3,1,3,1,2,Good,3812.58,52.68,202,No,378.26,1407.1,Low_spent_Large_value_payments,Good,0
29,35447.2,2508.29,3,4,1,26,7,2,Standard,3920.97,35.03,88,Yes,293.66,1403.08,High_spent_Large_value_payments,Poor,1
47,56795.73,3461.08,4,4,4,0,3,5,Bad,31108.16,13.59,212,Yes,735.66,1193.24,Low_spent_Small_value_payments,Poor,1
55,38411.57,2663.5,2,7,3,1,1,5,Bad,22007.28,30.82,231,Yes,531.38,787.26,Low_spent_Medium_value_payments,Poor,1
48,32937.85,2115.62,4,5,2,0,1,6,Good,10724.96,28.42,228,Yes,439.22,813.08,Low_spent_Medium_value_payments,Standard,0
53,21531.76,1414.15,4,3,2,9,6,5,Good,14868.38,20.49,226,No,657.78,230.07,Low_spent_Medium_value_payments,Standard,1
36,37922.2,2651.16,6,5,3,0,1,4,Good,18315.62,25.85,187,Yes,580.02,1028.11,High_spent_Medium_value_payments,Standard,0
65,56553.5,3989.56,7,5,3,7,1,5,Standard,28840.95,22.37,450,Yes,872.63,1812.14,Low_spent_Large_value_payments,Standard,0
62,18287.93,1149.22,2,4,5,3,2,2,Good,8361.15,48.25,386,Yes,146.36,438.34,High_spent_Small_value_payments,Good,0
53,38272.4,2384.6,3,7,1,9,5,5,Bad,13594.02,46.74,113,Yes,914.15,485.86,Low_spent_Medium_value_payments,Poor,1
47,41765.49,2542.36,6,3,0,0,2,6,Good,9240.21,33.17,184,No,788.45,942.67,Low_spent_Small_value_payments,Good,0
66,23603.76,1559.88,4,3,2,0,1,0,Standard,4572.19,1.58,362,Yes,180.47,853.32,Low_spent_Small_value_payments,Good,0
50,25521.75,1535.07,4,4,2,9,6,3,Good,10996.48,41.95,100,No,543.9,207.05,High_spent_Large_value_payments,Poor,1
35,41704.59,2688.37,4,5,1,3,0,1,Good,3641.74,24.02,170,Yes,282.43,1023.23,High_spent_Large_value_payments,Good,0
69,18397.08,1118.45,1,3,2,1,1,0,Good,4694.13,7.38,214,Yes,164.57,523.6,High_spent_Small_value_payments,Good,0
66,44799.59,2884.64,1,4,0,1,0,3,Standard,17977.05,34.98,117,Yes,1285.16,729.13,Low_spent_Medium_value_payments,Poor,0
45,21221.87,1282.49,2,2,5,2,1,3,Bad,915.51,19.39,158,No,16.42,701.77,Low_spent_Large_value_payments,Standard,1
64,68714.27,4744.6,4,2,5,3,2,0,Good,26474.0,27.9,158,Yes,425.77,1577.75,High_spent_Medium_value_payments,Good,0
28,147664.29,9195.38,5,4,2,0,1,5,Good,8081.26,28.9,85,Yes,322.78,4995.31,High_spent_Small_value_payments,Good,0
62,21667.01,1377.08,4,3,1,0,1,5,Standard,2520.13,10.19,417,No,199.92,474.43,High_spent_Medium_value_payments,Good,0
50,50037.34,3473.87,3,8,1,3,0,2,Bad,7400.36,53.42,193,No,730.05,1001.09,Low_spent_Large_value_payments,Poor,1
34,23481.19,1598.71,4,5,1,1,1,1,Standard,7891.27,31.25,169,Yes,564.06,127.25,High_spent_Small_value_payments,Standard,1
23,67817.29,4229.96,2,4,3,4,5,4,Standard,5873.07,40.51,33,No,185.54,2345.32,High_spent_Large_value_payments,Poor,0
21,16997.9,1033.11,2,6,1,9,3,6,Bad,2527.08,10.58,20,No,240.54,413.64,Low_spent_Small_value_payments,Poor,1
37,48453.12,3282.85,2,5,2,1,0,3,Standard,11413.96,9.17,170,Yes,505.77,933.47,High_spent_Medium_value_payments,Good,0
65,21508.57,1381.55,4,2,1,5,3,3,Standard,6629.22,18.69,181,Yes,500.35,222.31,Low_spent_Large_value_payments,Poor,0
64,32074.26,2190.65,4,7,1,3,3,2,Good,12459.22,29.33,185,Yes,1088.43,99.26,Low_spent_Medium_value_payments,Standard,1
44,19562.8,1268.14,4,4,0,1,1,4,Standard,7785.32,45.25,243,No,537.0,68.08,High_spent_Small_value_payments,Standard,0
32,59480.89,3791.81,6,5,0,5,3,4,Standard,10710.87,16.45,39,Yes,1047.12,874.43,High_spent_Small_value_payments,Poor,1
23,21978.32,1426.13,6,6,0,15,4,3,Standard,9236.91,29.99,23,No,821.31,50.0,Low_spent_Medium_value_payments,Poor,1
64,50573.28,3444.52,6,3,0,8,5,3,Bad,24278.18,12.37,342,Yes,1734.34,50.0,Low_spent_Small_value_payments,Poor,1
31,29541.2,2061.21,4,6,0,0,0,4,Standard,14802.85,12.61,99,Yes,1371.33,50.0,High_spent_Medium_value_payments,Poor,1
28,33904.96,2052.58,2,6,1,1,4,6,Bad,6108.4,16.74,79,No,470.94,710.01,High_spent_Medium_value_payments,Poor,1
56,39682.02,2606.23,3,5,3,2,1,1,Good,10911.28,43.66,385,No,247.35,1506.4,Low_spent_Small_value_payments,Good,0
26,22992.08,1387.7,3,5,2,9,4,2,Good,1647.22,12.03,28,Yes,61.26,583.47,Low_spent_Small_value_payments,Standard,0
43,41201.1,2681.14,1,5,3,4,2,5,Good,25435.71,29.99,142,No,748.88,460.4,High_spent_Medium_value_payments,Standard,0
33,90962.33,6330.12,3,7,0,5,3,4,Bad,39441.2,30.17,63,No,3486.33,50.0,High_spent_Medium_value_payments,Poor,1
22,22768.72,1455.31,3,3,2,4,2,1,Bad,5075.83,42.34,37,Yes,249.99,739.22,High_spent_Small_value_payments,Poor,1
69,73356.48,5142.4,2,9,1,1,1,4,Standard,7751.22,49.12,208,Yes,614.09,1894.97,High_spent_Medium_value_payments,Standard,0
27,89219.83,5962.7,3,5,2,0,1,3,Standard,27366.27,37.23,74,No,1268.22,2040.98,High_spent_Medium_value_payments,Standard,1
67,22254.67,1560.5,3,7,3,1,2,2,Bad,3988.36,35.04,527,No,110.05,912.75,Low_spent_Large_value_payments,Good,1
20,15168.36,1034.52,5,2,2,3,3,5,Bad,3272.05,35.24,11,Yes,149.84,554.92,Low_spent_Small_value_payments,Poor,1
30,43528.73,2660.5,2,5,0,6,1,4,Standard,12939.72,45.61,75,Yes,1079.34,494.01,Low_spent_Small_value_payments,Poor,1
60,26148.72,1634.4,8,2,4,17,4,0,Good,3792.13,10.56,248,Yes,77.98,722.93,High_spent_Large_value_payments,Good,0
66,111431.12,7161.7,6,3,3,24,6,5,Standard,44965.16,27.17,334,Yes,1190.94,2544.36,High_spent_Small_value_payments,Poor,1
47,37081.91,2293.25,3,9,1,0,2,1,Standard,5097.58,11.01,178,Yes,345.84,1096.85,Low_spent_Small_value_payments,Good,0
62,22441.8,1466.83,2,5,2,21,7,1,Bad,13814.31,26.84,375,Yes,654.72,216.65,High_spent_Small_value_payments,Poor,1
23,18246.06,1187.94,3,8,3,2,2,2,Standard,2696.0,14.44,12,Yes,78.82,457.15,Low_spent_Small_value_payments,Poor,1
34,69838.66,4913.81,5,8,2,27,6,4,Good,24683.86,37.21,101,Yes,1020.37,1186.79,High_spent_Small_value_payments,Poor,1
62,25778.33,1667.82,2,8,1,6,3,5,Good,13991.72,26.77,318,Yes,1167.47,50.0,High_spent_Large_value_payments,Standard,0
68,37283.17,2554.31,4,5,2,7,2,0,Good,2444.15,24.03,132,Yes,89.53,1245.51,High_spent_Small_value_payments,Good,0
36,64439.47,4523.91,9,5,1,9,3,5,Bad,18299.87,4.48,59,Yes,1800.57,842.9,Low_spent_Large_value_payments,Poor,1
59,27158.49,1887.53,3,6,1,0,3,2,Standard,4020.89,28.27,228,Yes,304.15,549.55,High_spent_Medium_value_payments,Standard,0
52,35328.41,2199.57,4,5,2,2,0,2,Standard,16393.78,13.17,179,Yes,546.64,489.7,High_spent_Large_value_payments,Standard,1
63,35956.28,2350.59,3,3,3,1,1,2,Bad,4093.65,23.03,455,No,118.17,1252.54,Low_spent_Medium_value_payments,Good,0
43,54720.56,3489.38,3,9,1,0,0,3,Bad,7094.52,27.02,62,Yes,667.61,1258.36,Low_spent_Large_value_payments,Poor,1
68,51763.81,3330.06,5,5,2,1,1,7,Bad,15989.07,53.91,463,Yes,700.87,925.97,High_spent_Small_value_payments,Poor,1
22,31822.59,2033.74,10,4,2,0,2,5,Standard,11648.39,26.99,11,Yes,442.98,443.73,High_spent_Large_value_payments,Poor,0
46,37729.19,2601.51,4,8,0,2,1,1,Good,8092.53,70.88,264,No,651.93,696.43,Low_spent_Small_value_payments,Standard,0
54,29054.61,1885.59,6,8,0,1,0,6,Good,3254.16,14.23,218,Yes,293.65,943.67,Low_spent_Large_value_payments,Good,0
37,15000.0,985.1,4,6,2,3,3,3,Bad,3453.1,16.21,148,Yes,154.42,288.84,Low_spent_Small_value_payments,Poor,1
66,42385.45,2994.24,2,2,3,2,1,4,Standard,14340.16,22.23,187,Yes,391.71,1631.33,High_spent_Large_value_payments,Standard,0
38,113019.43,6854.6,3,8,6,4,1,1,Good,22329.94,49.78,182,No,248.77,4325.49,Low_spent_Large_value_payments,Good,0
27,21370.54,1395.2,3,4,6,15,5,1,Standard,10100.56,33.45,58,Yes,143.61,634.33,High_spent_Small_value_payments,Poor,1
22,22838.02,1561.79,6,5,1,15,6,1,Good,6009.59,39.16,11,Yes,488.7,179.29,Low_spent_Small_value_payments,Poor,1
53,21537.77,1327.54,6,3,4,10,6,3,Good,8997.66,35.02,318,No,173.43,626.45,Low_spent_Medium_value_payments,Standard,0
23,56092.37,3737.15,3,4,1,1,6,2,Standard,32855.68,58.24,43,No,2616.0,50.0,High_spent_Large_value_payments,Poor,1
43,47528.81,2975.03,3,5,2,10,3,4,Standard,19501.74,38.23,220,No,779.33,1071.64,Low_spent_Large_value_payments,Poor,1
21,33020.29,2291.51,7,6,0,0,2,7,Good,3701.95,34.82,19,Yes,314.25,729.54,Low_spent_Medium_value_payments,Poor,1
56,20935.23,1330.3,3,8,4,5,3,4,Standard,5376.89,35.19,96,No,97.45,642.89,High_spent_Medium_value_payments,Poor,1
56,38385.15,2439.95,7,4,1,5,1,5,Standard,7666.49,27.94,370,Yes,547.02,887.23,High_spent_Small_value_payments,Standard,1
67,15000.0,997.21,4,5,2,0,0,3,Standard,6565.82,32.64,378,Yes,270.17,323.73,High_spent_Small_value_payments,Standard,1
52,39579.08,2453.45,3,3,3,4,3,3,Good,2134.56,39.58,335,No,50.89,1025.41,Low_spent_Large_value_payments,Good,0
18,61261.98,3864.79,4,3,1,0,2,1,Standard,9498.39,9.93,6,Yes,925.98,1679.58,High_spent_Medium_value_payments,Standard,0
41,17141.89,1105.88,3,5,2,16,5,1,Good,3897.71,49.79,189,No,164.51,453.98,Low_spent_Large_value_payments,Poor,1
53,15000.0,957.47,6,5,3,3,3,2,Bad,2418.51,23.96,362,No,68.58,395.74,High_spent_Small_value_payments,Standard,0
23,93682.13,6153.62,2,4,2,8,4,0,Good,30318.92,53.6,53,Yes,1361.11,1845.18,Low_spent_Small_value_payments,Poor,1
58,25158.33,1672.93,5,5,1,3,2,4,Standard,12313.43,14.92,204,Yes,1030.58,50.0,High_spent_Medium_value_payments,Poor,1
63,71794.9,4748.44,5,8,1,1,2,2,Standard,9914.31,21.47,356,Yes,869.54,1610.92,High_spent_Medium_value_payments,Good,0
61,33110.36,2221.27,6,6,1,0,0,4,Good,8178.0,56.09,252,No,613.07,858.11,High_spent_Large_value_payments,Good,0
48,32952.65,2087.02,5,5,4,2,2,3,Bad,10568.94,9.05,315,Yes,195.47,921.95,Low_spent_Small_value_payments,Standard,0
37,47242.43,2899.25,4,5,4,13,4,5,Good,25084.11,53.61,104,Yes,431.6,1180.12,Low_spent_Small_value_payments,Poor,1
41,21366.95,1458.13,4,4,3,0,0,2,Good,5248.57,32.9,121,Yes,143.23,474.89,Low_spent_Medium_value_payments,Standard,1
42,39320.38,2721.63,3,5,2,2,1,1,Good,11903.08,36.53,62,Yes,482.43,812.96,High_spent_Medium_value_payments,Standard,1
53,28885.83,1813.57,2,3,1,3,4,4,Standard,6766.28,4.54,188,Yes,654.95,529.43,Low_spent_Medium_value_payments,Standard,1
38,16443.8,1059.15,3,3,3,3,0,2,Bad,723.95,11.81,99,No,17.17,602.58,Low_spent_Medium_value_payments,Standard,1
47,44466.41,2908.16,6,4,2,1,0,1,Good,1449.52,39.14,100,Yes,63.34,1396.85,High_spent_Large_value_payments,Good,0
41,31008.46,2039.67,5,3,0,2,0,3,Standard,9946.0,6.98,61,Yes,744.99,167.06,Low_spent_Small_value_payments,Standard,0
61,33050.27,2219.14,3,8,2,0,2,3,Standard,15221.22,16.77,108,Yes,711.75,734.81,High_spent_Medium_value_payments,Standard,1
59,17569.21,1062.07,4,7,1,7,3,7,Bad,2747.96,24.1,228,Yes,197.25,260.01,Low_spent_Large_value_payments,Poor,1
47,94356.95,6398.91,3,7,2,13,6,0,Good,32625.03,59.63,161,No,1127.47,2127.21,Low_spent_Medium_value_payments,Poor,1
39,61453.04,3728.44,7,6,4,3,2,2,Standard,16273.33,22.49,101,Yes,318.56,1620.5,High_spent_Small_value_payments,Standard,0
45,64763.25,4214.35,5,6,3,7,6,0,Standard,4559.1,15.65,170,Yes,141.2,1730.11,High_spent_Large_value_payments,Standard,0
24,30234.33,2085.15,7,3,4,4,3,2,Bad,1686.14,25.38,60,Yes,30.99,1113.5,High_spent_Large_value_payments,Poor,1
52,15000.0,973.32,4,5,0,1,1,0,Good,6423.26,43.41,166,No,489.33,69.07,Low_spent_Large_value_payments,Good,0
45,117213.28,7222.11,1,4,3,7,3,6,Good,29405.43,16.2,241,No,865.34,3333.02,High_spent_Large_value_payments,Good,1
31,35008.34,2474.08,3,10,1,3,2,4,Good,16356.91,47.24,35,Yes,1283.47,50.0,Low_spent_Small_value_payments,Poor,1
27,23172.47,1613.59,6,3,0,13,5,2,Standard,10298.72,3.05,91,Yes,907.66,200.12,Low_spent_Medium_value_payments,Poor,0
33,46633.8,3187.7,5,4,3,4,3,5,Standard,11544.26,6.61,76,Yes,350.34,1754.63,High_spent_Large_value_payments,Standard,0
33,73150.37,4715.13,3,9,3,2,2,3,Good,14728.66,4.67,80,Yes,367.13,2022.58,Low_spent_Large_value_payments,Good,0
48,35816.7,2220.34,2,8,2,10,2,1,Standard,5729.69,40.56,184,Yes,233.66,1320.41,High_spent_Small_value_payments,Poor,1
59,78209.4,5490.19,5,7,4,4,2,1,Bad,23527.78,21.9,194,No,442.83,2858.43,Low_spent_Small_value_payments,Standard,1
42,69549.91,4574.1,7,7,2,2,1,4,Bad,10839.0,20.71,238,Yes,492.18,1740.29,Low_spent_Small_value_payments,Standard,1
30,19037.6,1318.05,9,2,2,6,1,5,Standard,4810.05,66.75,33,Yes,201.21,451.5,High_spent_Medium_value_payments,Poor,1
23,24239.19,1544.18,3,5,7,9,4,3,Bad,9524.23,22.74,14,Yes,93.89,567.97,High_spent_Large_value_payments,Poor,1
61,64506.57,4104.7,2,3,4,0,2,2,Standard,16682.25,43.13,243,Yes,382.23,1639.86,Low_spent_Small_value_payments,Standard,0
26,15000.0,1060.15,4,5,2,1,0,1,Standard,3886.71,6.36,30,Yes,180.73,266.09,High_spent_Large_value_payments,Standard,0
62,33200.71,2179.73,3,5,1,1,0,2,Standard,7525.16,25.69,383,Yes,572.28,800.63,Low_spent_Large_value_payments,Good,0
53,15390.43,946.88,5,3,6,1,2,3,Standard,2659.83,41.69,153,Yes,38.82,584.46,Low_spent_Large_value_payments,Poor,1
60,27284.33,1701.99,3,6,3,9,3,4,Good,4486.41,13.05,201,No,146.95,887.47,Low_spent_Large_value_payments,Good,0
37,30354.74,1979.77,7,5,1,2,0,1,Good,7184.87,26.21,86,Yes,562.4,703.17,High_spent_Small_value_payments,Standard,0
35,29291.52,1770.97,3,2,1,2,0,4,Standard,3372.39,64.32,169,Yes,322.59,686.52,High_spent_Large_value_payments,Poor,1
60,26072.68,1695.01,1,3,2,4,5,0,Standard,8283.76,11.11,391,No,408.45,665.53,Low_spent_Medium_value_payments,Good,0
38,18801.91,1213.45,5,5,1,1,3,1,Good,920.13,18.98,138,Yes,76.33,604.68,Low_spent_Medium_value_payments,Good,0
21,143651.68,9831.92,4,3,3,5,6,4,Good,53691.88,20.71,7,Yes,1334.4,4502.15,Low_spent_Large_value_payments,Standard,0
67,111354.85,7109.47,4,3,2,0,2,0,Standard,3052.84,34.28,252,Yes,109.56,3982.51,High_spent_Small_value_payments,Good,0
50,18083.6,1277.5,2,7,5,2,2,2,Good,3145.62,48.5,205,Yes,52.46,612.8,Low_spent_Small_value_payments,Standard,1
44,93832.83,5813.73,6,2,0,3,1,2,Standard,25594.8,27.05,176,Yes,2475.3,332.05,Low_spent_Medium_value_payments,Poor,1
24,28575.95,1897.51,5,3,3,3,2,3,Good,6461.73,32.45,26,Yes,190.69,1117.55,High_spent_Medium_value_payments,Standard,1
23,39242.38,2392.68,3,6,3,0,0,3,Standard,12732.75,12.37,38,No,392.1,1261.77,High_spent_Small_value_payments,Standard,0
32,34962.65,2375.72,5,5,3,8,4,1,Bad,8228.01,11.14,56,No,223.25,955.83,High_spent_Small_value_payments,Poor,1
35,24444.26,1730.08,5,6,2,2,2,1,Good,14960.38,37.38,108,No,577.55,249.58,High_spent_Large_value_payments,Standard,0
49,65533.15,4513.53,3,11,2,2,2,2,Standard,6755.8,26.07,174,Yes,335.02,2338.5,Low_spent_Large_value_payments,Standard,1
28,39164.73,2585.66,5,2,2,15,6,4,Bad,5601.09,5.43,53,Yes,206.16,1111.46,High_spent_Medium_value_payments,Poor,1
37,27284.37,1780.34,4,2,1,6,3,2,Standard,1706.21,9.81,105,Yes,166.96,1022.43,Low_spent_Medium_value_payments,Standard,0
41,16601.47,1146.27,4,7,3,6,3,7,Bad,1795.27,12.32,141,Yes,57.57,571.76,High_spent_Medium_value_payments,Poor,1
32,21244.28,1490.07,2,6,3,4,3,3,Standard,3878.56,32.91,62,No,91.32,588.89,High_spent_Large_value_payments,Poor,1
65,15000.0,1060.75,5,6,2,15,4,3,Standard,4325.67,29.2,210,Yes,165.27,510.14,High_spent_Large_value_payments,Poor,1
24,36582.82,2352.12,4,7,1,22,5,1,Standard,17243.52,65.27,24,Yes,1630.48,50.0,Low_spent_Medium_value_payments,Poor,1
38,17712.05,1252.86,3,7,1,2,1,1,Good,7430.53,11.17,159,No,571.35,50.0,High_spent_Small_value_payments,Good,0
59,30966.58,1910.3,4,6,1,4,2,2,Standard,2442.02,27.13,186,No,208.18,990.13,Low_spent_Medium_value_payments,Standard,0
43,82624.47,5184.42,4,6,1,0,2,4,Standard,7252.4,34.31,65,Yes,620.93,2162.92,High_spent_Small_value_payments,Standard,0
61,74576.43,4546.5,3,5,4,7,3,2,Standard,46948.56,37.69,260,No,1067.16,1515.48,Low_spent_Large_value_payments,Poor,1
31,35618.98,2242.0,5,9,3,10,5,2,Standard,6666.56,43.66,85,Yes,217.99,1323.82,Low_spent_Large_value_payments,Poor,1
54,34466.71,2354.74,1,3,4,4,1,1,Bad,6300.57,11.91,375,Yes,105.94,1270.67,Low_spent_Medium_value_payments,Standard,1
38,112187.26,7767.85,2,5,1,0,2,0,Good,34666.19,29.63,154,No,3389.46,1196.5,Low_spent_Medium_value_payments,Good,0
35,49635.11,3396.93,5,5,1,2,1,1,Good,6120.77,34.35,55,No,578.06,1492.01,Low_spent_Large_value_payments,Good,1
22,29831.38,1993.83,3,5,3,5,3,2,Bad,10531.76,10.19,24,Yes,247.98,561.32,Low_spent_Medium_value_payments,Poor,1
20,15434.94,1012.04,6,3,1,10,2,2,Standard,887.96,7.58,17,Yes,79.23,372.9,Low_spent_Medium_value_payments,Poor,1
40,45996.65,3112.94,4,3,4,4,3,2,Standard,6465.92,34.68,205,Yes,143.98,2033.97,High_spent_Medium_value_payments,Standard,0
43,59730.27,3836.72,7,5,1,6,2,4,Standard,3060.99,13.95,191,No,232.41,1918.73,Low_spent_Large_value_payments,Good,0
54,24859.84,1718.17,4,4,0,3,0,1,Standard,8769.01,58.13,357,Yes,810.23,50.0,High_spent_Large_value_payments,Poor,0
41,43248.67,2912.2,4,3,1,3,2,2,Standard,14537.04,25.34,158,No,1391.76,74.67,High_spent_Small_value_payments,Standard,0
66,29198.02,1972.61,4,7,1,1,2,3,Standard,4535.88,16.13,268,Yes,339.82,737.7,Low_spent_Medium_value_payments,Standard,0
36,32519.02,2139.95,3,5,1,2,0,3,Standard,9801.79,39.63,116,Yes,925.0,50.0,High_spent_Small_value_payments,Poor,1
68,15000.0,1043.85,4,4,5,3,2,2,Standard,8372.71,10.22,139,Yes,154.07,325.03,Low_spent_Large_value_payments,Standard,0
42,31790.77,1994.24,2,5,3,0,2,2,Standard,3155.77,29.26,59,Yes,72.82,891.13,High_spent_Medium_value_payments,Standard,0
38,64966.15,4166.22,6,6,2,9,2,1,Standard,28872.04,33.68,149,No,1292.09,1044.26,Low_spent_Large_value_payments,Poor,1
29,24863.56,1701.28,3,6,1,4,2,6,Standard,2261.48,3.95,47,Yes,162.75,739.48,Low_spent_Medium_value_payments,Poor,1
58,37478.24,2448.76,1,5,2,0,3,2,Good,7904.47,26.99,234,Yes,289.9,1348.24,High_spent_Medium_value_payments,Good,0
50,23073.26,1606.66,10,4,0,12,4,3,Standard,5449.04,3.83,261,No,383.85,710.54,High_spent_Small_value_payments,Standard,1
67,45083.2,2874.17,4,5,4,4,4,1,Standard,18820.6,47.51,274,No,427.9,1401.04,High_spent_Medium_value_payments,Standard,1
21,31891.22,2041.07,6,4,2,2,1,3,Bad,4611.69,16.7,23,Yes,225.86,596.23,High_spent_Medium_value_payments,Poor,1
59,20670.34,1439.23,2,5,0,0,2,1,Standard,1499.33,11.65,245,Yes,114.42,749.67,High_spent_Small_value_payments,Good,0
24,80783.73,5253.42,5,5,1,1,0,6,Bad,32833.35,20.76,15,No,2741.47,50.0,Low_spent_Large_value_payments,Poor,1
39,63408.88,4159.07,5,2,2,2,1,2,Bad,33536.59,26.18,199,Yes,1395.21,1353.12,High_spent_Medium_value_payments,Poor,1
50,25261.98,1606.79,4,5,1,4,2,2,Standard,12667.87,21.86,287,Yes,847.49,85.83,High_spent_Small_value_payments,Standard,0
34,48955.79,3084.08,5,4,0,12,6,2,Standard,13949.98,31.37,120,No,1074.47,792.49,High_spent_Large_value_payments,Poor,1
41,50133.62,3364.27,3,7,2,0,2,2,Standard,21413.67,30.37,150,Yes,791.04,854.63,High_spent_Medium_value_payments,Poor,0
51,53390.11,3272.72,4,8,2,2,0,2,Standard,16352.65,6.02,106,Yes,547.01,1187.57,Low_spent_Small_value_payments,Standard,0
45,15000.0,1042.88,6,7,1,1,1,4,Standard,5933.53,36.1,217,Yes,422.77,75.09,Low_spent_Small_value_payments,Poor,1
60,66433.98,4546.83,3,4,2,8,4,2,Standard,28104.21,14.16,100,Yes,1200.48,1119.74,Low_spent_Medium_value_payments,Poor,0
58,25801.31,1601.4,4,4,5,2,1,6,Good,2430.86,16.09,214,Yes,43.66,870.69,Low_spent_Large_value_payments,Good,0
56,29298.84,1978.22,3,3,1,5,1,4,Standard,9835.03,40.63,259,Yes,983.12,302.19,High_spent_Medium_value_payments,Poor,1
39,176791.98,11761.71,5,4,1,5,1,3,Good,45534.3,21.02,177,No,4109.51,3757.77,High_spent_Medium_value_payments,Good,0
66,43526.45,2698.6,2,7,2,0,3,0,Good,14790.81,47.15,262,No,515.29,898.05,High_spent_Small_value_payments,Good,0
34,28802.18,1813.38,2,8,2,1,1,2,Good,4343.25,63.35,119,No,176.9,593.74,Low_spent_Small_value_payments,Standard,1
51,15000.0,966.46,4,5,3,11,3,2,Standard,7910.83,30.13,96,Yes,234.27,401.91,High_spent_Large_value_payments,Poor,1
23,83604.99,5649.62,3,6,0,6,1,3,Standard,18684.14,18.66,41,No,1553.37,2215.48,Low_spent_Small_value_payments,Standard,0
63,16201.74,1084.21,4,6,0,12,3,2,Good,9031.54,30.03,183,Yes,696.13,50.0,Low_spent_Medium_value_payments,Poor,0
23,19889.29,1308.04,6,4,1,4,3,1,Good,10569.81,39.95,12,Yes,724.05,50.0,High_spent_Small_value_payments,Poor,1
51,29767.98,2033.88,3,9,2,5,4,3,Standard,13669.62,43.13,258,Yes,547.99,711.1,High_spent_Small_value_payments,Poor,1
18,84952.46,5794.69,2,7,1,13,6,1,Standard,13273.6,24.95,6,Yes,1035.03,1798.09,High_spent_Small_value_payments,Poor,1
27,57753.77,3851.8,5,4,2,8,3,3,Good,26960.97,52.13,55,Yes,1285.15,371.3,Low_spent_Medium_value_payments,Poor,1
38,33034.16,2263.69,4,2,1,1,1,3,Standard,3547.65,54.6,192,No,256.77,698.79,High_spent_Medium_value_payments,Standard,1
22,43694.4,2779.89,7,3,2,4,3,4,Standard,15559.8,19.57,21,No,769.25,670.9,Low_spent_Large_value_payments,Poor,1
19,25330.6,1761.66,4,5,2,0,2,4,Good,10618.93,16.25,7,Yes,501.96,230.52,High_spent_Large_value_payments,Standard,1
39,39489.58,2632.44,5,4,4,11,3,1,Standard,5097.71,27.73,207,Yes,95.96,1434.26,Low_spent_Large_value_payments,Standard,1
65,37949.14,2615.03,2,5,4,10,3,1,Standard,4928.7,38.56,402,Yes,83.57,1138.94,Low_spent_Medium_value_payments,Standard,1
19,64942.79,4280.9,7,8,1,1,1,7,Good,22614.9,9.33,6,Yes,1861.45,687.46,Low_spent_Large_value_payments,Standard,1
27,64880.79,4046.38,5,5,1,1,0,2,Standard,31728.56,27.44,50,Yes,2798.54,50.0,High_spent_Small_value_payments,Poor,0
51,48843.98,3217.65,5,6,1,5,3,1,Standard,3594.42,29.6,329,No,276.31,1258.17,High_spent_Large_value_payments,Good,0
33,29219.5,1870.64,5,8,2,0,2,5,Good,17026.3,13.99,67,Yes,571.36,714.55,Low_spent_Small_value_payments,Standard,0
65,56675.28,3828.77,5,4,1,2,1,7,Good,34805.85,61.29,336,No,2680.14,50.0,Low_spent_Small_value_payments,Poor,1
68,34365.86,2239.09,2,5,2,1,0,0,Good,13668.09,62.38,472,No,533.13,917.24,High_spent_Small_value_payments,Good,0
56,18974.5,1310.34,3,7,0,0,2,3,Bad,9314.54,14.18,163,Yes,910.42,50.0,High_spent_Large_value_payments,Poor,1
39,28510.49,1920.06,6,4,1,1,0,1,Standard,4334.94,24.33,129,No,335.4,551.17,High_spent_Medium_value_payments,Good,0
29,38204.79,2575.61,3,5,5,2,1,2,Good,15824.02,12.68,99,Yes,278.5,1337.17,Low_spent_Medium_value_payments,Good,0
41,62700.8,3909.55,6,2,2,8,3,3,Standard,20489.88,34.84,148,Yes,884.33,1441.19,High_spent_Small_value_payments,Poor,1
64,32528.86,2298.58,3,5,3,8,3,2,Bad,9347.5,21.06,308,No,292.13,879.02,High_spent_Medium_value_payments,Standard,0
57,17579.36,1215.05,1,4,3,10,3,1,Standard,7557.95,48.67,247,No,244.39,279.64,Low_spent_Small_value_payments,Poor,1
55,37573.15,2575.55,4,4,1,0,3,1,Bad,8328.27,27.83,231,Yes,683.07,485.41,High_spent_Large_value_payments,Poor,1
27,38873.72,2471.49,5,5,7,1,2,1,Bad,11260.19,24.76,93,No,130.06,1456.04,Low_spent_Small_value_payments,Poor,0
52,40599.16,2671.53,2,5,2,0,3,8,Standard,11009.38,13.23,307,Yes,514.21,1234.0,Low_spent_Large_value_payments,Standard,0
68,63065.11,3877.58,2,4,0,4,2,2,Standard,18845.87,10.87,394,No,1340.35,1362.07,Low_spent_Small_value_payments,Good,0
66,66926.75,4406.02,5,3,2,1,1,3,Good,11046.3,48.51,355,Yes,416.05,1991.02,Low_spent_Small_value_payments,Good,0
49,25424.63,1565.66,4,2,2,8,3,3,Standard,10551.03,29.97,83,Yes,372.59,537.45,High_spent_Medium_value_payments,Poor,1
24,25092.24,1655.87,4,7,3,14,4,0,Standard,11853.94,41.66,53,No,302.9,439.75,Low_spent_Medium_value_payments,Poor,1
38,19455.42,1304.05,4,5,5,0,2,5,Good,3199.74,5.69,132,Yes,54.26,695.48,Low_spent_Large_value_payments,Good,0
37,55231.54,3547.36,3,4,3,3,1,2,Good,11361.2,42.69,204,Yes,339.3,1334.71,Low_spent_Medium_value_payments,Good,0
43,86620.52,5665.06,3,4,4,18,6,2,Bad,7351.15,18.3,168,No,139.28,2381.08,Low_spent_Large_value_payments,Poor,1
21,30060.01,2088.76,4,4,3,4,1,2,Standard,8538.52,5.59,24,No,256.21,789.03,High_spent_Small_value_payments,Standard,0
63,31418.17,1922.04,3,5,5,7,3,3,Good,3806.4,4.04,422,Yes,61.33,1057.05,Low_spent_Small_value_payments,Good,0
69,87559.12,6004.55,5,2,3,3,3,3,Standard,28476.22,35.75,201,No,868.26,2068.9,Low_spent_Medium_value_payments,Standard,1
39,49184.54,3042.06,3,8,1,6,3,4,Standard,20786.87,29.97,147,No,1757.71,50.0,Low_spent_Small_value_payments,Poor,1
32,47180.76,2849.61,4,3,5,0,1,5,Bad,26586.83,18.55,148,No,508.29,1472.43,Low_spent_Medium_value_payments,Poor,1
57,17773.26,1102.13,2,8,1,5,2,2,Good,5541.58,11.51,176,Yes,526.19,50.0,High_spent_Large_value_payments,Good,0
38,54569.85,3726.46,5,8,1,8,7,1,Good,16354.37,18.31,210,Yes,1322.63,170.06,High_spent_Large_value_payments,Standard,0
32,20796.05,1339.03,3,4,1,6,2,3,Standard,2439.17,26.77,133,Yes,228.18,680.76,Low_spent_Small_value_payments,Poor,0
39,18390.47,1277.26,5,6,1,1,2,5,Good,1354.45,5.94,191,Yes,116.39,666.11,High_spent_Large_value_payments,Good,0
69,29493.85,1937.28,4,5,3,2,0,1,Bad,7148.91,22.31,185,No,177.98,1056.85,High_spent_Medium_value_payments,Standard,0
45,25553.37,1539.36,5,3,2,18,6,4,Bad,7581.26,52.64,95,Yes,267.43,532.03,High_spent_Medium_value_payments,Poor,1
31,31794.23,2154.52,6,7,4,12,5,3,Standard,3620.08,21.51,122,Yes,61.76,805.2,High_spent_Large_value_payments,Poor,0
44,15296.98,936.09,6,5,3,3,1,1,Standard,5411.06,34.39,200,Yes,135.19,437.05,High_spent_Large_value_payments,Standard,0
58,64556.09,4425.42,4,4,5,5,4,3,Standard,11066.14,37.27,278,Yes,153.67,1780.26,High_spent_Large_value_payments,Standard,0
57,71439.9,4416.49,3,6,3,8,3,4,Standard,9969.19,41.8,402,Yes,242.4,2567.62,High_spent_Small_value_payments,Standard,1
45,15000.0,956.14,3,2,4,4,2,2,Good,6063.61,60.79,98,Yes,122.38,277.04,High_spent_Small_value_payments,Poor,1
43,65321.38,4458.0,2,6,1,0,0,2,Standard,12492.97,4.63,258,Yes,898.65,1519.59,Low_spent_Large_value_payments,Good,0
66,22329.92,1570.63,4,5,1,3,2,5,Standard,7243.51,20.79,337,Yes,658.95,59.53,Low_spent_Small_value_payments,Standard,0
19,60729.53,3888.14,4,10,2,9,3,1,Bad,10205.94,35.07,6,No,342.48,1864.13,Low_spent_Medium_value_payments,Poor,0
42,34854.31,2404.43,2,3,4,1,2,6,Standard,5789.91,50.17,145,Yes,141.21,1033.21,Low_spent_Small_value_payments,Poor,1
20,36947.95,2293.25,1,4,1,3,0,2,Bad,13210.81,36.54,17,No,1050.21,294.68,High_spent_Medium_value_payments,Poor,1
25,32498.25,2234.07,3,9,0,1,1,2,Standard,18621.61,45.36,22,Yes,1307.62,50.0,High_spent_Medium_value_payments,Poor,1
61,75152.72,5044.46,2,5,2,8,2,0,Standard,32227.14,6.99,435,No,1079.0,1463.36,Low_spent_Small_value_payments,Good,0
50,17261.73,1071.75,6,7,0,1,1,2,Standard,1572.27,23.57,139,Yes,152.93,494.37,Low_spent_Medium_value_payments,Standard,1
59,52297.52,3309.24,5,5,6,6,3,6,Standard,9702.27,41.14,99,Yes,132.57,1887.82,Low_spent_Medium_value_payments,Poor,1
69,70319.06,4319.53,4,4,3,5,5,1,Standard,12070.97,15.86,419,No,385.07,1567.03,Low_spent_Medium_value_payments,Good,0
52,55815.34,3580.49,7,9,1,13,5,7,Standard,32460.64,20.46,207,No,2506.34,50.0,Low_spent_Medium_value_payments,Poor,0
23,146505.66,9113.56,6,4,2,4,1,4,Good,35100.07,8.97,23,Yes,1239.46,3984.41,Low_spent_Small_value_payments,Good,0
56,26439.96,1770.86,4,5,3,5,2,6,Good,6598.51,50.62,265,Yes,194.4,955.62,Low_spent_Large_value_payments,Standard,1
69,64497.57,4564.74,7,5,0,25,7,2,Standard,22628.51,11.62,229,No,2064.21,473.5,High_spent_Small_value_payments,Poor,1
40,34075.9,2048.99,5,6,2,1,0,4,Good,2736.77,61.35,53,Yes,115.21,854.67,Low_spent_Medium_value_payments,Poor,1
42,76118.27,5013.15,2,5,3,1,2,1,Good,11417.87,7.86,149,Yes,289.24,2022.51,Low_spent_Large_value_payments,Good,0
67,36148.35,2393.55,6,8,5,2,2,5,Bad,13865.06,24.93,311,No,261.98,1284.23,Low_spent_Small_value_payments,Standard,0
60,28775.35,2011.51,9,7,1,5,1,2,Good,10353.22,23.07,178,Yes,722.96,607.85,High_spent_Large_value_payments,Standard,1
36,79510.42,5206.48,3,7,6,3,3,4,Standard,8029.83,15.03,104,Yes,113.15,2316.62,High_spent_Large_value_payments,Standard,1
22,27039.74,1781.65,3,8,2,4,1,4,Good,4138.78,10.16,34,Yes,195.59,905.12,High_spent_Large_value_payments,Standard,0
68,15558.53,1013.01,5,5,3,17,5,11,Bad,5662.07,35.3,512,No,150.83,544.99,Low_spent_Large_value_payments,Poor,1
28,26632.61,1675.54,5,8,3,3,0,2,Good,5643.54,21.48,85,Yes,150.48,972.54,Low_spent_Large_value_payments,Good,0
29,52649.91,3190.95,2,8,3,5,3,2,Standard,20310.27,42.05,62,Yes,516.4,1617.32,Low_spent_Large_value_payments,Poor,1
27,83719.17,5393.79,1,6,2,0,1,1,Standard,32981.07,10.05,50,No,1298.99,1091.06,High_spent_Medium_value_payments,Standard,0
25,38819.49,2351.29,4,2,2,1,0,3,Good,8569.45,35.85,22,No,334.2,1190.94,High_spent_Medium_value_payments,Standard,0
41,80090.96,5283.09,3,3,2,8,3,1,Bad,12886.23,22.56,78,Yes,507.63,2899.84,Low_spent_Small_value_payments,Poor,1
45,16076.2,1018.09,7,10,0,0,1,2,Bad,2546.68,26.68,272,Yes,176.3,292.59,High_spent_Small_value_payments,Poor,0
58,27834.79,1830.99,3,5,2,4,4,3,Good,9824.95,10.53,411,Yes,379.83,547.73,High_spent_Large_value_payments,Good,0
53,30541.9,1876.95,3,3,2,7,3,5,Good,8988.28,24.59,253,No,440.78,504.45,High_spent_Large_value_payments,Good,0
54,33903.19,2376.73,4,2,4,1,2,3,Standard,22700.12,6.96,152,Yes,450.06,1090.12,Low_spent_Large_value_payments,Standard,1
38,38194.88,2661.83,5,3,0,1,0,2,Good,2914.25,17.52,153,Yes,285.01,1030.94,Low_spent_Medium_value_payments,Good,0
25,54970.2,3411.36,5,4,2,1,1,3,Standard,8082.09,5.49,51,Yes,274.31,1636.43,High_spent_Large_value_payments,Standard,0
26,27809.03,1772.01,2,6,3,7,1,2,Good,6701.09,23.93,77,Yes,196.24,795.2,High_spent_Small_value_payments,Standard,0
64,39474.78,2630.84,3,5,1,20,6,7,Standard,5403.71,30.86,285,Yes,431.11,783.79,High_spent_Medium_value_payments,Poor,1
32,35345.5,2157.37,9,4,2,6,1,4,Standard,13741.92,14.6,55,Yes,537.38,462.99,Low_spent_Large_value_payments,Poor,1
65,20836.59,1330.23,4,3,0,7,2,2,Standard,2997.14,32.16,268,Yes,257.02,342.64,Low_spent_Small_value_payments,Standard,1
63,33921.35,2127.56,4,5,2,1,4,2,Standard,13831.48,32.65,230,Yes,487.0,967.92,Low_spent_Small_value_payments,Standard,1
57,33316.37,2329.42,4,3,1,6,1,2,Standard,5968.4,39.06,141,Yes,543.14,844.92,High_spent_Medium_value_payments,Poor,1
35,32890.91,2277.22,3,4,2,4,4,3,Good,15736.79,40.14,48,No,740.46,413.64,Low_spent_Large_value_payments,Poor,0
59,37014.15,2453.35,3,2,3,0,0,3,Good,5734.5,53.01,192,No,129.91,1449.64,High_spent_Small_value_payments,Good,0
37,38002.38,2494.37,3,1,0,5,3,2,Good,12369.63,10.29,103,Yes,888.39,679.6,High_spent_Medium_value_payments,Standard,0
23,28018.57,1963.62,2,3,1,13,5,3,Bad,6724.75,36.33,51,Yes,474.42,351.51,High_spent_Small_value_payments,Poor,1
29,77934.88,5463.34,6,3,4,3,0,1,Good,22295.38,40.5,53,No,546.06,2299.57,Low_spent_Small_value_payments,Good,0
19,18003.32,1269.25,7,5,2,10,4,2,Bad,5806.24,40.85,9,Yes,260.45,390.88,High_spent_Small_value_payments,Poor,1
24,23562.65,1445.76,4,5,7,11,3,3,Good,7244.95,20.71,51,No,78.91,528.14,Low_spent_Large_value_payments,Standard,0
33,192524.4,11886.34,7,4,2,0,2,1,Standard,41730.08,31.47,91,Yes,1458.67,3467.68,High_spent_Large_value_payments,Good,0
20,19481.2,1311.69,3,4,1,8,3,4,Good,8230.34,22.17,13,No,731.68,127.52,Low_spent_Large_value_payments,Standard,1
62,16118.89,1061.68,4,4,0,3,2,4,Good,6154.76,54.4,281,Yes,428.48,151.71,High_spent_Large_value_payments,Standard,0
20,56426.04,3396.85,3,2,1,5,3,2,Bad,18676.63,8.47,13,Yes,1818.98,117.02,Low_spent_Medium_value_payments,Poor,1
44,15000.0,910.07,4,2,6,0,2,1,Bad,2844.0,64.81,173,No,35.79,349.3,Low_spent_Large_value_payments,Poor,0
67,31534.44,2195.46,6,3,2,0,0,5,Good,2235.22,36.44,303,No,84.42,1092.85,Low_spent_Large_value_payments,Good,0
60,131596.4,9134.47,4,5,1,6,1,4,Bad,28088.94,28.93,385,Yes,2302.54,4065.4,Low_spent_Small_value_payments,Standard,1
57,15000.0,958.06,4,5,0,8,5,4,Good,5394.7,40.75,303,Yes,529.44,50.0,High_spent_Large_value_payments,Poor,1
55,15000.0,1044.8,4,5,2,20,6,5,Good,2555.21,14.65,208,Yes,101.78,499.7,Low_spent_Small_value_payments,Poor,1
50,15000.0,996.47,6,6,1,13,4,3,Good,3502.94,10.49,228,Yes,273.73,266.04,Low_spent_Large_value_payments,Standard,1
45,62256.35,4278.92,5,7,1,8,3,1,Bad,19067.37,32.49,126,Yes,1642.72,118.88,Low_spent_Large_value_payments,Poor,1
18,71315.29,4609.14,4,6,1,17,5,3,Good,6029.71,18.94,6,No,598.39,2211.42,High_spent_Large_value_payments,Standard,1
25,26700.74,1634.85,2,3,1,6,3,2,Good,2640.78,7.13,67,Yes,197.58,781.9,Low_spent_Large_value_payments,Standard,0
54,54716.88,3540.11,5,6,5,25,11,1,Good,16021.17,29.18,313,No,306.3,1626.21,Low_spent_Small_value_payments,Standard,0
49,83629.63,5432.09,2,6,2,2,1,1,Standard,20108.33,21.41,82,No,836.44,1600.19,High_spent_Large_value_payments,Good,1
65,106128.71,7001.16,8,3,2,0,0,6,Bad,20557.52,48.52,151,No,955.23,3770.66,Low_spent_Small_value_payments,Poor,1
60,31325.85,1915.38,6,7,3,6,3,2,Good,6425.84,22.17,382,Yes,169.11,682.59,High_spent_Small_value_payments,Good,0
54,15000.0,1061.1,5,5,1,1,0,3,Standard,2958.31,20.19,306,Yes,241.66,464.7,High_spent_Small_value_payments,Good,0
21,22191.68,1390.19,8,5,3,2,2,2,Standard,7280.71,11.68,14,No,193.26,583.88,Low_spent_Large_value_payments,Standard,1
47,28111.04,1747.13,5,5,2,1,2,4,Standard,13167.09,4.41,103,Yes,551.45,376.0,Low_spent_Large_value_payments,Standard,1
23,31089.85,2042.82,8,4,0,0,0,3,Standard,9253.16,17.02,18,Yes,666.43,422.02,Low_spent_Medium_value_payments,Poor,0
63,32444.44,2135.49,5,7,1,3,1,6,Standard,5168.11,24.74,412,No,487.19,426.87,Low_spent_Medium_value_payments,Good,0
36,71064.04,4602.44,4,8,2,0,2,4,Standard,14551.72,26.01,183,Yes,579.5,2352.43,High_spent_Large_value_payments,Standard,0
49,78015.05,5333.28,2,8,1,1,0,5,Good,3215.07,52.64,230,Yes,249.74,2417.11,High_spent_Small_value_payments,Good,0
26,32761.06,2149.03,4,3,1,2,5,2,Standard,6851.85,19.15,39,No,648.26,309.99,Low_spent_Small_value_payments,Standard,1
29,70199.11,4675.61,2,4,6,3,1,5,Standard,16446.98,7.23,116,Yes,202.48,2320.16,High_spent_Small_value_payments,Standard,0
28,45008.06,3053.37,5,3,6,6,2,3,Good,12543.84,23.0,50,Yes,190.07,1788.77,High_spent_Small_value_payments,Standard,1
63,37748.6,2275.15,4,4,4,1,4,2,Standard,15185.96,45.07,371,No,296.19,1133.39,Low_spent_Medium_value_payments,Standard,0
33,62562.82,4140.53,4,7,2,3,2,4,Bad,23959.62,21.02,152,Yes,1026.79,839.32,High_spent_Small_value_payments,Poor,0
18,37924.45,2638.74,4,7,4,5,3,0,Good,15072.44,48.71,6,No,316.1,1136.95,Low_spent_Small_value_payments,Standard,1
62,124827.33,7513.15,3,2,3,4,3,3,Standard,31147.17,43.19,444,No,892.81,2579.22,High_spent_Small_value_payments,Good,0
38,15320.6,986.49,5,7,0,0,1,3,Good,2377.56,7.07,89,Yes,204.7,269.26,High_spent_Small_value_payments,Good,0
47,26659.41,1867.07,7,5,3,8,2,3,Standard,2436.79,31.72,153,No,72.78,1122.67,High_spent_Large_value_payments,Standard,0
30,33660.78,2148.43,2,8,2,0,1,5,Bad,1599.39,14.43,97,Yes,65.78,900.64,Low_spent_Large_value_payments,Poor,1
51,47271.91,3071.24,7,3,2,2,0,0,Standard,12874.35,23.64,214,No,534.71,1379.49,High_spent_Small_value_payments,Good,0
21,77712.88,5489.12,8,4,1,1,2,2,Standard,15973.68,33.77,11,No,1468.8,2120.21,High_spent_Medium_value_payments,Standard,1
45,35787.75,2224.54,3,7,3,0,4,3,Good,6520.49,11.59,235,Yes,160.04,1349.33,High_spent_Medium_value_payments,Good,0
55,15470.07,939.14,4,6,4,7,2,1,Good,3375.9,7.11,195,Yes,78.18,311.29,High_spent_Medium_value_payments,Good,0
48,60204.86,4172.82,2,5,0,10,5,2,Bad,12700.59,43.37,298,No,850.27,1380.22,High_spent_Large_value_payments,Poor,1
44,57123.75,3964.87,3,4,2,3,1,2,Good,13792.14,55.44,222,Yes,592.42,2082.76,High_spent_Large_value_payments,Standard,0
22,15000.0,976.71,3,5,2,4,4,0,Good,4663.28,32.19,20,Yes,189.3,421.7,High_spent_Medium_value_payments,Standard,0
42,36232.71,2375.8,4,7,1,4,1,2,Standard,8397.25,10.15,155,No,736.89,819.27,High_spent_Medium_value_payments,Good,0
20,15000.0,1035.82,4,7,2,2,3,2,Good,3443.08,11.38,20,Yes,142.82,271.85,High_spent_Small_value_payments,Standard,0
50,24372.47,1657.35,5,8,6,3,1,3,Standard,1350.52,61.11,234,No,20.93,732.58,High_spent_Small_value_payments,Standard,1
21,21127.16,1328.32,1,5,3,4,3,1,Standard,3002.42,42.93,26,Yes,73.33,772.73,Low_spent_Large_value_payments,Poor,1
42,59015.7,3551.74,3,7,2,30,8,1,Bad,17683.02,27.83,250,No,669.06,1016.32,High_spent_Large_value_payments,Poor,1
37,38952.49,2539.58,4,5,2,2,1,1,Bad,10261.48,4.56,169,Yes,440.88,943.5,High_spent_Small_value_payments,Standard,1
51,16791.79,1163.75,5,5,2,7,2,3,Good,3266.0,19.13,90,No,121.7,466.09,High_spent_Medium_value_payments,Good,0
43,61576.75,4292.2,2,3,2,1,1,1,Good,7196.71,22.32,113,Yes,353.23,2383.01,High_spent_Large_value_payments,Good,0
22,15362.99,1080.93,2,3,1,1,1,5,Good,1520.89,22.92,18,Yes,144.99,454.42,Low_spent_Small_value_payments,Standard,0
52,44270.25,3078.05,4,12,0,0,2,4,Standard,10557.66,18.18,232,No,971.39,622.54,High_spent_Medium_value_payments,Good,1
45,22283.32,1477.02,4,3,2,0,2,4,Bad,8681.16,37.51,146,Yes,398.18,400.89,High_spent_Medium_value_payments,Poor,1
46,29161.18,1890.13,4,5,2,2,1,3,Standard,7640.28,15.87,211,No,337.01,560.45,Low_spent_Medium_value_payments,Good,1
26,49146.58,3361.34,5,6,4,8,5,6,Good,20129.45,32.51,81,Yes,458.71,1544.66,Low_spent_Small_value_payments,Poor,1
69,49655.76,3377.32,3,5,3,3,0,2,Standard,8739.62,56.99,439,Yes,197.47,1922.21,Low_spent_Small_value_payments,Standard,1
55,80998.14,5332.1,5,4,0,2,0,5,Standard,33015.32,16.2,90,Yes,2840.18,50.0,Low_spent_Medium_value_payments,Poor,1
67,34566.76,2106.71,6,6,1,9,4,4,Standard,1317.21,25.24,507,Yes,99.34,960.38,High_spent_Medium_value_payments,Good,0
23,43646.16,3056.65,6,4,2,6,2,6,Bad,15447.44,30.44,19,No,540.05,1080.09,Low_spent_Small_value_payments,Poor,1
36,27927.23,1813.47,6,8,2,2,0,6,Good,2515.72,28.76,96,No,124.6,865.21,Low_spent_Large_value_payments,Good,0
61,40505.54,2589.77,2,3,1,22,6,0,Good,15037.99,19.77,127,No,1476.68,50.0,High_spent_Large_value_payments,Poor,0
28,47272.86,3158.79,2,5,2,7,5,2,Bad,10313.7,43.22,38,Yes,499.52,1025.26,Low_spent_Medium_value_payments,Poor,1
19,34235.35,2304.04,2,8,2,2,3,3,Good,7365.67,25.93,10,Yes,324.95,1274.42,High_spent_Small_value_payments,Standard,1
64,15000.0,934.24,6,7,6,8,2,4,Good,3490.63,7.88,339,Yes,38.84,505.31,High_spent_Small_value_payments,Good,0
61,44306.32,3060.1,6,3,3,4,3,4,Standard,7326.3,36.17,187,No,187.02,1928.76,High_spent_Medium_value_payments,Standard,1
61,45194.78,2853.64,6,6,2,0,1,6,Standard,15901.36,41.94,170,No,534.76,722.95,High_spent_Large_value_payments,Standard,0
26,24146.53,1497.63,2,5,1,6,1,2,Bad,3753.94,40.11,76,Yes,291.54,470.27,High_spent_Large_value_payments,Poor,1
38,16803.93,1082.22,3,8,2,2,1,4,Standard,5291.33,42.58,69,Yes,202.54,237.2,High_spent_Medium_value_payments,Poor,1
41,88038.32,5979.07,4,7,1,6,4,1,Standard,22297.43,32.18,122,Yes,1911.69,1115.24,High_spent_Medium_value_payments,Poor,0
51,48769.84,3436.28,4,7,1,3,3,3,Standard,17845.75,10.08,188,No,1274.45,874.21,High_spent_Large_value_payments,Standard,0
39,31651.83,2176.61,4,5,3,1,1,6,Standard,4802.02,13.86,63,No,123.97,1067.22,Low_spent_Large_value_payments,Standard,0
20,18357.26,1288.44,4,5,0,1,2,2,Bad,1286.86,24.03,11,No,124.32,405.43,Low_spent_Large_value_payments,Poor,1
29,22179.22,1364.54,2,7,5,0,1,2,Good,7450.69,11.28,98,No,110.83,712.28,Low_spent_Small_value_payments,Good,0
45,79344.49,4821.85,3,9,0,11,4,1,Good,32936.44,32.15,241,No,2737.44,50.0,High_spent_Medium_value_payments,Standard,0
47,39442.42,2604.85,2,1,0,15,4,5,Standard,10751.21,5.44,116,Yes,759.29,1018.92,Low_spent_Large_value_payments,Poor,0
43,26098.88,1648.01,4,3,1,6,1,2,Standard,6842.95,4.35,219,No,627.86,424.38,Low_spent_Small_value_payments,Good,0
65,49306.62,3400.71,7,5,3,0,0,0,Good,12656.62,45.84,221,Yes,292.58,1756.57,High_spent_Medium_value_payments,Good,1
38,22278.14,1498.87,5,2,2,3,1,5,Standard,7365.8,23.18,169,Yes,266.15,438.94,High_spent_Medium_value_payments,Poor,0
45,89366.92,6301.82,6,2,2,0,0,3,Standard,2176.04,26.26,224,No,108.3,3542.19,Low_spent_Large_value_payments,Good,0
43,81771.19,5131.98,4,4,3,1,2,3,Standard,7927.92,43.0,236,Yes,202.31,2266.11,High_spent_Small_value_payments,Standard,0
50,27448.19,1791.34,2,5,4,0,2,1,Standard,7069.03,28.66,342,Yes,118.44,795.73,High_spent_Medium_value_payments,Good,0
38,24904.35,1629.49,3,2,1,26,6,4,Standard,5324.99,76.02,64,No,397.21,694.41,Low_spent_Large_value_payments,Poor,1
52,15000.0,938.87,6,6,3,2,2,5,Bad,2384.16,64.82,154,Yes,64.39,577.1,Low_spent_Medium_value_payments,Poor,1
69,15000.0,995.89,8,4,3,1,2,3,Good,2027.38,11.8,388,Yes,55.65,523.6,Low_spent_Large_value_payments,Good,0
51,16257.64,1053.53,6,6,1,0,0,7,Good,1757.59,41.48,230,Yes,141.03,574.22,Low_spent_Large_value_payments,Standard,0
58,39383.97,2553.64,4,6,1,0,2,3,Good,4044.7,10.19,376,Yes,287.92,992.88,High_spent_Large_value_payments,Good,0
68,29859.54,1908.91,5,6,4,1,0,2,Good,9692.44,15.67,162,No,176.63,1100.27,High_spent_Large_value_payments,Good,0
64,16200.52,975.0,3,6,1,2,4,7,Good,9181.02,32.53,299,No,682.5,50.0,Low_spent_Large_value_payments,Standard,0
35,30678.02,2014.2,4,6,1,0,1,2,Standard,8962.31,23.7,90,No,888.17,330.38,Low_spent_Medium_value_payments,Standard,0
28,49178.03,3129.29,5,4,1,0,2,2,Good,17122.72,21.64,30,No,1569.13,84.31,Low_spent_Large_value_payments,Standard,0
40,49846.5,2991.5,2,6,0,5,2,4,Standard,6766.97,8.83,190,Yes,624.92,1372.24,Low_spent_Small_value_payments,Standard,0
65,15000.0,950.04,5,4,2,4,3,2,Bad,6056.36,30.16,298,No,246.02,360.67,High_spent_Small_value_payments,Poor,1
39,33625.56,2119.03,5,4,1,1,2,2,Standard,16833.87,3.96,62,Yes,1323.38,50.0,High_spent_Small_value_payments,Poor,0
34,15835.28,1017.61,2,4,0,3,2,3,Bad,4416.33,28.1,39,No,412.35,227.87,High_spent_Large_value_payments,Poor,1
22,62382.32,3832.05,1,4,1,1,6,2,Good,6731.94,45.88,10,Yes,604.43,1316.53,High_spent_Medium_value_payments,Poor,0
61,58132.95,3807.7,3,6,7,0,1,2,Good,15103.16,15.96,245,No,176.08,1730.32,Low_spent_Medium_value_payments,Good,0
28,21187.86,1430.21,4,6,2,6,3,4,Standard,3918.79,42.63,100,No,180.13,690.25,Low_spent_Small_value_payments,Poor,1
47,22933.93,1532.61,5,4,4,3,1,2,Good,12511.09,25.38,131,No,215.98,412.61,Low_spent_Medium_value_payments,Good,0
32,27535.73,1891.91,4,4,2,4,2,8,Good,5620.22,24.49,49,Yes,193.47,758.0,Low_spent_Medium_value_payments,Poor,0
44,15000.0,973.45,4,4,1,0,0,3,Standard,1564.7,36.48,189,No,141.31,362.77,High_spent_Large_value_payments,Standard,1
52,44426.03,2915.39,3,5,2,6,1,3,Good,24615.79,30.65,216,No,1222.81,50.0,Low_spent_Small_value_payments,Standard,1
50,30831.53,2120.57,4,6,4,7,2,7,Good,6178.18,27.71,267,Yes,111.19,1051.69,Low_spent_Medium_value_payments,Standard,0
37,64997.56,4201.02,5,6,3,3,4,4,Good,19913.83,24.55,104,Yes,652.61,2127.73,High_spent_Medium_value_payments,Standard,0
33,18787.64,1270.06,7,7,2,10,3,2,Good,8847.5,32.63,66,Yes,438.06,210.45,Low_spent_Small_value_payments,Poor,0
51,25047.42,1620.77,4,5,3,24,6,2,Good,9609.99,41.37,286,Yes,223.91,890.19,High_spent_Small_value_payments,Poor,1
19,15000.0,967.88,6,3,2,2,1,5,Standard,441.65,25.48,6,Yes,18.07,393.11,High_spent_Medium_value_payments,Poor,1
52,19879.13,1356.46,4,7,3,5,1,0,Good,7013.55,21.56,318,Yes,189.77,621.34,Low_spent_Medium_value_payments,Good,0
57,17868.79,1105.97,4,6,6,0,3,1,Standard,3341.98,17.74,105,No,41.12,461.87,High_spent_Medium_value_payments,Standard,0
45,66011.5,4202.82,3,3,3,0,1,2,Bad,21182.04,18.86,88,Yes,574.46,1475.52,Low_spent_Small_value_payments,Poor,1
64,23885.88,1491.16,4,1,2,3,0,3,Good,7048.21,17.74,259,No,333.2,355.65,High_spent_Large_value_payments,Good,0
56,39124.55,2499.68,3,7,1,0,4,2,Standard,4798.88,10.92,196,Yes,466.5,728.61,Low_spent_Large_value_payments,Standard,0
23,28898.41,1806.03,3,3,1,0,5,3,Bad,1952.94,41.52,14,Yes,151.81,656.22,Low_spent_Medium_value_payments,Poor,1
26,16955.05,1123.73,6,5,1,0,1,3,Bad,2137.14,23.71,37,Yes,158.25,311.99,Low_spent_Large_value_payments,Poor,1
37,32827.43,2253.5,5,4,0,0,0,4,Good,9968.51,43.37,122,Yes,838.04,221.42,High_spent_Medium_value_payments,Standard,1
18,52024.08,3564.78,1,4,3,13,4,2,Good,7378.57,26.69,6,No,188.16,1441.17,Low_spent_Large_value_payments,Standard,0
25,17594.55,1125.15,3,5,3,5,3,4,Good,2650.37,12.12,31,Yes,74.68,395.16,Low_spent_Small_value_payments,Standard,0
40,59010.32,4172.71,5,4,2,7,3,2,Bad,19113.04,41.11,201,Yes,835.99,1991.1,Low_spent_Small_value_payments,Poor,1
20,21810.95,1448.98,6,6,6,0,0,4,Good,3913.98,55.84,19,No,60.79,558.94,High_spent_Medium_value_payments,Standard,0
21,27179.26,1748.36,3,5,1,1,2,2,Good,12162.72,35.43,13,Yes,1075.47,50.0,High_spent_Large_value_payments,Poor,1
42,49931.63,3447.86,3,6,0,0,1,2,Bad,22266.62,11.13,138,Yes,1880.69,346.54,Low_spent_Small_value_payments,Poor,1
64,24390.24,1656.27,5,12,5,10,3,4,Standard,5910.84,40.94,483,Yes,105.37,773.37,Low_spent_Small_value_payments,Standard,1
55,37143.53,2530.11,4,3,2,2,3,2,Good,11502.66,41.44,277,Yes,426.39,875.42,High_spent_Small_value_payments,Standard,1
32,30067.06,1867.91,5,5,1,10,3,4,Standard,5324.9,12.92,83,No,520.72,730.94,Low_spent_Medium_value_payments,Standard,1
38,39246.63,2553.92,3,5,3,5,3,4,Good,9224.26,20.69,159,Yes,271.46,944.3,High_spent_Medium_value_payments,Standard,1
52,15000.0,1040.05,5,4,0,12,3,2,Good,3777.41,22.44,194,No,358.36,341.24,Low_spent_Medium_value_payments,Standard,0
63,15000.0,981.91,3,7,4,6,4,1,Standard,806.27,53.0,482,Yes,14.9,599.61,Low_spent_Medium_value_payments,Standard,1
69,52553.14,3542.3,1,6,2,3,3,3,Standard,18795.17,20.55,135,Yes,840.12,868.43,High_spent_Medium_value_payments,Poor,0
31,67663.95,4490.81,4,3,2,0,3,1,Bad,25325.25,14.9,46,No,854.32,973.02,Low_spent_Medium_value_payments,Poor,1
53,21030.06,1453.71,4,7,1,1,4,4,Standard,7808.86,6.89,311,Yes,558.83,419.42,High_spent_Medium_value_payments,Standard,1
29,31369.24,1978.86,6,8,4,4,3,3,Standard,6962.18,15.69,101,Yes,123.91,1239.28,High_spent_Medium_value_payments,Standard,0
34,43340.01,2870.6,7,9,2,27,7,2,Good,21338.69,30.03,110,Yes,1026.38,904.75,High_spent_Medium_value_payments,Poor,1
56,55046.33,3376.27,3,3,1,3,0,1,Bad,20590.52,10.5,185,No,1691.21,253.73,Low_spent_Small_value_payments,Standard,0
26,15000.0,1012.16,11,5,3,5,2,2,Good,3220.45,22.1,66,Yes,95.88,340.45,Low_spent_Large_value_payments,Standard,0
52,21340.8,1449.67,4,7,4,13,5,2,Good,6794.73,62.94,133,Yes,168.44,544.85,Low_spent_Small_value_payments,Poor,1
30,29746.07,1798.57,2,6,2,0,0,6,Bad,13224.73,69.51,52,Yes,633.62,368.83,High_spent_Large_value_payments,Poor,1
32,55375.03,3727.91,6,5,0,3,1,2,Standard,23693.95,33.63,126,No,2061.57,50.0,High_spent_Large_value_payments,Poor,0
35,162601.6,10486.58,4,8,2,7,1,4,Standard,39959.7,16.33,140,Yes,1503.27,4634.38,High_spent_Medium_value_payments,Good,0
68,31672.26,1942.92,3,3,1,2,5,6,Good,5446.37,35.63,347,No,391.57,616.84,Low_spent_Large_value_payments,Good,0
50,15612.29,1007.76,3,6,0,4,4,2,Standard,1500.71,32.36,122,Yes,134.16,358.67,High_spent_Large_value_payments,Poor,1
23,46228.92,2871.01,7,5,2,6,4,2,Standard,10382.68,11.82,47,Yes,404.89,1545.0,Low_spent_Medium_value_payments,Standard,0
44,80225.56,5174.7,2,4,2,7,2,2,Bad,18853.78,18.36,78,No,761.97,1397.38,High_spent_Small_value_payments,Poor,1
40,38746.99,2486.15,3,9,3,1,1,4,Good,2882.05,45.06,174,No,85.69,1534.21,Low_spent_Large_value_payments,Good,0
44,21078.54,1433.32,6,4,2,1,2,1,Good,4659.93,58.75,225,No,217.73,649.17,High_spent_Medium_value_payments,Standard,0
51,64524.25,4412.64,3,5,1,12,4,2,Standard,35937.79,31.92,159,Yes,3063.44,50.0,Low_spent_Large_value_payments,Poor,1
63,54075.01,3600.11,5,6,3,0,2,3,Standard,31975.66,7.33,399,No,1015.2,1480.49,Low_spent_Medium_value_payments,Good,0
55,19620.92,1182.08,4,6,0,8,3,1,Bad,1706.95,46.32,97,Yes,161.72,460.45,High_spent_Small_value_payments,Poor,1
31,45654.4,3199.74,4,9,1,1,2,0,Standard,6981.12,8.0,133,Yes,594.07,1273.48,Low_spent_Large_value_payments,Good,1
53,66062.68,4454.88,4,7,2,7,5,4,Bad,13303.77,56.22,195,No,461.86,2293.27,High_spent_Large_value_payments,Poor,1
25,73801.48,4455.43,2,7,2,3,2,7,Standard,31464.72,40.66,66,Yes,1409.27,1293.06,High_spent_Medium_value_payments,Poor,1
52,34896.11,2403.32,2,5,1,3,4,3,Good,8226.47,15.16,172,Yes,651.9,379.72,Low_spent_Medium_value_payments,Standard,0
36,29294.42,1821.22,5,4,4,2,1,2,Good,13852.04,29.91,150,Yes,320.87,701.9,High_spent_Medium_value_payments,Standard,0
47,75838.72,5026.2,5,5,0,12,5,4,Good,8701.35,4.07,207,No,601.5,2568.66,Low_spent_Medium_value_payments,Good,0
31,17569.22,1142.97,3,6,3,0,1,3,Bad,2251.63,33.59,80,Yes,61.44,738.39,Low_spent_Small_value_payments,Poor,1
37,47247.15,3049.72,5,2,0,0,0,1,Good,16197.43,58.7,203,No,1304.91,153.75,Low_spent_Large_value_payments,Standard,0
66,15962.28,1111.59,3,5,1,4,3,5,Good,9255.4,10.94,436,Yes,674.94,50.0,High_spent_Small_value_payments,Good,0
42,68818.35,4455.17,3,3,3,0,2,2,Good,33680.27,49.84,83,No,955.09,1315.54,Low_spent_Medium_value_payments,Standard,0
57,31106.52,1891.78,4,6,2,4,4,5,Standard,8349.68,32.02,413,No,351.99,527.72,Low_spent_Large_value_payments,Standard,0
41,77741.92,5461.78,4,6,3,3,2,6,Standard,18629.17,75.35,145,Yes,512.98,3305.6,High_spent_Large_value_payments,Poor,1
31,48768.88,3412.48,3,4,3,5,3,2,Good,10875.97,26.14,100,Yes,281.62,1345.1,High_spent_Large_value_payments,Standard,0
43,17432.09,1175.18,3,8,0,10,4,4,Bad,4123.54,34.31,84,Yes,401.04,377.18,High_spent_Small_value_payments,Poor,0
55,85372.27,5555.07,3,4,2,2,0,2,Standard,27940.16,6.41,395,Yes,1297.63,1986.88,High_spent_Large_value_payments,Good,0
40,92110.77,5619.31,2,3,2,4,3,2,Good,8102.84,43.73,140,No,384.19,1910.77,High_spent_Medium_value_payments,Good,1
39,61658.84,4227.73,3,2,3,3,1,5,Bad,6058.71,34.02,131,No,153.65,2309.86,High_spent_Medium_value_payments,Poor,0
65,22995.35,1398.52,4,5,1,0,0,4,Bad,6791.97,15.94,231,Yes,669.97,178.22,Low_spent_Large_value_payments,Poor,1
36,30224.0,1835.9,2,6,3,2,0,1,Good,10985.49,62.12,101,Yes,283.92,489.75,Low_spent_Large_value_payments,Poor,0
63,39626.62,2608.29,4,2,0,3,3,3,Bad,19791.34,28.62,397,Yes,1387.52,391.18,High_spent_Medium_value_payments,Poor,1
68,23807.92,1469.78,2,5,3,0,0,4,Standard,4457.57,12.74,159,Yes,139.66,730.07,Low_spent_Large_value_payments,Standard,1
20,100248.56,6023.31,2,5,1,1,1,2,Standard,24781.53,20.65,9,Yes,1683.08,1161.31,High_spent_Medium_value_payments,Standard,1
59,39600.45,2557.54,4,7,1,3,2,4,Standard,15269.91,15.59,216,Yes,1512.55,50.0,High_spent_Medium_value_payments,Poor,1
36,15000.0,922.3,5,2,1,4,3,1,Standard,7156.99,11.78,81,Yes,504.5,50.0,High_spent_Large_value_payments,Poor,1
26,44516.42,2748.4,8,7,1,4,2,4,Good,27064.3,12.91,33,No,1923.88,50.0,Low_spent_Medium_value_payments,Standard,1
45,29469.34,1792.71,3,7,4,1,2,6,Good,11021.72,42.56,291,Yes,186.04,802.72,Low_spent_Medium_value_payments,Standard,1
37,34719.06,2160.28,4,5,2,15,6,2,Good,7552.07,48.56,175,No,265.69,894.04,High_spent_Medium_value_payments,Poor,1
62,29109.75,1972.22,3,6,2,1,2,4,Good,13415.16,26.99,186,Yes,499.1,647.53,Low_spent_Small_value_payments,Standard,1
24,58937.21,4052.72,5,9,6,3,1,5,Bad,5793.42,3.59,59,Yes,89.94,2084.16,Low_spent_Medium_value_payments,Poor,1
31,71097.87,4614.43,2,6,4,3,0,1,Standard,3468.63,8.52,74,Yes,58.14,2757.59,Low_spent_Medium_value_payments,Good,0
26,43037.71,2818.44,4,4,2,2,0,5,Standard,28905.41,5.56,24,Yes,1375.12,380.52,Low_spent_Large_value_payments,Poor,1
36,29626.17,1788.05,7,5,3,3,1,5,Standard,10673.73,40.68,133,Yes,273.1,479.15,High_spent_Medium_value_payments,Poor,1
64,35425.87,2152.15,2,4,3,2,1,6,Standard,10689.79,20.17,315,Yes,343.2,961.0,High_spent_Large_value_payments,Standard,1
69,36745.09,2307.24,5,4,3,3,1,2,Standard,8143.99,18.42,318,No,218.73,859.63,High_spent_Small_value_payments,Good,0
31,22438.69,1478.54,4,7,2,4,2,2,Standard,6551.57,61.01,51,Yes,295.45,725.65,High_spent_Medium_value_payments,Poor,1
55,51398.14,3495.68,4,6,0,0,0,1,Bad,13590.18,27.42,325,Yes,972.25,1181.5,High_spent_Small_value_payments,Standard,0
53,47859.52,3185.25,3,5,1,6,2,1,Good,16031.5,17.46,236,No,1359.06,385.44,Low_spent_Large_value_payments,Good,0
57,91515.6,5879.7,4,2,3,6,1,2,Good,20388.96,6.74,362,Yes,527.54,2496.37,High_spent_Medium_value_payments,Good,0
34,77127.09,4726.49,5,8,1,0,2,0,Standard,14149.18,21.55,64,No,1066.6,987.07,High_spent_Medium_value_payments,Good,0
47,24066.96,1647.59,2,1,2,0,0,4,Good,4097.02,36.37,307,Yes,182.86,706.85,High_spent_Small_value_payments,Good,0
26,59407.69,3798.59,4,4,4,6,1,5,Standard,887.72,14.7,64,Yes,21.49,2541.58,Low_spent_Large_value_payments,Standard,1
50,20525.6,1395.21,5,3,2,15,3,1,Standard,4051.09,49.09,208,Yes,177.87,713.56,Low_spent_Medium_value_payments,Poor,1
69,55136.06,3614.57,5,4,4,2,2,1,Standard,9686.46,37.62,446,No,232.8,1735.02,Low_spent_Large_value_payments,Good,1
42,26636.33,1811.33,4,3,0,11,2,3,Standard,8016.03,27.07,178,No,634.75,608.04,High_spent_Large_value_payments,Poor,0
31,19654.23,1372.43,3,2,2,9,2,0,Good,12150.17,23.0,77,Yes,539.62,69.63,Low_spent_Small_value_payments,Standard,0
28,42960.11,3006.25,5,6,2,1,3,2,Good,3560.91,9.32,89,No,124.57,1249.6,Low_spent_Large_value_payments,Good,0
52,15000.0,986.95,7,8,1,4,1,0,Standard,2462.41,27.91,177,No,242.2,407.05,Low_spent_Small_value_payments,Standard,0
58,15000.0,983.12,4,2,1,0,1,4,Standard,1568.69,10.47,104,Yes,141.72,378.46,Low_spent_Small_value_payments,Standard,1
31,32646.89,2052.78,8,3,4,10,4,5,Standard,8536.39,13.83,117,Yes,180.06,1176.67,Low_spent_Large_value_payments,Poor,0
47,38157.02,2676.25,4,5,0,3,2,1,Standard,9398.81,77.54,142,Yes,898.21,190.22,Low_spent_Small_value_payments,Poor,0
58,29097.53,1890.2,3,7,1,15,5,4,Standard,5272.24,39.39,300,No,476.73,606.95,Low_spent_Medium_value_payments,Poor,1
21,15000.0,920.73,3,3,1,2,2,2,Good,2317.2,66.53,29,No,188.89,455.53,Low_spent_Small_value_payments,Poor,1
21,22231.49,1438.1,6,5,2,0,1,4,Standard,7114.33,22.26,13,No,304.62,281.08,Low_spent_Medium_value_payments,Standard,1
45,45923.19,2818.6,5,5,3,1,0,3,Good,15557.77,50.6,267,Yes,442.45,1394.91,Low_spent_Small_value_payments,Standard,1
25,51486.2,3369.47,2,4,4,2,2,4,Standard,14780.63,16.28,27,Yes,327.86,1550.83,High_spent_Medium_value_payments,Poor,1
19,35963.73,2376.5,4,4,1,3,2,9,Bad,4019.07,59.13,6,Yes,370.13,856.01,High_spent_Small_value_payments,Poor,1
58,72700.26,4628.03,2,3,2,0,1,2,Good,28356.22,60.48,284,No,1127.0,1600.47,High_spent_Small_value_payments,Good,1
63,46094.01,2801.42,6,5,2,5,2,2,Standard,16541.56,42.87,309,Yes,762.63,962.46,Low_spent_Small_value_payments,Standard,0
39,23191.16,1628.51,5,4,0,0,3,3,Standard,7557.6,10.96,205,Yes,574.47,203.55,Low_spent_Medium_value_payments,Standard,0
58,30690.2,2098.53,1,2,1,1,0,2,Good,15606.43,58.49,175,Yes,1237.88,50.0,High_spent_Large_value_payments,Poor,1
33,15650.85,1081.28,3,3,2,0,2,6,Good,2315.87,33.34,156,Yes,91.59,389.11,Low_spent_Small_value_payments,Standard,1
46,34034.04,2177.31,3,2,2,3,3,7,Standard,4005.06,11.53,204,Yes,138.93,975.94,Low_spent_Large_value_payments,Standard,0
66,70774.95,4829.85,4,9,1,1,1,2,Good,26056.26,22.03,368,No,1905.12,582.78,High_spent_Medium_value_payments,Good,0
65,54785.13,3575.18,7,7,2,4,2,3,Good,21997.07,26.91,118,No,1093.24,1234.2,Low_spent_Large_value_payments,Standard,0
47,84221.51,5236.76,4,4,1,4,2,2,Good,16042.24,65.06,312,Yes,1339.47,1371.7,Low_spent_Small_value_payments,Standard,0
29,30280.79,1857.66,4,6,4,7,4,2,Good,12143.24,33.63,58,Yes,224.74,577.74,Low_spent_Medium_value_payments,Poor,1
52,81443.1,5191.02,4,3,1,5,4,3,Standard,53290.63,14.89,219,No,3633.71,50.0,Low_spent_Medium_value_payments,Poor,1
28,32338.62,1988.51,4,7,5,0,0,2,Standard,8115.17,9.78,27,Yes,132.34,709.53,Low_spent_Medium_value_payments,Standard,1
63,87811.79,6218.36,3,4,1,3,1,6,Good,22399.92,9.95,286,No,1845.16,935.63,High_spent_Medium_value_payments,Good,0
67,35842.37,2169.64,2,5,1,9,4,8,Bad,5319.0,33.31,154,Yes,432.28,792.86,High_spent_Medium_value_payments,Poor,1
38,55511.13,3595.96,2,3,1,0,3,5,Standard,24397.99,38.89,210,Yes,2267.85,50.0,Low_spent_Small_value_payments,Poor,1
38,87997.83,5710.85,3,4,3,15,6,2,Good,17417.32,46.25,189,No,456.48,2103.04,Low_spent_Small_value_payments,Standard,0
22,32336.23,2045.49,2,7,3,24,8,3,Good,12862.84,6.36,33,Yes,370.53,899.49,Low_spent_Medium_value_payments,Poor,1
65,41399.89,2740.24,5,5,2,2,3,0,Standard,8010.01,51.56,325,No,327.56,802.09,High_spent_Small_value_payments,Standard,1
37,78693.67,4849.48,6,3,3,1,0,3,Standard,28981.93,3.58,171,Yes,793.33,1481.87,High_spent_Small_value_payments,Good,0
54,33530.08,2296.56,6,6,2,9,3,5,Good,3305.14,14.2,138,No,162.06,781.83,Low_spent_Small_value_payments,Good,0
20,16439.87,1045.6,3,5,1,10,2,2,Good,6118.97,21.58,6,Yes,474.41,50.0,Low_spent_Large_value_payments,Poor,1
61,131374.1,8724.06,5,8,2,8,4,1,Standard,29275.18,42.73,109,Yes,1039.9,2900.93,Low_spent_Large_value_payments,Poor,0
50,27395.7,1856.13,3,7,2,8,4,6,Good,10127.99,34.01,211,Yes,401.81,703.39,Low_spent_Small_value_payments,Poor,1
26,39944.79,2781.41,5,5,2,5,3,7,Standard,5651.81,55.36,65,Yes,200.78,1684.31,High_spent_Large_value_payments,Poor,1
26,72664.19,5017.78,5,6,4,0,1,5,Standard,15904.54,59.25,40,Yes,373.78,2591.19,Low_spent_Small_value_payments,Poor,1
21,25207.67,1678.58,8,3,2,4,2,1,Good,4895.49,5.6,7,No,182.29,773.23,High_spent_Small_value_payments,Good,0
52,19836.51,1273.65,3,6,2,1,2,6,Standard,10116.97,4.75,100,Yes,432.09,184.7,High_spent_Medium_value_payments,Poor,1
34,42287.31,2767.76,3,6,2,4,4,2,Standard,18337.17,34.28,59,Yes,671.05,779.66,Low_spent_Medium_value_payments,Poor,1
51,15000.0,1024.92,10,4,1,1,2,3,Bad,5273.03,10.96,203,Yes,361.34,296.26,Low_spent_Medium_value_payments,Poor,1
41,30554.17,2123.72,5,3,1,1,2,6,Good,4888.36,10.23,138,No,378.39,668.06,Low_spent_Large_value_payments,Good,0
49,42067.18,2571.33,6,6,0,1,2,2,Good,4383.99,35.57,109,No,437.26,1305.01,Low_spent_Medium_value_payments,Good,0
18,30885.09,1981.87,2,9,2,2,6,5,Standard,9465.31,52.77,6,Yes,469.28,420.25,Low_spent_Small_value_payments,Poor,0
25,15000.0,1026.12,1,6,2,2,0,4,Standard,2304.13,41.35,54,Yes,94.97,607.26,Low_spent_Small_value_payments,Poor,0
62,94514.33,6112.83,5,5,1,9,3,5,Standard,14497.82,44.8,277,Yes,1150.76,1663.35,High_spent_Large_value_payments,Poor,0
40,38643.08,2457.67,4,4,1,2,0,3,Standard,14146.4,26.82,187,Yes,1403.01,50.0,Low_spent_Small_value_payments,Poor,1
64,85707.13,5524.34,2,5,2,2,0,2,Good,18571.34,4.46,484,No,753.08,1583.37,High_spent_Large_value_payments,Good,0
57,31069.39,2067.07,7,5,3,1,3,8,Standard,9715.8,23.16,112,No,217.71,649.89,Low_spent_Medium_value_payments,Poor,1
29,21418.13,1517.07,2,4,5,3,1,3,Good,2920.54,28.35,118,Yes,57.56,948.02,Low_spent_Large_value_payments,Standard,0
29,42680.98,2788.81,1,2,2,2,1,4,Standard,11616.79,9.42,117,Yes,550.62,1131.61,High_spent_Medium_value_payments,Standard,0
63,31905.31,1986.38,2,4,1,19,5,4,Standard,18697.93,48.57,159,Yes,1390.47,50.0,Low_spent_Medium_value_payments,Poor,1
64,17914.1,1106.45,2,5,0,3,1,4,Standard,7164.58,48.59,458,No,684.41,50.0,High_spent_Small_value_payments,Standard,0
32,87716.96,5303.26,7,5,3,0,2,4,Bad,35284.28,32.76,119,No,841.52,2425.91,High_spent_Large_value_payments,Poor,0
58,25000.17,1651.36,4,6,4,2,4,2,Bad,3467.96,3.5,165,No,64.42,742.99,High_spent_Small_value_payments,Standard,0
36,15000.0,988.49,3,3,2,1,3,3,Standard,3434.91,15.84,165,Yes,119.19,511.87,Low_spent_Large_value_payments,Standard,1
43,80571.45,5013.43,8,3,2,2,0,2,Good,26093.6,55.22,89,Yes,1271.95,1805.0,Low_spent_Large_value_payments,Standard,0
69,26833.9,1812.17,5,5,4,1,3,3,Standard,3905.63,31.74,185,No,75.85,1175.21,High_spent_Large_value_payments,Standard,1
46,25217.81,1715.53,3,3,3,1,0,5,Bad,4490.0,15.45,104,No,146.13,587.17,Low_spent_Large_value_payments,Poor,1
39,15000.0,942.1,3,8,0,1,0,1,Standard,2259.56,42.98,174,No,186.96,439.15,High_spent_Large_value_payments,Standard,1
57,103214.53,6577.63,4,4,2,12,3,3,Standard,62934.49,40.01,99,Yes,2856.08,1470.41,High_spent_Medium_value_payments,Poor,1
38,16752.65,1184.92,2,2,2,0,0,2,Good,2607.32,28.99,133,Yes,119.61,420.81,Low_spent_Small_value_payments,Good,0
68,37611.67,2409.2,2,3,2,7,2,2,Standard,7910.15,37.18,301,No,303.8,1218.69,High_spent_Medium_value_payments,Standard,1
55,62791.32,4285.01,3,6,1,0,2,5,Bad,7758.37,27.31,143,Yes,634.94,1496.64,High_spent_Small_value_payments,Poor,1
37,46771.54,3035.68,4,4,0,0,1,4,Standard,9033.48,33.86,58,No,873.53,752.27,Low_spent_Large_value_payments,Standard,1
46,35038.66,2403.46,4,1,4,2,1,2,Standard,8184.08,29.98,150,No,189.9,1229.72,High_spent_Large_value_payments,Standard,0
68,15000.0,1024.97,7,6,4,5,3,6,Standard,4054.31,51.31,259,Yes,86.7,490.05,High_spent_Small_value_payments,Poor,1
21,22340.69,1502.05,9,2,2,22,7,3,Good,5155.39,24.24,31,Yes,207.04,730.68,Low_spent_Medium_value_payments,Poor,1
24,40647.0,2815.22,3,8,1,1,1,2,Bad,26866.21,22.55,24,No,1970.65,50.0,High_spent_Medium_value_payments,Poor,1
45,22645.03,1589.11,3,5,5,1,0,2,Standard,3102.93,15.59,176,Yes,42.22,921.0,High_spent_Small_value_payments,Standard,1
45,41028.23,2719.48,3,6,3,0,2,2,Bad,8240.99,16.21,176,No,253.44,914.83,High_spent_Small_value_payments,Standard,0
21,54668.67,3420.76,2,8,3,8,5,4,Standard,5581.41,56.09,19,Yes,160.32,1208.59,Low_spent_Large_value_payments,Poor,1
39,64699.05,4161.34,4,4,4,7,3,4,Good,31109.52,1.67,217,Yes,758.23,1912.56,Low_spent_Small_value_payments,Good,0
29,17401.16,1187.02,2,4,0,3,2,1,Good,8083.03,7.39,60,Yes,739.08,50.0,Low_spent_Small_value_payments,Standard,0
62,135670.93,9096.9,5,3,1,2,1,1,Standard,19403.8,9.6,138,No,1387.56,4845.18,Low_spent_Small_value_payments,Good,0
20,57554.5,3564.13,5,2,2,1,2,4,Standard,23307.49,32.97,6,Yes,1083.01,585.8,High_spent_Large_value_payments,Poor,1
39,36278.17,2196.83,5,4,4,3,2,2,Standard,14983.51,47.79,200,Yes,290.42,1077.95,Low_spent_Large_value_payments,Poor,1
61,69823.22,4706.0,3,3,2,8,2,5,Standard,25096.13,9.34,309,Yes,979.18,1276.57,High_spent_Medium_value_payments,Standard,0
19,150128.17,9416.04,2,4,3,5,1,2,Good,17271.84,40.99,6,No,477.53,4164.43,Low_spent_Medium_value_payments,Good,0
41,15317.76,1001.98,3,2,2,3,0,5,Bad,6472.98,32.87,220,Yes,284.24,348.14,Low_spent_Medium_value_payments,Poor,0
51,31724.43,2160.11,3,6,2,3,0,2,Good,7452.21,38.58,293,Yes,249.91,850.38,Low_spent_Medium_value_payments,Good,0
44,15000.0,991.43,6,2,2,4,4,9,Standard,5374.74,23.32,144,Yes,264.8,237.34,Low_spent_Small_value_payments,Poor,1
58,40765.48,2482.72,4,3,3,7,2,4,Bad,14701.72,24.59,269,Yes,430.03,1106.84,High_spent_Small_value_payments,Poor,1
18,45217.37,2803.95,3,4,1,0,2,1,Good,10623.36,25.4,6,Yes,854.1,437.34,High_spent_Small_value_payments,Standard,1
25,35472.13,2212.61,7,4,1,3,2,2,Bad,13535.71,31.27,30,No,1198.25,57.31,Low_spent_Large_value_payments,Poor,1
40,24520.87,1539.75,5,3,1,1,2,1,Bad,4105.85,21.65,172,No,366.95,282.76,High_spent_Large_value_payments,Standard,1
55,15000.0,991.88,5,7,1,11,2,1,Good,720.09,11.26,276,Yes,48.48,529.7,Low_spent_Small_value_payments,Good,0
23,45438.73,2974.4,3,6,1,12,3,3,Bad,18040.07,30.11,27,Yes,1264.93,50.0,High_spent_Large_value_payments,Poor,1
39,86964.97,5409.3,2,3,3,1,3,1,Standard,41536.33,26.78,156,No,1180.99,1249.16,Low_spent_Small_value_payments,Standard,0
42,25473.37,1547.04,3,2,2,10,2,4,Good,15316.03,38.95,116,Yes,614.46,188.8,High_spent_Large_value_payments,Poor,1
35,47289.14,2925.17,6,6,1,6,2,3,Good,20210.9,30.78,121,Yes,1664.79,320.7,High_spent_Small_value_payments,Poor,0
34,15000.0,1059.96,4,7,2,3,2,4,Bad,5773.55,36.3,116,Yes,212.83,497.47,Low_spent_Large_value_payments,Poor,1
29,47778.35,3109.22,5,6,4,6,1,4,Standard,6833.19,4.76,117,Yes,167.24,1680.95,Low_spent_Small_value_payments,Standard,0
23,28680.44,1990.31,2,7,0,0,4,1,Good,5916.09,18.66,16,No,463.48,522.34,High_spent_Large_value_payments,Good,0
43,22983.9,1590.37,5,5,1,13,6,3,Standard,5603.93,26.55,75,Yes,384.61,480.76,High_spent_Small_value_payments,Poor,1
44,23012.25,1508.26,6,8,3,4,4,6,Standard,4750.3,39.42,125,No,139.3,638.81,Low_spent_Medium_value_payments,Poor,1
25,28676.49,1940.13,4,4,2,0,2,5,Bad,5372.73,39.21,34,Yes,231.18,802.07,High_spent_Small_value_payments,Poor,1
36,45682.02,2836.31,2,4,5,2,1,5,Bad,16539.77,10.84,189,Yes,284.69,1624.39,High_spent_Small_value_payments,Poor,0
59,16526.2,1114.82,4,4,0,2,1,3,Standard,4562.77,48.1,442,Yes,315.24,403.54,Low_spent_Small_value_payments,Standard,0
18,28616.27,1801.42,3,5,0,10,3,2,Standard,4766.76,48.01,6,No,440.25,490.55,Low_spent_Small_value_payments,Poor,1
46,35423.01,2444.68,6,5,0,6,2,5,Bad,12654.9,18.04,100,No,984.48,473.49,High_spent_Small_value_payments,Poor,1
62,18780.54,1143.87,4,5,0,0,1,4,Standard,3301.98,27.25,316,No,325.01,362.23,Low_spent_Small_value_payments,Good,0
66,106723.76,7297.31,3,5,4,0,1,6,Standard,29459.97,32.52,468,No,643.72,4238.35,High_spent_Medium_value_payments,Good,0
52,21761.61,1329.26,4,4,1,0,3,6,Bad,1483.03,24.76,213,Yes,132.23,474.52,Low_spent_Medium_value_payments,Poor,1
57,24302.58,1690.15,2,5,1,0,1,3,Bad,6836.29,4.87,272,No,588.81,435.67,Low_spent_Medium_value_payments,Standard,1
31,20191.46,1278.03,2,5,5,1,3,4,Good,8489.32,9.46,95,Yes,138.78,634.3,Low_spent_Small_value_payments,Standard,1
52,106840.04,7167.82,5,6,0,1,1,2,Standard,22681.97,12.0,271,No,1768.61,1127.75,High_spent_Small_value_payments,Good,0
65,50601.84,3303.35,6,4,1,8,4,1,Good,14965.45,61.58,361,Yes,1076.95,1063.17,Low_spent_Medium_value_payments,Standard,0
62,20703.23,1324.35,2,5,2,5,3,5,Bad,8172.37,52.27,292,Yes,356.57,239.91,Low_spent_Medium_value_payments,Poor,1
37,70526.16,4724.71,4,6,3,0,3,2,Bad,33292.96,10.45,101,Yes,1108.24,1337.4,Low_spent_Small_value_payments,Poor,1
66,40962.78,2878.24,4,3,1,4,3,3,Good,7497.5,11.79,267,No,602.5,1204.66,Low_spent_Medium_value_payments,Good,0
30,42376.62,2561.54,3,3,4,14,4,2,Bad,3397.91,33.13,61,Yes,63.59,1475.61,High_spent_Large_value_payments,Poor,1
55,29534.48,2066.06,3,6,1,4,2,3,Standard,6558.59,22.18,330,Yes,611.68,287.85,High_spent_Small_value_payments,Standard,1
66,23163.9,1542.68,5,6,2,3,0,3,Standard,5317.85,33.73,304,No,260.14,482.92,Low_spent_Small_value_payments,Good,0
63,44473.98,3057.4,5,4,2,8,6,4,Good,3847.48,17.97,147,No,191.46,1360.49,Low_spent_Medium_value_payments,Good,0
66,26185.15,1680.0,2,7,4,8,3,4,Good,14322.21,10.91,229,No,340.73,679.2,High_spent_Large_value_payments,Good,1
25,108018.02,7033.23,3,7,1,2,1,5,Bad,26644.29,9.73,27,Yes,2228.47,807.73,Low_spent_Small_value_payments,Poor,0
60,16956.82,1177.02,4,5,2,0,0,5,Good,12258.29,29.55,130,No,582.9,50.0,Low_spent_Large_value_payments,Standard,0
37,91280.65,5887.07,1,6,4,8,6,1,Standard,22152.07,43.82,95,Yes,382.8,3488.53,High_spent_Small_value_payments,Poor,0
50,33969.17,2234.9,2,3,3,7,2,3,Good,11517.08,31.4,87,No,359.4,679.8,High_spent_Large_value_payments,Standard,0
43,43453.71,2616.73,8,4,4,5,3,5,Standard,9775.41,17.17,134,No,170.65,1039.4,High_spent_Medium_value_payments,Standard,0
56,59867.83,3694.93,4,6,0,3,0,3,Standard,13614.06,17.43,94,No,1183.71,347.05,Low_spent_Small_value_payments,Standard,1
38,24880.77,1665.81,3,3,1,0,1,3,Bad,11529.24,26.17,151,Yes,897.34,193.69,High_spent_Small_value_payments,Poor,1
66,60995.11,4133.47,8,7,2,7,5,1,Good,20013.46,6.47,256,Yes,854.09,1881.62,Low_spent_Medium_value_payments,Good,0
59,15000.0,994.67,5,5,1,1,2,4,Good,4068.29,47.6,99,Yes,312.64,107.88,High_spent_Large_value_payments,Poor,0
60,23576.51,1451.19,2,6,2,1,1,5,Standard,13774.49,39.91,388,Yes,472.25,484.64,High_spent_Small_value_payments,Standard,1
58,20859.45,1352.22,4,4,2,0,1,2,Standard,10160.67,34.69,126,Yes,473.02,127.67,High_spent_Large_value_payments,Poor,1
26,17118.18,1092.94,3,8,3,10,4,4,Standard,653.65,28.18,46,Yes,15.41,502.62,Low_spent_Small_value_payments,Poor,1
41,31921.25,2086.68,4,4,1,3,1,4,Standard,4542.94,17.57,58,No,396.27,843.59,Low_spent_Small_value_payments,Standard,1
54,45773.01,3177.95,12,3,3,0,1,3,Good,2339.72,44.26,344,No,59.85,1838.03,High_spent_Small_value_payments,Good,0
66,55359.08,3786.85,5,3,2,7,1,3,Standard,1597.78,8.79,220,Yes,70.05,2445.43,Low_spent_Small_value_payments,Good,0
58,41962.27,2555.92,2,5,3,4,2,3,Standard,6585.18,20.73,336,No,177.54,1478.95,Low_spent_Medium_value_payments,Good,0
34,24357.23,1696.36,3,5,3,7,6,3,Bad,2605.96,35.29,63,Yes,83.26,880.79,High_spent_Medium_value_payments,Poor,1
41,45315.75,2950.55,4,2,0,5,2,4,Standard,2270.98,6.49,239,Yes,206.44,1216.55,Low_spent_Medium_value_payments,Good,0
38,39127.13,2662.93,3,5,1,7,2,4,Standard,6611.66,57.25,185,No,495.46,908.54,High_spent_Small_value_payments,Poor,1
68,63680.5,3917.44,3,4,3,0,0,4,Bad,3741.42,24.25,144,Yes,123.24,2001.54,High_spent_Small_value_payments,Standard,1
56,57882.02,3893.5,3,5,1,0,0,4,Good,10719.2,68.55,122,Yes,805.65,1432.91,High_spent_Small_value_payments,Poor,1
58,36985.67,2313.83,3,6,2,3,2,4,Standard,15962.7,34.32,141,No,573.97,761.04,High_spent_Medium_value_payments,Poor,1
56,21197.7,1372.53,3,9,2,7,3,1,Good,6407.87,27.52,254,Yes,317.75,390.21,Low_spent_Large_value_payments,Standard,0
30,24544.18,1477.13,8,2,4,5,3,2,Standard,8075.22,33.8,123,No,140.15,829.43,Low_spent_Medium_value_payments,Standard,0
28,26111.38,1609.57,4,5,0,7,3,2,Bad,4749.43,35.97,73,Yes,373.29,366.8,High_spent_Small_value_payments,Poor,1
63,30056.68,1833.38,1,4,2,2,3,2,Standard,14366.87,1.37,204,No,630.38,567.99,Low_spent_Small_value_payments,Good,0
36,42652.03,2669.9,6,2,2,0,0,2,Good,18096.24,14.15,114,No,890.82,709.18,High_spent_Small_value_payments,Good,1
28,55776.32,3407.01,3,6,2,0,2,0,Good,20158.7,28.85,42,Yes,769.31,963.61,High_spent_Small_value_payments,Standard,0
30,35218.57,2377.1,5,6,1,1,0,1,Good,6036.2,26.95,124,No,534.59,616.37,Low_spent_Small_value_payments,Good,0
63,36668.56,2211.65,3,4,2,12,3,1,Standard,10368.29,46.26,449,No,349.8,1029.22,Low_spent_Medium_value_payments,Standard,0
62,39576.22,2639.42,4,2,2,6,3,3,Bad,9993.08,24.98,458,Yes,452.16,1177.77,High_spent_Small_value_payments,Standard,1
18,26647.67,1639.48,4,8,2,4,4,5,Good,16191.7,31.77,6,Yes,786.91,90.94,High_spent_Large_value_payments,Poor,1
57,20842.82,1463.98,9,8,1,11,5,7,Bad,4969.71,32.16,128,No,358.17,509.39,High_spent_Small_value_payments,Poor,1
61,15000.0,1051.63,6,6,3,0,0,6,Standard,7975.65,24.84,448,No,246.25,235.28,High_spent_Small_value_payments,Good,0
36,23930.53,1494.29,8,9,3,3,4,1,Standard,5196.67,26.23,136,No,144.38,549.53,Low_spent_Medium_value_payments,Standard,0
29,48237.27,3215.31,4,6,2,6,3,2,Good,14013.77,10.15,52,Yes,607.03,1041.97,High_spent_Small_value_payments,Standard,0
25,23819.34,1436.39,3,5,2,0,0,0,Good,679.88,51.46,45,Yes,30.66,844.43,High_spent_Medium_value_payments,Standard,1
25,31486.55,2207.03,5,7,2,6,1,4,Bad,3068.64,14.64,21,Yes,138.34,1258.16,Low_spent_Large_value_payments,Poor,1
62,48043.34,3154.8,5,6,4,5,1,1,Standard,22764.92,50.52,205,Yes,469.67,1331.86,Low_spent_Small_value_payments,Poor,1
29,49633.12,3001.23,4,4,3,4,2,1,Good,5970.55,34.19,87,No,163.14,1399.05,Low_spent_Medium_value_payments,Good,0
65,19001.63,1210.6,4,3,4,16,5,4,Bad,1626.91,35.3,223,No,31.07,762.86,High_spent_Small_value_payments,Poor,0
50,66054.51,4018.26,1,6,1,1,2,3,Good,6316.91,17.39,166,No,455.44,2013.65,High_spent_Large_value_payments,Good,0
62,71425.49,4589.58,4,4,3,17,7,2,Good,36334.78,7.58,360,Yes,1151.52,1072.73,High_spent_Medium_value_payments,Standard,0
43,18436.54,1240.0,2,5,5,12,3,3,Bad,7447.37,60.85,127,Yes,140.33,686.11,Low_spent_Medium_value_payments,Poor,1
56,22152.33,1441.91,2,6,1,8,3,7,Standard,7076.28,7.31,100,Yes,674.2,50.0,Low_spent_Medium_value_payments,Poor,1
45,74210.02,4761.09,4,4,2,12,8,1,Good,16668.01,29.72,197,No,826.55,1870.68,Low_spent_Large_value_payments,Standard,0
22,33252.59,2038.08,3,6,1,16,4,3,Standard,6798.6,45.93,39,Yes,534.37,696.16,Low_spent_Small_value_payments,Poor,1
25,15000.0,939.8,4,6,1,4,2,4,Bad,7867.58,28.08,65,Yes,641.15,50.0,High_spent_Small_value_payments,Poor,1
42,15680.78,957.86,4,5,4,2,1,1,Good,1999.7,4.35,131,Yes,48.64,448.11,Low_spent_Medium_value_payments,Good,0
44,31268.87,2149.67,2,5,2,1,0,4,Good,9384.61,24.07,101,Yes,342.68,827.62,High_spent_Large_value_payments,Standard,0
63,18073.0,1110.86,4,3,7,1,2,1,Bad,6451.54,11.71,159,Yes,79.93,540.61,High_spent_Large_value_payments,Poor,0
40,28337.63,1883.03,4,5,4,3,1,3,Good,8986.2,19.65,114,No,201.23,731.53,Low_spent_Large_value_payments,Good,0
47,37028.3,2359.18,5,5,1,7,3,3,Bad,4730.46,21.13,102,No,433.63,779.88,High_spent_Large_value_payments,Poor,1
62,87321.57,5453.07,2,2,3,2,2,2,Standard,29438.49,13.9,345,Yes,929.04,1558.86,High_spent_Small_value_payments,Good,0
64,30507.49,2041.79,2,4,1,8,3,3,Good,13321.55,72.63,487,No,1004.87,50.0,High_spent_Medium_value_payments,Standard,0
40,69114.86,4489.07,3,4,1,3,0,6,Standard,7932.74,26.93,64,Yes,687.29,2311.88,Low_spent_Medium_value_payments,Standard,0
66,85584.21,5506.05,3,5,0,1,7,3,Good,11790.46,25.52,262,No,1154.11,2588.25,High_spent_Medium_value_payments,Good,0
64,85869.66,5703.68,3,4,2,4,2,2,Standard,29860.98,23.71,492,Yes,1443.33,2488.42,High_spent_Small_value_payments,Good,0
37,43081.66,2814.18,4,6,0,13,4,3,Standard,12098.94,9.75,48,Yes,1045.38,871.54,High_spent_Small_value_payments,Poor,1
35,15000.0,949.32,1,2,4,0,3,2,Standard,1105.98,43.59,48,Yes,20.94,493.27,High_spent_Large_value_payments,Poor,1
35,47882.0,3162.92,7,11,1,3,1,4,Bad,12354.28,13.5,92,Yes,1041.25,1164.34,Low_spent_Small_value_payments,Poor,1
19,68120.94,4581.33,3,4,0,0,2,3,Bad,20988.73,26.22,6,No,1647.82,542.62,High_spent_Medium_value_payments,Poor,1
21,34591.38,2085.49,6,9,2,7,3,9,Good,8252.69,36.44,26,Yes,368.92,687.01,Low_spent_Medium_value_payments,Poor,1
47,103440.34,6728.48,1,3,4,10,2,3,Bad,45760.05,46.37,166,No,984.27,2872.83,Low_spent_Large_value_payments,Poor,1
50,60833.76,3688.04,3,3,2,1,3,2,Good,2867.72,48.38,178,Yes,102.83,2444.76,High_spent_Small_value_payments,Good,0
53,51070.59,3167.37,6,6,4,0,3,4,Good,15947.7,21.74,265,Yes,318.97,1401.9,High_spent_Small_value_payments,Good,0
35,69691.14,4604.65,5,4,2,0,3,0,Bad,5049.4,32.27,142,No,248.36,2459.56,High_spent_Large_value_payments,Standard,0
54,44356.83,3077.64,3,8,1,6,2,1,Standard,13419.35,16.25,388,Yes,1248.33,301.45,Low_spent_Medium_value_payments,Standard,1
36,15000.0,1043.46,3,3,2,0,1,3,Standard,5230.96,6.85,103,Yes,210.66,396.98,Low_spent_Medium_value_payments,Standard,0
64,26917.09,1635.42,4,7,2,17,8,3,Good,1641.23,24.25,286,Yes,78.35,1003.33,High_spent_Large_value_payments,Standard,0
45,74481.11,4807.03,2,6,1,1,0,2,Good,27613.03,55.69,82,Yes,2283.63,136.26,High_spent_Small_value_payments,Poor,1
57,22369.31,1483.44,4,5,1,4,2,3,Standard,779.84,39.87,219,Yes,64.72,826.88,High_spent_Large_value_payments,Poor,1
37,31758.53,1956.11,7,4,2,5,2,2,Good,4285.46,16.33,64,Yes,201.19,842.81,Low_spent_Small_value_payments,Standard,0
66,19401.36,1324.96,3,2,1,0,1,1,Standard,2230.56,14.66,360,Yes,203.13,721.69,Low_spent_Large_value_payments,Good,1
50,105910.91,7208.57,4,1,4,0,3,2,Good,31453.16,21.91,252,No,527.39,2368.63,High_spent_Large_value_payments,Good,0
29,99597.81,6950.55,2,7,2,0,0,5,Standard,50635.5,31.85,105,Yes,2018.55,1259.59,Low_spent_Large_value_payments,Poor,1
68,21368.62,1284.08,1,5,1,6,3,0,Good,7428.25,26.16,162,Yes,496.87,237.34,Low_spent_Large_value_payments,Standard,0
32,39671.12,2473.39,3,6,4,0,2,3,Good,577.93,34.48,81,Yes,12.28,1186.48,Low_spent_Large_value_payments,Standard,0
58,24141.88,1664.85,4,6,2,1,1,1,Standard,6981.57,11.9,263,No,284.32,811.43,Low_spent_Medium_value_payments,Good,0
56,52520.92,3532.8,7,2,0,3,2,0,Standard,25566.88,41.09,297,Yes,1917.86,538.34,Low_spent_Medium_value_payments,Poor,1
19,49306.43,3436.13,2,7,0,7,3,3,Good,5477.68,38.83,10,No,545.36,1465.38,High_spent_Medium_value_payments,Standard,1
46,59102.19,3582.74,3,5,6,1,1,3,Good,28551.05,28.44,76,Yes,337.79,1412.53,Low_spent_Medium_value_payments,Standard,0
58,44318.22,2945.7,5,4,1,6,2,2,Standard,17431.35,25.72,359,Yes,1678.06,50.0,Low_spent_Small_value_payments,Standard,1
27,211344.28,13983.52,4,7,1,2,1,5,Standard,64257.04,39.38,29,No,6292.78,2217.9,High_spent_Medium_value_payments,Poor,0
19,19599.23,1183.53,7,5,0,5,3,2,Good,4014.52,28.72,6,No,386.05,424.48,Low_spent_Small_value_payments,Standard,0
68,15000.0,983.45,3,6,0,2,1,2,Good,3555.36,31.6,262,No,290.62,337.39,High_spent_Medium_value_payments,Good,0
28,28685.47,1910.54,5,5,1,10,2,5,Good,6799.87,74.58,90,Yes,673.74,298.66,High_spent_Large_value_payments,Poor,1
30,15000.0,931.09,7,6,4,1,1,2,Standard,4508.25,21.21,102,Yes,75.59,407.31,High_spent_Large_value_payments,Standard,1
27,15000.0,944.42,3,3,2,6,3,4,Standard,9965.09,18.8,86,Yes,381.87,272.38,Low_spent_Medium_value_payments,Poor,1
31,19914.66,1333.03,4,6,1,4,1,3,Bad,1562.63,32.58,125,Yes,111.54,504.36,High_spent_Large_value_payments,Poor,1
35,20882.92,1358.92,2,3,3,8,5,1,Good,6964.26,50.18,92,Yes,166.73,569.82,Low_spent_Small_value_payments,Poor,1
68,20480.51,1419.2,7,6,0,11,2,2,Standard,1801.15,40.74,343,No,164.71,822.34,Low_spent_Large_value_payments,Standard,1
26,49559.61,3157.4,5,3,1,12,3,5,Good,12744.16,37.19,25,Yes,964.3,688.96,High_spent_Large_value_payments,Poor,1
56,26803.47,1685.64,3,4,1,5,2,4,Standard,2075.53,36.64,223,Yes,165.62,627.1,Low_spent_Medium_value_payments,Poor,1
45,32607.29,2304.34,5,3,1,1,1,1,Standard,14059.02,6.35,209,Yes,1219.92,50.0,High_spent_Large_value_payments,Standard,0
20,62102.38,4339.13,5,3,1,0,1,6,Good,6153.51,5.74,20,Yes,571.13,1504.18,High_spent_Small_value_payments,Good,0
37,22930.12,1383.01,3,5,2,1,0,3,Standard,2786.33,29.8,97,No,106.26,804.65,High_spent_Large_value_payments,Standard,0
23,30985.43,2117.84,6,3,1,0,2,1,Standard,4067.3,14.07,48,Yes,383.67,970.61,High_spent_Small_value_payments,Standard,0
44,45227.29,2767.7,3,7,2,1,2,1,Good,3866.74,26.91,236,No,163.42,1008.95,Low_spent_Small_value_payments,Good,0
19,15000.0,904.47,3,9,6,13,6,3,Good,4156.58,5.34,6,Yes,62.53,456.93,High_spent_Small_value_payments,Poor,1
46,15000.0,944.48,4,6,2,3,1,2,Good,1075.33,45.23,91,No,48.27,570.25,High_spent_Medium_value_payments,Standard,1
55,44697.39,2812.27,5,5,2,2,6,2,Standard,8930.03,28.29,363,Yes,430.76,1504.2,High_spent_Medium_value_payments,Standard,1
20,48786.48,3360.22,3,1,2,1,4,3,Standard,9149.83,30.15,6,Yes,430.24,1904.77,Low_spent_Large_value_payments,Poor,1
33,125308.26,8483.23,4,5,0,3,3,4,Standard,33881.98,31.19,161,Yes,3246.51,1031.62,Low_spent_Large_value_payments,Poor,1
47,39928.95,2820.35,6,6,4,22,5,2,Standard,3958.43,19.07,219,Yes,88.19,1745.22,High_spent_Small_value_payments,Poor,1
57,59387.78,4021.03,5,8,3,1,2,6,Standard,17755.86,32.8,316,Yes,418.55,1306.4,High_spent_Medium_value_payments,Standard,1
19,32296.57,2084.13,3,11,1,1,1,2,Bad,18354.07,34.9,6,No,1318.93,50.0,High_spent_Large_value_payments,Poor,1
34,43405.28,2932.97,5,7,1,7,1,6,Good,6648.34,11.88,77,No,625.58,834.5,Low_spent_Large_value_payments,Good,1
58,98750.73,6994.26,3,4,3,13,5,2,Standard,56108.65,8.08,260,Yes,1637.77,2930.08,High_spent_Large_value_payments,Poor,1
29,15000.0,1015.4,4,7,1,3,1,2,Standard,5295.57,42.12,102,Yes,358.51,322.09,Low_spent_Large_value_payments,Poor,0
52,46544.76,3176.75,3,4,3,7,2,4,Good,4915.68,24.34,251,No,117.96,2090.55,Low_spent_Large_value_payments,Good,0
60,130790.49,9177.0,3,4,1,0,1,3,Bad,27008.63,39.94,125,Yes,2590.5,2202.34,High_spent_Large_value_payments,Poor,1
18,43011.4,2633.64,5,3,5,5,2,6,Standard,19509.53,2.95,6,Yes,333.47,1415.35,Low_spent_Medium_value_payments,Poor,1
62,97767.14,6612.5,1,5,2,0,3,4,Good,31456.13,26.35,128,Yes,1108.08,3491.39,Low_spent_Large_value_payments,Good,1
32,24896.26,1723.25,2,9,3,22,6,2,Good,3768.73,26.07,40,Yes,86.07,621.76,Low_spent_Small_value_payments,Poor,1
43,35623.88,2505.75,7,6,5,4,3,7,Bad,17186.06,24.54,190,No,343.66,686.16,Low_spent_Medium_value_payments,Poor,1
54,37053.38,2307.89,4,3,1,0,2,3,Good,6000.1,19.15,107,Yes,459.1,790.97,High_spent_Small_value_payments,Good,0
38,15000.0,981.89,5,3,2,9,2,0,Standard,1274.58,19.18,163,Yes,56.51,620.22,High_spent_Small_value_payments,Standard,1
66,18017.4,1213.88,7,6,1,6,3,5,Standard,2628.91,18.07,412,Yes,204.07,395.38,High_spent_Large_value_payments,Standard,1
48,18804.94,1178.71,5,5,1,2,3,0,Bad,4312.18,30.99,98,Yes,397.03,340.25,Low_spent_Small_value_payments,Poor,1
42,59470.74,3955.11,4,4,2,0,1,3,Standard,4599.52,32.01,165,Yes,222.99,2439.83,High_spent_Small_value_payments,Standard,0
40,61285.09,3848.12,3,6,2,5,1,2,Standard,12450.5,19.99,229,No,513.45,1707.27,High_spent_Large_value_payments,Good,0
41,44109.12,2805.89,7,5,1,5,3,1,Bad,4447.8,2.82,113,Yes,430.91,906.89,Low_spent_Small_value_payments,Poor,0
55,59543.46,3857.41,9,4,1,1,4,2,Standard,6698.19,28.89,174,Yes,512.58,1756.97,High_spent_Large_value_payments,Standard,0
45,32909.29,2163.22,6,7,0,5,4,2,Standard,9641.2,7.66,165,Yes,861.16,519.71,Low_spent_Medium_value_payments,Standard,0
38,74694.3,4845.28,3,6,0,0,1,5,Bad,20860.26,17.66,185,Yes,1503.23,452.92,High_spent_Small_value_payments,Poor,1
60,36507.5,2385.51,2,3,1,12,3,0,Standard,614.52,23.42,333,Yes,46.17,1385.27,Low_spent_Medium_value_payments,Standard,0
35,37598.46,2377.53,7,6,4,2,0,2,Standard,15485.18,10.0,104,Yes,363.8,860.65,High_spent_Small_value_payments,Standard,1
53,30965.98,1911.29,4,4,2,0,2,2,Standard,8739.93,7.6,276,No,427.74,721.43,Low_spent_Large_value_payments,Good,1
52,54757.54,3313.54,2,4,2,10,2,1,Standard,7337.93,24.48,278,Yes,332.87,1191.98,Low_spent_Medium_value_payments,Standard,1
62,28205.74,1752.23,3,5,1,2,1,4,Standard,17345.74,9.56,108,Yes,1226.56,50.0,Low_spent_Medium_value_payments,Poor,1
26,65242.01,4325.83,2,10,1,5,4,5,Standard,4042.11,20.41,53,Yes,272.77,1526.48,Low_spent_Small_value_payments,Poor,0
55,18411.13,1261.46,6,1,0,4,2,4,Good,1729.43,56.54,120,Yes,120.09,527.32,Low_spent_Large_value_payments,Poor,1
47,18781.92,1161.35,4,3,2,0,0,4,Standard,6459.02,40.62,125,Yes,250.57,408.33,High_spent_Medium_value_payments,Poor,0
61,54855.41,3355.84,3,5,2,2,1,3,Good,21063.75,15.92,410,Yes,818.91,1342.72,Low_spent_Medium_value_payments,Good,0
51,34436.54,2345.72,5,8,2,8,3,1,Bad,4167.29,32.68,268,Yes,141.89,932.28,Low_spent_Small_value_payments,Poor,1
49,27657.86,1750.91,6,5,2,1,2,3,Good,7316.85,23.67,198,Yes,364.19,482.76,High_spent_Medium_value_payments,Good,0
20,61947.01,4355.36,4,3,0,3,1,3,Good,9824.71,28.52,12,Yes,835.48,1333.37,Low_spent_Medium_value_payments,Standard,0
20,25226.32,1708.79,3,5,0,3,0,8,Standard,7441.77,43.5,9,Yes,508.74,403.23,Low_spent_Medium_value_payments,Poor,1
45,32205.07,2046.31,7,6,2,10,4,4,Standard,16778.45,32.02,160,No,748.24,193.95,Low_spent_Large_value_payments,Poor,1
61,84081.07,5308.6,1,3,3,4,1,2,Bad,11933.7,22.36,159,Yes,380.09,2016.56,High_spent_Large_value_payments,Standard,0
32,91444.31,6005.46,3,6,3,10,3,1,Good,4452.98,32.25,99,No,111.68,2968.16,High_spent_Medium_value_payments,Good,0
58,93287.27,5677.22,7,5,1,10,2,3,Standard,22395.58,12.15,249,Yes,2090.08,575.83,Low_spent_Large_value_payments,Standard,1
40,30660.32,1878.71,4,4,2,2,2,1,Standard,3381.14,34.0,209,Yes,162.64,906.95,High_spent_Small_value_payments,Standard,0
57,75994.92,4704.48,5,4,1,0,1,2,Good,21028.08,21.03,180,No,1498.02,594.1,High_spent_Medium_value_payments,Good,0
28,20550.25,1405.49,2,7,4,11,5,2,Bad,1305.27,7.6,107,Yes,26.26,712.6,High_spent_Medium_value_payments,Poor,1
65,21075.33,1381.84,5,4,3,0,2,2,Standard,8226.31,41.88,477,Yes,191.24,654.29,High_spent_Medium_value_payments,Good,0
49,15000.0,901.72,3,6,5,3,0,2,Bad,3052.73,23.84,218,No,41.14,564.2,High_spent_Medium_value_payments,Standard,1
53,99083.77,6667.98,2,4,3,0,1,3,Standard,25239.01,2.1,278,Yes,775.19,1997.26,High_spent_Large_value_payments,Good,0
50,21625.15,1396.77,3,7,1,16,8,1,Standard,3873.37,15.15,334,Yes,268.79,320.28,Low_spent_Small_value_payments,Poor,1
41,33660.5,2205.92,4,6,2,0,1,6,Standard,9535.77,36.15,115,Yes,405.25,876.16,High_spent_Large_value_payments,Poor,1
56,21032.11,1310.71,4,5,0,1,2,4,Standard,8073.29,12.24,102,No,669.46,50.0,High_spent_Small_value_payments,Standard,0
51,55110.7,3636.07,4,8,1,20,5,1,Standard,23179.49,51.86,153,No,1920.38,454.45,High_spent_Large_value_payments,Poor,1
45,28987.49,2046.73,5,5,2,0,0,2,Standard,12541.9,39.69,83,Yes,604.75,819.25,High_spent_Large_value_payments,Poor,1
54,16599.2,1009.16,4,4,4,6,2,2,Good,1988.1,18.05,323,Yes,42.83,363.22,Low_spent_Large_value_payments,Good,1
24,47334.63,2985.67,5,5,5,5,3,3,Standard,10146.54,34.44,28,Yes,200.04,1026.33,High_spent_Medium_value_payments,Poor,1
21,15363.69,962.27,4,5,1,0,1,3,Good,10232.71,39.83,10,No,673.59,50.0,High_spent_Large_value_payments,Standard,1
54,21972.71,1377.53,2,6,1,10,4,3,Good,7010.1,50.64,382,No,579.09,159.84,High_spent_Small_value_payments,Standard,0
18,15000.0,961.54,2,5,1,0,1,1,Standard,2842.04,41.34,6,Yes,201.44,438.32,High_spent_Small_value_payments,Poor,1
18,15454.03,1064.21,2,9,5,6,3,3,Good,2533.27,25.34,6,No,43.7,581.69,Low_spent_Medium_value_payments,Standard,0
64,40421.52,2825.03,5,5,2,2,2,3,Bad,17558.89,19.58,365,Yes,787.77,586.55,High_spent_Small_value_payments,Poor,1
37,15000.0,932.86,4,8,3,0,1,3,Good,2862.27,14.61,131,No,93.88,524.7,Low_spent_Small_value_payments,Good,0
36,15000.0,988.23,8,8,0,3,1,2,Standard,2652.51,24.66,140,Yes,203.43,327.09,High_spent_Small_value_payments,Standard,1
46,36263.92,2426.05,8,10,1,5,2,4,Standard,13268.41,19.7,288,No,1325.98,50.0,Low_spent_Large_value_payments,Standard,1
27,26208.42,1720.66,5,7,2,0,1,3,Good,5467.55,32.54,28,Yes,187.9,610.6,High_spent_Small_value_payments,Standard,1
35,119997.0,7764.11,5,7,2,11,4,2,Standard,44183.47,30.65,135,No,1630.65,3355.16,High_spent_Medium_value_payments,Standard,1
45,109134.67,6775.05,4,9,4,1,0,2,Good,40769.42,24.05,167,Yes,1010.32,3080.28,Low_spent_Large_value_payments,Good,1
52,21574.05,1408.55,11,6,0,1,3,5,Good,3149.35,28.55,322,No,253.35,430.57,Low_spent_Small_value_payments,Good,0
60,50730.5,3264.33,4,4,2,9,4,0,Bad,18298.2,60.57,256,Yes,910.84,1066.83,High_spent_Medium_value_payments,Poor,1
64,56929.53,3906.42,5,7,1,2,2,3,Standard,6659.41,25.99,269,Yes,663.48,1516.86,High_spent_Medium_value_payments,Standard,0
48,25374.82,1732.4,3,3,3,9,4,2,Good,1708.04,53.4,306,Yes,43.61,984.7,Low_spent_Large_value_payments,Standard,0
44,15000.0,921.77,6,4,1,1,0,7,Standard,3363.39,55.0,236,No,277.34,230.14,Low_spent_Medium_value_payments,Poor,0
28,36048.51,2197.48,3,8,1,4,2,4,Standard,841.16,16.23,42,Yes,61.91,1328.62,High_spent_Small_value_payments,Standard,1
66,32738.03,2286.37,4,7,1,18,6,5,Bad,6182.24,5.86,304,Yes,582.03,431.54,Low_spent_Small_value_payments,Poor,1
66,27960.31,1839.83,3,3,0,2,0,7,Standard,12036.75,40.8,401,Yes,858.22,50.0,Low_spent_Small_value_payments,Poor,1
55,47353.22,3281.24,4,2,1,3,2,2,Standard,8323.72,43.79,162,No,600.67,1355.43,Low_spent_Medium_value_payments,Standard,0
22,23145.65,1403.32,5,2,2,8,3,4,Standard,9550.22,55.87,33,Yes,446.57,487.14,Low_spent_Large_value_payments,Poor,1
25,18193.17,1195.36,3,4,2,5,2,5,Standard,7967.99,21.44,64,Yes,369.13,265.45,Low_spent_Small_value_payments,Poor,1
51,38771.85,2552.89,6,4,1,7,1,2,Good,7705.72,57.89,298,No,717.06,572.31,Low_spent_Small_value_payments,Standard,1
65,45779.06,3173.6,4,2,4,2,0,2,Standard,4216.31,32.04,147,No,77.58,2059.46,High_spent_Large_value_payments,Good,0
69,17926.1,1094.52,4,4,1,2,1,7,Standard,3208.1,44.94,271,Yes,290.33,396.57,High_spent_Large_value_payments,Poor,1
29,63376.88,3967.7,5,6,0,0,2,0,Bad,7764.22,44.51,117,No,620.44,1103.85,Low_spent_Small_value_payments,Poor,1
55,15000.0,966.06,5,4,1,8,4,2,Standard,825.72,20.6,320,No,73.05,351.31,High_spent_Large_value_payments,Standard,0
18,25671.38,1781.08,5,5,1,4,4,3,Bad,2272.74,43.17,6,Yes,166.87,978.19,High_spent_Medium_value_payments,Poor,1
48,31107.21,2182.83,1,4,5,4,2,2,Standard,9245.75,21.01,245,Yes,179.88,1332.39,Low_spent_Medium_value_payments,Standard,1
21,24791.74,1754.13,3,5,1,2,2,2,Standard,5953.59,22.61,29,No,514.62,699.08,High_spent_Medium_value_payments,Standard,0
66,25873.22,1821.25,7,8,3,11,4,5,Good,4249.69,29.85,406,Yes,130.25,607.2,Low_spent_Medium_value_payments,Standard,0
62,111596.47,6702.97,3,4,1,6,5,8,Standard,20708.54,11.47,319,No,1682.61,1550.76,Low_spent_Small_value_payments,Good,0
67,21795.73,1319.01,5,2,1,0,2,0,Standard,7488.45,61.12,378,Yes,711.82,153.86,High_spent_Large_value_payments,Standard,0
22,157114.96,9678.14,4,4,2,7,5,0,Standard,20791.56,25.56,25,Yes,826.6,5940.4,Low_spent_Small_value_payments,Good,0
47,47205.99,3010.77,5,4,0,0,0,2,Standard,6524.52,18.02,102,Yes,498.58,1020.89,Low_spent_Small_value_payments,Standard,1
41,38377.75,2647.71,4,3,3,2,0,6,Standard,13182.75,41.86,98,Yes,436.84,711.76,High_spent_Large_value_payments,Poor,0
20,48326.93,3366.96,3,5,1,3,0,3,Standard,13912.09,20.97,6,No,1154.2,1130.04,High_spent_Small_value_payments,Standard,0
28,165703.72,10277.61,3,4,0,5,2,3,Standard,43244.64,9.17,89,No,3388.9,1384.79,Low_spent_Medium_value_payments,Standard,0
62,20007.13,1334.74,2,7,2,5,1,2,Bad,7989.54,7.55,272,Yes,340.98,460.86,High_spent_Medium_value_payments,Poor,1
21,18541.18,1296.73,4,5,0,3,1,3,Good,2593.06,45.31,16,Yes,244.09,550.17,High_spent_Small_value_payments,Poor,1
43,23088.28,1501.29,2,5,4,1,0,6,Bad,4799.86,17.18,113,Yes,100.66,923.0,High_spent_Medium_value_payments,Poor,1
44,37022.68,2262.89,7,4,3,4,3,2,Good,1118.12,65.03,91,Yes,31.33,1324.66,High_spent_Small_value_payments,Poor,0
63,15000.0,974.39,2,5,0,5,4,6,Standard,7011.94,34.41,268,No,590.14,50.0,Low_spent_Small_value_payments,Poor,1
60,36805.54,2358.17,1,4,2,1,0,2,Standard,12828.85,44.68,211,No,532.18,434.98,High_spent_Large_value_payments,Standard,0
44,100320.79,6647.05,5,9,1,4,1,3,Standard,29075.67,22.32,105,Yes,2614.79,1127.72,Low_spent_Large_value_payments,Poor,0
59,39769.06,2575.13,2,8,0,3,0,4,Good,13496.23,37.11,181,No,1274.96,50.0,High_spent_Medium_value_payments,Standard,0
68,30466.67,1833.73,5,5,4,0,0,4,Bad,12963.81,17.23,486,No,283.23,475.82,Low_spent_Large_value_payments,Good,0
67,25061.89,1773.59,2,3,4,9,2,3,Good,7344.02,52.31,255,Yes,142.03,688.74,Low_spent_Large_value_payments,Standard,0
23,62262.03,4102.34,4,4,0,12,4,1,Bad,12125.47,50.85,48,Yes,1133.96,1020.47,High_spent_Large_value_payments,Poor,1
32,22125.82,1441.08,4,3,3,4,4,4,Good,5359.68,8.34,137,No,125.24,689.48,High_spent_Small_value_payments,Good,1
47,109956.22,7734.51,3,8,3,8,3,1,Standard,34622.82,36.9,217,Yes,915.95,3716.12,High_spent_Medium_value_payments,Standard,0
59,115845.87,7146.36,5,2,2,4,2,3,Good,25333.0,49.39,403,Yes,1192.78,3367.03,Low_spent_Small_value_payments,Good,0
54,42363.84,2628.68,6,2,4,3,2,1,Standard,5534.09,25.06,365,Yes,125.29,964.53,Low_spent_Small_value_payments,Good,0
54,36065.46,2479.63,2,3,4,5,4,2,Good,10445.57,45.71,154,Yes,258.37,1156.53,Low_spent_Small_value_payments,Standard,1
59,67399.7,4234.43,4,5,3,4,2,0,Standard,14950.44,1.5,389,Yes,395.54,1318.34,High_spent_Medium_value_payments,Good,0
54,70044.01,4809.1,7,3,1,6,2,4,Standard,5662.24,34.02,378,No,497.79,1744.24,Low_spent_Small_value_payments,Good,0
52,22390.79,1409.31,2,4,2,4,1,4,Standard,10648.29,13.8,230,Yes,495.74,140.92,Low_spent_Medium_value_payments,Standard,1
40,26477.93,1598.2,4,7,3,18,6,5,Good,5104.17,7.35,215,Yes,142.28,542.04,High_spent_Small_value_payments,Standard,1
23,16425.52,1077.53,2,5,2,4,3,6,Bad,759.29,34.97,37,Yes,29.05,435.46,Low_spent_Medium_value_payments,Poor,1
21,46417.83,2883.98,4,14,0,2,0,4,Bad,7439.12,45.17,28,Yes,525.03,696.41,High_spent_Large_value_payments,Poor,1
35,54175.1,3695.28,5,7,4,0,2,4,Standard,29176.31,63.69,72,Yes,540.27,1219.72,Low_spent_Medium_value_payments,Poor,1
26,16155.97,1081.58,5,4,1,7,1,2,Standard,4386.55,34.88,33,Yes,300.51,175.24,Low_spent_Medium_value_payments,Poor,1
66,27636.17,1934.69,4,6,1,0,1,3,Standard,5956.09,47.27,446,Yes,450.05,467.23,Low_spent_Small_value_payments,Standard,0
46,16181.88,1108.17,4,6,1,4,3,4,Bad,7080.88,21.77,240,Yes,500.13,218.32,High_spent_Large_value_payments,Poor,0
30,21178.04,1312.16,4,6,1,0,4,6,Bad,9644.14,58.29,118,No,653.69,50.0,Low_spent_Small_value_payments,Poor,1
64,50544.54,3470.81,2,6,1,6,2,2,Bad,31367.62,7.06,120,Yes,2429.57,50.0,Low_spent_Small_value_payments,Poor,1
69,23386.42,1565.77,3,6,1,1,1,3,Standard,2912.37,35.96,388,Yes,240.77,851.54,High_spent_Medium_value_payments,Standard,0
34,30318.23,2038.81,5,8,1,2,0,3,Good,12381.7,25.95,97,Yes,1067.9,274.26,High_spent_Small_value_payments,Standard,0
62,15000.0,1035.24,3,7,1,6,2,2,Bad,4379.09,53.83,230,No,411.69,84.23,Low_spent_Large_value_payments,Poor,1
49,40627.24,2690.19,6,7,1,4,4,1,Good,2743.91,46.73,297,No,188.18,1563.7,Low_spent_Medium_value_payments,Good,0
65,35363.52,2300.34,1,2,2,1,1,2,Good,7395.93,15.72,239,No,259.77,1307.54,Low_spent_Small_value_payments,Good,0
39,23449.97,1568.73,4,8,0,2,2,3,Bad,1358.46,11.33,117,No,108.79,947.76,Low_spent_Small_value_payments,Standard,1
21,32421.97,2049.97,3,6,0,2,1,1,Standard,12282.7,51.88,13,Yes,1066.56,50.0,Low_spent_Large_value_payments,Poor,1
22,40464.36,2507.91,6,6,6,2,1,5,Standard,4946.23,34.25,42,Yes,60.79,1245.34,Low_spent_Large_value_payments,Poor,0
54,22271.86,1485.08,7,4,2,4,4,2,Good,5333.04,6.73,277,No,196.46,467.37,Low_spent_Medium_value_payments,Good,0
58,15000.0,938.0,4,3,3,2,3,2,Good,5269.88,15.42,339,No,118.99,450.27,Low_spent_Small_value_payments,Good,0
66,107295.79,6530.64,2,5,1,4,1,2,Standard,26495.66,37.28,511,Yes,2279.06,830.23,Low_spent_Medium_value_payments,Good,1
30,24835.67,1490.29,5,4,2,1,2,3,Standard,9636.51,23.52,84,No,411.61,540.48,Low_spent_Medium_value_payments,Standard,1
51,34267.2,2281.86,2,3,3,39,13,3,Bad,4770.48,12.85,210,Yes,133.09,1141.4,High_spent_Large_value_payments,Poor,1
62,66602.93,4257.48,5,6,4,7,3,5,Bad,5906.53,7.26,280,Yes,144.55,2097.6,Low_spent_Small_value_payments,Standard,0
39,300000.0,20445.01,2,4,0,2,1,2,Bad,35617.96,16.04,177,No,2945.62,10544.88,High_spent_Medium_value_payments,Good,0
40,17211.07,1102.62,5,9,2,17,8,5,Standard,2101.19,51.76,220,Yes,98.2,405.2,High_spent_Large_value_payments,Poor,1
68,47567.09,3104.47,2,7,2,6,3,5,Good,12604.7,38.04,445,Yes,498.71,752.57,High_spent_Medium_value_payments,Good,0
20,23753.11,1529.94,6,6,4,3,2,1,Good,7152.21,48.53,13,Yes,164.79,491.49,Low_spent_Small_value_payments,Poor,1
59,26284.27,1762.3,3,10,3,1,1,0,Standard,4323.73,23.61,189,Yes,135.6,719.01,High_spent_Medium_value_payments,Standard,0
51,23573.37,1505.35,6,6,0,4,3,4,Good,3344.52,45.15,311,Yes,227.6,766.81,Low_spent_Large_value_payments,Standard,0
49,18483.01,1301.96,3,6,0,2,2,1,Standard,4809.7,12.67,290,Yes,339.91,213.83,Low_spent_Medium_value_payments,Good,0
62,35426.85,2484.9,4,2,1,0,0,5,Standard,12397.01,24.03,187,Yes,1191.95,517.92,Low_spent_Medium_value_payments,Standard,0
68,15000.0,1037.8,3,5,0,2,1,3,Good,4430.9,47.04,408,No,366.45,222.65,High_spent_Large_value_payments,Good,0
66,64092.62,4484.56,2,3,3,0,2,1,Standard,18355.69,19.78,338,Yes,560.4,2293.11,Low_spent_Large_value_payments,Good,0
38,37533.97,2434.67,8,4,1,3,1,5,Standard,6906.94,39.55,84,No,601.89,400.46,Low_spent_Medium_value_payments,Poor,1
63,46791.69,3079.42,5,4,4,0,1,3,Bad,8623.3,28.12,218,No,185.88,1502.72,Low_spent_Small_value_payments,Standard,0
61,27454.54,1867.99,4,5,3,0,0,2,Standard,15301.87,6.08,366,Yes,360.09,792.13,Low_spent_Medium_value_payments,Good,0
38,29134.48,1967.79,7,8,4,13,5,1,Standard,10928.34,23.69,207,Yes,184.3,1133.91,Low_spent_Medium_value_payments,Poor,1
61,43154.34,3005.66,2,6,1,4,3,4,Standard,3480.86,14.59,337,Yes,301.92,1451.69,Low_spent_Small_value_payments,Good,0
28,18062.07,1223.89,4,2,5,11,4,1,Standard,1873.12,16.37,105,Yes,37.25,580.1,High_spent_Medium_value_payments,Poor,0
56,29295.98,2074.46,6,6,2,0,0,5,Good,7940.65,48.02,265,Yes,348.09,637.02,High_spent_Small_value_payments,Standard,1
21,21681.87,1382.77,4,8,1,21,5,2,Standard,5137.56,20.9,28,Yes,468.6,124.63,Low_spent_Large_value_payments,Poor,1
68,21282.89,1469.03,4,4,3,7,6,2,Standard,3291.88,8.59,529,Yes,75.26,529.63,Low_spent_Small_value_payments,Good,0
18,15000.0,1013.37,2,4,3,8,3,3,Bad,381.79,31.8,6,Yes,12.33,648.0,Low_spent_Large_value_payments,Poor,1
45,81112.79,5474.3,5,6,2,12,5,3,Good,39086.89,2.55,74,Yes,1722.13,1775.42,Low_spent_Medium_value_payments,Standard,1
41,24054.49,1528.18,5,3,4,14,6,4,Bad,4109.12,30.62,103,Yes,93.45,569.91,High_spent_Small_value_payments,Poor,1
52,72986.2,5000.33,6,4,3,6,2,1,Bad,22660.39,52.76,162,Yes,722.56,1859.38,Low_spent_Small_value_payments,Poor,1
30,68959.55,4810.21,3,3,1,4,1,2,Bad,9520.21,43.78,84,Yes,845.44,2006.79,High_spent_Medium_value_payments,Poor,1
64,16787.67,1047.01,3,5,3,0,2,0,Standard,3897.7,32.06,303,Yes,92.34,553.61,Low_spent_Small_value_payments,Standard,0
51,18900.68,1262.12,3,4,1,0,2,2,Good,3881.06,26.45,310,No,332.38,477.14,Low_spent_Medium_value_payments,Good,0
28,168771.63,10843.26,4,5,1,1,3,6,Bad,47403.45,18.66,70,Yes,3439.15,1954.36,High_spent_Large_value_payments,Poor,0
53,103834.71,7343.2,4,3,1,2,1,1,Standard,24398.02,29.24,165,No,2288.45,2327.54,Low_spent_Large_value_payments,Good,0
68,35635.19,2322.96,3,4,2,22,7,3,Standard,3781.81,12.97,212,No,149.08,959.64,Low_spent_Medium_value_payments,Poor,0
34,42379.66,2647.6,3,1,1,5,1,6,Good,16696.68,2.18,77,No,1170.45,368.5,Low_spent_Small_value_payments,Good,0
52,24871.86,1595.2,3,4,0,5,2,2,Standard,2272.85,19.67,121,No,187.12,469.33,High_spent_Large_value_payments,Standard,1
35,47070.96,3157.67,6,6,2,3,1,4,Standard,14932.91,17.77,127,Yes,619.39,1149.84,Low_spent_Small_value_payments,Standard,0
57,23616.26,1436.44,3,4,1,0,1,6,Good,14029.77,14.72,172,Yes,1005.51,50.0,Low_spent_Large_value_payments,Standard,1
39,15000.0,998.09,4,6,2,3,2,3,Good,3927.42,1.46,203,Yes,136.68,469.02,Low_spent_Large_value_payments,Good,0
41,16433.32,1151.78,5,7,1,1,0,2,Standard,5211.47,32.97,241,Yes,390.14,338.59,High_spent_Medium_value_payments,Standard,0
36,36778.02,2545.49,3,8,3,4,1,4,Bad,17711.22,23.32,102,Yes,554.4,570.87,Low_spent_Small_value_payments,Poor,1
54,18423.08,1118.89,2,4,1,1,2,3,Bad,5829.58,53.47,367,Yes,440.01,263.5,High_spent_Small_value_payments,Poor,0
56,34878.77,2468.08,6,9,0,3,2,3,Good,13357.86,59.06,368,Yes,1302.89,291.31,Low_spent_Small_value_payments,Standard,0
38,19057.26,1287.69,5,2,4,4,2,1,Bad,5153.96,35.07,134,Yes,100.83,657.37,Low_spent_Medium_value_payments,Poor,1
25,22710.61,1402.56,5,4,3,3,0,1,Good,12830.93,26.12,27,No,403.73,443.46,High_spent_Medium_value_payments,Standard,1
45,60590.85,3643.6,4,3,2,0,1,4,Standard,31396.01,24.72,196,Yes,1390.26,569.16,Low_spent_Medium_value_payments,Poor,1
22,42128.86,2605.9,4,4,3,0,2,2,Good,12480.95,21.44,35,Yes,314.48,1218.02,Low_spent_Large_value_payments,Standard,0
34,36105.53,2494.18,7,5,3,4,2,4,Standard,8934.67,27.58,55,Yes,249.3,1015.0,Low_spent_Medium_value_payments,Poor,1
54,61536.05,3706.59,2,3,2,1,4,1,Bad,13316.81,27.58,369,Yes,528.26,1083.59,High_spent_Large_value_payments,Standard,0
53,48453.76,3029.61,6,5,3,1,3,1,Bad,15095.23,29.84,306,No,488.35,1325.54,High_spent_Small_value_payments,Standard,1
36,86503.31,5899.88,6,6,2,5,4,1,Good,26969.05,17.69,169,Yes,1323.52,2601.78,High_spent_Small_value_payments,Good,1
44,27559.0,1828.53,6,5,2,2,1,4,Bad,4651.16,12.21,186,No,232.34,960.86,Low_spent_Small_value_payments,Standard,0
51,28063.33,1921.77,7,8,1,6,2,3,Standard,8906.76,14.18,146,No,854.27,485.45,Low_spent_Large_value_payments,Standard,0
28,16636.17,1132.65,3,5,2,0,2,2,Good,3295.84,33.07,26,Yes,160.6,597.04,Low_spent_Medium_value_payments,Standard,0
62,28074.35,1699.85,4,4,1,7,3,3,Standard,9814.59,14.08,278,Yes,862.8,50.0,High_spent_Large_value_payments,Standard,1
64,64787.11,4513.64,7,4,3,4,3,2,Good,19437.16,7.35,141,No,536.11,1427.29,Low_spent_Small_value_payments,Good,0
29,79220.66,4948.08,2,1,2,3,3,3,Bad,3841.39,29.21,43,Yes,167.21,2378.34,High_spent_Large_value_payments,Poor,1
38,64613.79,4264.19,3,4,0,8,5,1,Standard,26899.65,21.31,127,Yes,2550.62,50.0,High_spent_Medium_value_payments,Poor,0
28,15000.0,1004.7,5,5,4,14,6,1,Bad,1949.7,44.61,67,Yes,44.7,492.97,High_spent_Medium_value_payments,Poor,1
56,69555.98,4300.42,2,5,2,5,1,5,Good,21128.85,13.66,252,Yes,733.08,1112.35,Low_spent_Medium_value_payments,Good,0
45,15000.0,1058.64,3,7,1,0,2,3,Bad,4507.85,50.16,183,Yes,382.74,210.78,Low_spent_Large_value_payments,Poor,1
22,62247.3,4064.02,4,5,1,4,2,0,Standard,16927.65,9.26,19,Yes,1354.26,1094.09,Low_spent_Small_value_payments,Standard,0
34,29124.33,1765.65,1,5,1,0,0,2,Good,9013.09,8.83,121,Yes,684.07,512.7,Low_spent_Medium_value_payments,Good,0
37,55354.87,3883.35,4,6,0,1,1,3,Good,23654.6,24.94,103,No,1860.6,61.54,Low_spent_Large_value_payments,Standard,0
58,16326.27,1083.27,3,3,1,6,2,2,Standard,5232.92,45.67,256,No,409.33,67.82,High_spent_Medium_value_payments,Standard,1
63,73328.2,4955.12,1,7,5,10,2,1,Bad,13039.22,32.48,223,Yes,189.04,2531.0,Low_spent_Large_value_payments,Poor,0
29,15078.35,990.49,3,4,1,2,2,3,Standard,4580.59,25.45,37,Yes,383.79,50.0,High_spent_Small_value_payments,Poor,1
23,24316.9,1678.91,4,4,1,1,0,4,Good,4868.06,28.3,17,Yes,483.47,481.6,High_spent_Large_value_payments,Standard,0
34,19953.17,1204.35,1,4,1,0,1,7,Good,7453.85,49.33,144,Yes,566.54,133.29,High_spent_Small_value_payments,Poor,1
68,15000.0,943.61,3,8,2,3,2,3,Standard,1314.12,23.55,379,Yes,48.37,593.32,Low_spent_Small_value_payments,Good,0
36,38434.72,2501.63,4,7,1,2,0,4,Standard,23396.85,27.1,46,Yes,1751.14,50.0,High_spent_Small_value_payments,Poor,1
43,107328.93,6528.81,2,6,2,3,1,1,Good,14481.81,60.71,233,Yes,542.2,3413.95,High_spent_Medium_value_payments,Good,0
65,179897.61,12169.59,7,5,2,1,4,3,Good,88604.73,25.68,113,No,4013.67,3011.66,High_spent_Small_value_payments,Standard,1
61,38495.38,2473.89,4,6,2,3,1,4,Standard,10666.47,21.02,152,No,466.0,1212.86,Low_spent_Large_value_payments,Standard,0
61,70969.73,4467.82,2,5,3,2,2,6,Standard,26073.98,48.9,133,Yes,846.66,1640.27,High_spent_Small_value_payments,Poor,1
69,41741.74,2506.03,3,5,3,20,7,4,Standard,6523.02,46.07,281,No,162.39,915.61,High_spent_Large_value_payments,Poor,1
49,48987.96,3321.29,5,4,6,1,5,2,Standard,22833.1,29.14,116,Yes,362.46,1663.63,Low_spent_Small_value_payments,Poor,0
23,29575.77,2041.7,2,4,2,0,1,4,Good,6029.22,28.29,24,Yes,272.51,726.98,High_spent_Large_value_payments,Standard,1
53,40824.85,2624.21,6,4,2,8,4,1,Good,6605.68,26.96,139,Yes,268.72,1157.91,High_spent_Small_value_payments,Standard,1
55,50135.63,3314.58,6,5,2,7,2,4,Standard,13428.94,39.13,337,No,513.37,1798.97,Low_spent_Large_value_payments,Standard,0
28,25666.04,1603.27,2,8,0,8,5,4,Good,9433.05,64.71,34,Yes,704.68,335.55,High_spent_Medium_value_payments,Poor,1
50,34665.61,2313.6,3,3,1,3,3,1,Good,8789.3,8.44,102,Yes,715.3,863.15,High_spent_Small_value_payments,Good,0
41,35064.41,2108.48,3,5,4,1,0,4,Good,11887.93,34.58,105,Yes,232.08,1208.56,Low_spent_Small_value_payments,Standard,0
40,59625.7,3893.18,5,7,0,11,2,3,Good,8876.49,1.23,115,No,771.8,1855.2,Low_spent_Medium_value_payments,Good,0
32,19156.18,1283.06,3,5,0,7,2,2,Good,7848.42,38.71,76,No,628.83,224.21,Low_spent_Large_value_payments,Standard,1
44,35209.62,2462.81,3,6,1,6,2,4,Bad,9099.09,21.81,68,Yes,676.24,929.85,High_spent_Medium_value_payments,Poor,1
28,114371.05,7334.75,4,3,3,0,1,4,Standard,56349.77,71.53,57,Yes,1752.08,2279.59,High_spent_Small_value_payments,Poor,1
68,73016.16,4986.24,7,5,1,3,1,4,Good,14809.49,12.2,231,Yes,1205.6,1237.95,High_spent_Small_value_payments,Good,0
67,81593.71,5423.94,3,7,1,2,1,1,Good,10248.37,43.89,345,No,859.71,2547.5,High_spent_Medium_value_payments,Good,0
34,36851.78,2581.2,4,6,3,2,0,1,Good,9388.6,40.56,67,Yes,279.36,1208.87,High_spent_Medium_value_payments,Standard,0
68,44028.77,2831.74,4,3,0,0,2,4,Standard,9431.5,41.18,439,Yes,701.15,548.75,High_spent_Medium_value_payments,Standard,0
31,66260.0,4204.65,4,7,3,10,3,4,Standard,19509.42,45.62,110,Yes,507.82,1769.19,Low_spent_Small_value_payments,Poor,1
44,92610.08,6446.65,4,7,2,1,0,6,Standard,26869.74,20.47,80,Yes,993.91,1684.75,High_spent_Small_value_payments,Standard,1
35,15000.0,908.0,5,4,1,0,0,4,Bad,6367.09,38.03,79,Yes,561.82,72.71,High_spent_Small_value_payments,Poor,1
45,16493.72,1013.99,2,7,0,3,1,2,Standard,3416.39,21.65,153,No,325.33,340.34,Low_spent_Medium_value_payments,Standard,1
68,79671.44,4851.41,3,3,0,3,2,3,Good,23683.17,57.67,199,Yes,1899.68,564.71,High_spent_Medium_value_payments,Poor,0
64,30756.8,2126.33,1,7,2,2,2,1,Good,14436.96,10.54,274,Yes,525.36,714.72,Low_spent_Large_value_payments,Good,0
64,24269.3,1458.95,3,7,0,2,2,2,Standard,6809.99,45.63,408,Yes,625.69,329.78,Low_spent_Medium_value_payments,Standard,0
21,17111.46,1186.42,7,6,0,2,0,3,Standard,1501.97,61.88,7,Yes,150.08,548.11,High_spent_Medium_value_payments,Poor,1
24,26029.61,1689.03,5,11,3,5,1,5,Standard,9392.64,32.69,17,Yes,229.73,842.08,Low_spent_Small_value_payments,Poor,1
62,15655.51,940.01,4,6,3,1,1,2,Standard,2865.93,13.51,410,Yes,71.03,561.08,High_spent_Large_value_payments,Good,0
52,127345.17,8194.81,5,6,1,14,5,4,Standard,4170.49,35.22,252,Yes,386.79,5179.76,High_spent_Small_value_payments,Good,0
65,35829.91,2222.3,3,4,1,2,1,1,Bad,12191.9,43.95,218,Yes,960.15,582.27,Low_spent_Small_value_payments,Poor,1
26,35074.5,2341.73,1,2,3,2,1,5,Bad,12372.06,10.41,85,Yes,377.89,669.34,High_spent_Medium_value_payments,Poor,1
25,51681.03,3481.22,4,8,3,0,2,2,Standard,23909.79,10.37,49,Yes,619.35,1017.61,Low_spent_Small_value_payments,Standard,1
69,64692.92,4223.25,1,5,3,3,1,3,Good,13516.13,43.37,430,Yes,412.29,1370.96,Low_spent_Medium_value_payments,Good,0
62,64057.28,3871.56,3,3,5,5,3,2,Standard,27447.64,10.18,435,Yes,497.66,1557.62,Low_spent_Medium_value_payments,Good,0
34,69159.67,4641.17,4,4,3,2,3,4,Standard,8245.42,4.79,89,Yes,257.35,1620.32,High_spent_Small_value_payments,Standard,1
34,24871.87,1719.2,4,4,1,1,3,4,Good,4982.27,9.5,48,Yes,465.97,605.08,High_spent_Medium_value_payments,Standard,1
66,30372.11,2059.34,4,4,5,7,3,2,Standard,8098.3,25.28,513,Yes,111.85,1213.06,Low_spent_Small_value_payments,Good,1
50,57608.13,3974.45,7,6,2,4,3,3,Standard,7451.03,47.11,154,Yes,332.02,2379.93,High_spent_Medium_value_payments,Poor,1
49,26464.69,1645.37,3,6,3,3,2,1,Good,2679.64,23.26,247,Yes,72.51,979.45,Low_spent_Medium_value_payments,Good,0
25,36204.4,2520.9,6,4,2,2,1,4,Good,12558.88,58.71,23,Yes,575.27,1066.76,High_spent_Medium_value_payments,Poor,1
36,46131.82,2928.93,7,8,3,1,4,3,Standard,10628.19,24.31,96,Yes,347.21,1413.08,Low_spent_Medium_value_payments,Standard,0
55,58169.19,3498.6,5,6,5,0,1,3,Standard,21836.32,27.96,174,Yes,353.7,1750.72,High_spent_Small_value_payments,Standard,0
20,15000.0,1037.05,4,3,3,1,2,1,Bad,6600.98,5.89,20,No,161.66,420.65,High_spent_Large_value_payments,Poor,1
22,55761.97,3914.66,4,4,1,1,0,2,Bad,8512.63,21.04,13,Yes,740.06,1497.98,High_spent_Large_value_payments,Poor,1
30,31563.78,2117.99,3,6,4,2,2,5,Bad,13069.17,22.06,30,Yes,232.42,702.52,High_spent_Medium_value_payments,Poor,0
64,55518.67,3470.32,5,5,2,1,1,4,Good,19632.79,36.87,341,Yes,710.71,973.28,Low_spent_Small_value_payments,Good,0
63,57881.84,3630.77,7,6,2,0,2,6,Bad,20998.74,56.9,280,Yes,1033.29,832.93,Low_spent_Large_value_payments,Poor,1
48,95296.56,6199.49,4,7,3,1,2,4,Standard,9926.87,22.49,194,Yes,236.11,2429.13,Low_spent_Medium_value_payments,Good,0
33,81803.24,5703.85,4,2,3,0,2,3,Standard,21276.83,31.59,89,Yes,615.92,2314.98,Low_spent_Large_value_payments,Standard,0
67,81466.16,5020.0,3,9,1,6,4,3,Standard,22932.12,41.57,128,Yes,2132.82,629.47,Low_spent_Medium_value_payments,Poor,1
49,86353.29,5953.89,7,2,4,1,2,0,Good,41108.59,21.51,139,No,852.56,2114.26,High_spent_Medium_value_payments,Good,0
39,43253.24,2731.69,3,9,0,0,2,4,Standard,7742.96,23.2,203,Yes,704.3,573.01,High_spent_Small_value_payments,Standard,1
46,37023.61,2545.73,4,7,0,5,7,1,Good,19592.65,44.57,238,Yes,1681.06,50.0,High_spent_Medium_value_payments,Poor,1
39,61309.51,4289.8,4,3,2,14,4,1,Bad,14602.2,21.9,184,Yes,729.69,1010.06,High_spent_Large_value_payments,Poor,1
60,56344.99,3641.64,2,6,2,12,5,2,Standard,10815.07,31.38,425,Yes,374.83,1819.64,High_spent_Large_value_payments,Standard,1
20,30168.7,1929.43,2,5,2,3,0,4,Bad,12646.26,27.16,10,No,470.37,476.83,Low_spent_Medium_value_payments,Poor,1
27,46299.85,3180.37,3,5,1,2,0,3,Good,16217.74,60.91,43,Yes,1390.09,562.31,Low_spent_Medium_value_payments,Poor,1
59,35558.77,2337.49,2,3,0,1,1,4,Standard,9230.31,25.7,386,Yes,772.83,495.75,Low_spent_Large_value_payments,Standard,0
38,21755.9,1466.67,6,3,4,2,1,5,Standard,7842.93,36.4,201,Yes,136.83,681.82,High_spent_Medium_value_payments,Poor,0
33,78769.13,5257.63,1,3,2,0,1,3,Standard,13270.34,28.52,146,No,563.56,2025.02,High_spent_Large_value_payments,Good,0
29,37538.39,2314.48,4,6,1,4,4,5,Good,6724.73,20.83,88,Yes,472.78,931.34,Low_spent_Medium_value_payments,Standard,1
19,124147.41,8585.03,6,8,1,11,5,3,Standard,35408.78,55.4,6,Yes,3176.23,2616.45,High_spent_Small_value_payments,Poor,1
58,15000.0,931.81,3,6,5,5,2,2,Good,1923.53,71.93,172,Yes,34.01,525.83,High_spent_Large_value_payments,Poor,1
41,26002.1,1822.74,4,2,2,4,2,5,Standard,8651.03,35.02,234,Yes,297.96,601.66,Low_spent_Small_value_payments,Poor,0
52,37033.69,2322.55,5,3,3,1,3,3,Good,9428.34,49.77,279,No,258.4,1232.16,High_spent_Medium_value_payments,Good,0
47,71856.67,4882.69,4,1,5,2,2,1,Bad,15759.03,3.89,182,No,284.83,2547.82,Low_spent_Medium_value_payments,Good,0
47,46151.36,2911.4,3,4,4,15,4,2,Good,14182.34,21.83,232,No,331.0,1018.44,High_spent_Small_value_payments,Good,0
64,43751.61,2775.72,5,5,2,6,1,4,Good,11421.0,11.89,457,Yes,387.63,800.33,High_spent_Small_value_payments,Good,0
52,18465.17,1169.92,2,6,1,0,1,2,Bad,7363.61,12.78,285,Yes,605.62,50.0,High_spent_Large_value_payments,Poor,1
36,18139.28,1235.32,2,6,2,1,1,4,Good,7064.56,6.74,108,No,351.77,163.8,High_spent_Small_value_payments,Good,0
67,44068.6,2909.95,5,3,2,2,4,3,Good,3285.87,58.62,514,No,130.55,1749.8,High_spent_Small_value_payments,Good,1
25,16019.09,1114.37,3,4,1,9,3,1,Standard,6672.04,10.13,58,Yes,563.59,50.0,High_spent_Medium_value_payments,Poor,1
43,26393.51,1671.5,5,6,6,12,7,1,Standard,10318.21,18.74,227,Yes,131.8,670.54,Low_spent_Small_value_payments,Poor,1
66,49047.79,3310.56,3,6,3,1,3,1,Standard,11672.0,7.6,178,Yes,266.52,1909.25,High_spent_Small_value_payments,Good,0
57,20142.87,1372.88,2,2,0,0,1,2,Standard,6957.65,13.17,302,Yes,673.41,50.0,High_spent_Large_value_payments,Good,0
24,95150.35,5865.17,4,6,3,0,2,1,Bad,41708.22,35.4,56,Yes,1219.47,2261.51,High_spent_Large_value_payments,Poor,0
47,75687.01,4869.68,3,5,0,0,4,4,Standard,5638.39,39.85,222,No,474.21,2221.18,Low_spent_Small_value_payments,Good,0
24,15000.0,978.46,3,8,1,0,4,5,Standard,3245.38,21.12,18,Yes,304.09,124.77,Low_spent_Medium_value_payments,Poor,1
20,20755.72,1325.32,5,6,5,0,3,3,Standard,7721.37,10.9,6,Yes,110.52,691.3,Low_spent_Small_value_payments,Poor,0
18,15000.0,952.34,7,9,2,3,1,2,Standard,6242.95,6.28,6,Yes,298.52,218.33,Low_spent_Large_value_payments,Standard,1
53,22707.38,1531.3,5,2,3,7,1,4,Good,2078.37,27.71,254,No,60.26,596.32,High_spent_Small_value_payments,Good,0
42,57516.84,3585.52,4,5,2,1,0,5,Good,14914.9,39.39,219,No,673.27,1049.17,High_spent_Small_value_payments,Good,0
54,28329.62,1917.49,4,5,3,3,0,3,Bad,13543.76,39.26,312,Yes,394.38,537.53,High_spent_Small_value_payments,Poor,1
18,47881.21,3357.89,4,4,1,10,2,3,Bad,20180.55,47.14,6,No,1899.02,414.42,High_spent_Small_value_payments,Poor,1
32,15000.0,991.84,2,3,1,12,5,2,Good,5092.59,16.01,67,Yes,474.07,186.78,Low_spent_Large_value_payments,Poor,0
54,58617.3,3905.31,1,5,2,2,2,3,Good,9275.84,34.72,340,Yes,397.6,1461.12,High_spent_Large_value_payments,Good,0
30,26028.16,1581.13,3,6,5,6,1,2,Good,8170.63,12.27,70,Yes,154.7,520.61,Low_spent_Small_value_payments,Standard,1
57,36581.64,2537.49,2,8,4,0,1,4,Bad,12929.77,38.75,101,Yes,300.12,792.79,Low_spent_Small_value_payments,Poor,1
25,34347.18,2167.04,4,6,3,4,1,1,Standard,7894.86,13.14,62,Yes,219.6,1172.85,Low_spent_Small_value_payments,Standard,1
22,16933.87,1128.86,2,5,4,4,2,7,Standard,4828.18,52.1,28,Yes,84.26,520.4,Low_spent_Large_value_payments,Poor,1
26,18181.31,1283.73,7,2,4,3,0,0,Standard,2677.65,10.14,28,Yes,63.98,707.71,Low_spent_Large_value_payments,Standard,0
18,64904.79,4313.01,3,6,0,0,0,5,Standard,11669.75,44.34,6,Yes,924.0,1442.45,Low_spent_Small_value_payments,Poor,0
53,46138.14,3130.52,4,4,2,5,2,5,Good,8971.58,15.96,99,No,421.56,1404.28,High_spent_Medium_value_payments,Good,0
52,68188.38,4420.26,4,5,1,1,2,1,Bad,976.14,32.63,340,No,90.21,1832.0,High_spent_Large_value_payments,Good,0
19,44125.58,2676.39,1,7,2,12,8,5,Standard,28163.49,45.1,6,Yes,978.7,427.47,High_spent_Medium_value_payments,Poor,1
57,39568.73,2716.02,4,3,1,0,2,3,Bad,17640.4,33.96,367,Yes,1336.14,512.94,High_spent_Large_value_payments,Poor,1
40,15000.0,905.69,4,6,1,5,3,1,Good,4442.55,5.35,192,No,418.72,50.0,Low_spent_Large_value_payments,Good,0
26,30877.41,2087.02,3,5,0,2,0,4,Standard,10961.66,30.0,50,Yes,943.63,306.89,High_spent_Medium_value_payments,Poor,1
51,35723.69,2152.29,4,5,3,2,1,2,Bad,7391.71,36.97,124,Yes,190.76,997.64,Low_spent_Large_value_payments,Poor,1
63,117226.63,8128.69,2,8,0,1,1,6,Bad,16212.16,21.03,445,Yes,1166.36,4460.5,High_spent_Medium_value_payments,Good,0
31,54839.94,3384.05,4,6,3,2,1,1,Good,3579.27,7.37,54,Yes,96.76,2057.75,Low_spent_Large_value_payments,Good,0
21,91275.41,5985.04,4,9,3,1,2,4,Good,29574.59,18.95,11,Yes,863.61,3154.8,High_spent_Large_value_payments,Standard,0
47,51975.23,3454.75,8,4,0,9,5,4,Bad,10001.62,38.76,123,Yes,784.26,749.84,Low_spent_Medium_value_payments,Poor,1
48,23699.71,1539.46,1,1,3,4,1,4,Standard,9834.47,13.75,145,Yes,284.25,438.5,High_spent_Medium_value_payments,Standard,1
55,38959.37,2481.38,7,3,1,6,4,3,Standard,7417.72,17.5,209,Yes,695.43,784.0,High_spent_Small_value_payments,Standard,1
28,41845.28,2722.79,5,6,0,1,2,3,Good,8799.18,37.25,107,Yes,666.01,957.48,Low_spent_Small_value_payments,Standard,0
52,20671.41,1310.02,5,2,3,1,2,4,Good,6078.34,47.68,271,No,141.12,671.82,Low_spent_Large_value_payments,Good,0
25,28835.64,1867.0,4,3,5,2,2,6,Standard,1632.37,10.34,21,No,23.72,1282.42,High_spent_Small_value_payments,Standard,0
20,32097.7,2050.67,8,5,2,6,3,3,Good,4403.99,60.69,6,No,164.21,1065.92,Low_spent_Small_value_payments,Poor,1
31,95165.42,6293.66,4,6,3,17,5,4,Standard,44848.23,24.36,37,No,1061.19,2167.07,High_spent_Large_value_payments,Poor,1
30,15000.0,938.66,3,6,2,2,0,3,Bad,5578.88,17.92,75,No,223.71,274.01,Low_spent_Medium_value_payments,Poor,1
62,74868.69,5294.0,7,4,1,9,5,1,Bad,3584.18,41.85,252,No,277.96,1992.71,Low_spent_Small_value_payments,Poor,1
49,20700.7,1354.37,3,6,4,13,7,5,Standard,3089.46,3.89,300,Yes,61.37,805.08,Low_spent_Large_value_payments,Standard,0
51,15942.64,990.09,3,7,4,0,0,2,Standard,6353.12,51.48,186,No,124.95,491.74,Low_spent_Large_value_payments,Standard,0
62,73715.27,4803.89,6,2,1,6,5,3,Standard,16397.13,27.01,265,Yes,1229.12,2093.19,High_spent_Medium_value_payments,Standard,1
36,56338.81,3909.13,3,7,5,2,2,1,Bad,24254.57,37.42,139,No,427.0,1310.71,Low_spent_Small_value_payments,Poor,0
55,77088.64,4643.53,2,3,0,4,4,3,Standard,13347.13,17.7,335,No,997.42,1628.78,High_spent_Large_value_payments,Good,0
33,58713.28,3955.03,6,4,2,3,2,4,Standard,11464.88,51.82,138,No,560.11,1662.29,Low_spent_Large_value_payments,Poor,0
19,124979.75,8240.7,1,7,1,10,4,2,Standard,58633.07,41.9,8,No,4531.72,50.0,Low_spent_Large_value_payments,Poor,1
57,50778.8,3140.0,4,6,1,1,1,2,Good,16269.92,40.18,254,Yes,1601.61,50.0,High_spent_Medium_value_payments,Standard,1
34,33061.13,2276.46,2,5,3,5,1,3,Standard,7656.7,24.34,164,No,186.31,1319.57,High_spent_Large_value_payments,Standard,1
51,44611.9,2854.99,4,3,3,1,1,2,Good,17183.3,53.3,195,Yes,398.3,893.27,Low_spent_Medium_value_payments,Standard,0
59,76579.25,4838.5,4,8,3,9,2,10,Standard,31039.73,29.74,250,Yes,795.87,2460.81,Low_spent_Large_value_payments,Poor,1
33,22751.24,1569.18,4,4,2,10,4,4,Good,14511.69,45.82,143,Yes,561.66,69.85,High_spent_Small_value_payments,Poor,1
55,24559.82,1643.48,3,4,1,1,0,2,Standard,2031.53,16.44,194,Yes,190.19,700.31,Low_spent_Medium_value_payments,Standard,0
19,30170.62,2103.83,6,5,1,2,3,3,Standard,12017.26,7.04,6,Yes,1110.83,198.75,High_spent_Small_value_payments,Poor,1
19,15000.0,1002.36,7,6,3,3,1,7,Good,3373.09,4.85,6,Yes,81.92,549.18,High_spent_Medium_value_payments,Standard,1
43,39452.28,2683.76,6,3,0,0,2,1,Bad,4765.44,58.27,63,No,464.25,752.15,High_spent_Medium_value_payments,Poor,1
30,15000.0,1035.92,3,3,0,3,2,1,Standard,2492.31,45.2,102,Yes,195.58,381.24,High_spent_Small_value_payments,Poor,1
64,37490.23,2271.65,3,6,2,4,1,3,Bad,14085.91,35.95,121,Yes,701.31,812.0,Low_spent_Small_value_payments,Poor,1
48,61033.24,4175.11,8,6,0,12,4,2,Good,4385.14,14.14,204,No,433.43,1950.63,High_spent_Medium_value_payments,Good,0
51,27279.05,1818.11,4,3,4,2,1,4,Good,10528.69,18.43,349,No,199.42,749.17,Low_spent_Large_value_payments,Good,0
56,99336.62,6035.0,5,4,1,1,1,3,Standard,7564.25,25.63,283,Yes,618.02,2666.34,Low_spent_Large_value_payments,Good,0
20,15118.88,990.43,3,6,0,3,0,3,Bad,372.19,41.6,6,Yes,35.29,375.22,High_spent_Small_value_payments,Poor,1
25,74217.59,4519.35,3,5,4,8,5,2,Standard,25178.7,38.59,57,Yes,482.99,1929.49,Low_spent_Medium_value_payments,Poor,1
40,54452.4,3701.28,3,3,2,4,4,1,Standard,12526.81,22.34,194,Yes,511.31,1628.68,High_spent_Large_value_payments,Standard,0
31,15000.0,988.81,8,1,0,9,5,2,Standard,989.47,25.89,66,Yes,72.32,374.74,High_spent_Medium_value_payments,Poor,1
44,184697.86,12989.87,1,8,0,0,2,3,Good,64031.17,56.1,73,Yes,5329.65,636.24,High_spent_Small_value_payments,Poor,1
46,34952.76,2166.51,9,7,0,10,3,4,Standard,9896.43,13.46,138,Yes,750.02,461.57,High_spent_Medium_value_payments,Poor,1
56,21450.64,1427.87,6,7,4,4,1,4,Standard,2591.37,7.59,102,Yes,45.65,859.78,High_spent_Small_value_payments,Standard,1
56,15611.26,972.46,5,6,2,1,0,4,Good,4027.17,52.48,196,Yes,180.64,459.21,High_spent_Small_value_payments,Standard,0
18,31824.42,2121.17,7,3,3,0,3,2,Standard,14426.32,18.1,6,Yes,377.91,1081.92,Low_spent_Large_value_payments,Poor,1
34,33642.85,2281.95,3,4,1,0,3,2,Good,4924.14,48.78,160,Yes,415.56,1044.65,Low_spent_Large_value_payments,Standard,0
58,38622.39,2619.56,6,5,5,5,4,5,Good,18561.91,34.1,235,No,316.06,1268.85,High_spent_Large_value_payments,Standard,0
47,30373.39,2090.6,4,5,2,14,5,1,Standard,9847.43,19.62,292,No,425.17,824.76,Low_spent_Large_value_payments,Standard,1
30,53100.16,3677.02,3,3,2,6,2,4,Bad,12703.65,34.42,115,Yes,586.61,1180.85,Low_spent_Large_value_payments,Poor,1
38,28779.6,1750.87,7,2,2,6,3,5,Standard,12929.63,24.31,124,Yes,585.64,284.01,High_spent_Large_value_payments,Poor,1
36,15000.0,955.78,6,5,2,1,0,2,Standard,4904.08,17.65,178,Yes,225.54,330.48,High_spent_Large_value_payments,Standard,0
36,33202.59,2239.31,6,10,3,1,1,2,Good,9685.2,20.35,120,Yes,302.61,1189.44,High_spent_Small_value_payments,Good,0
42,15000.0,981.02,4,7,1,8,4,4,Good,5725.83,7.28,194,Yes,457.14,158.92,High_spent_Large_value_payments,Standard,0
39,44903.11,2786.94,4,3,0,3,3,3,Bad,4598.78,22.41,51,No,428.25,950.62,High_spent_Large_value_payments,Poor,1
48,20179.45,1331.6,4,4,2,0,2,2,Standard,3927.06,28.66,232,Yes,154.39,543.74,High_spent_Medium_value_payments,Standard,1
34,40055.3,2580.12,5,4,3,1,2,4,Good,19966.48,38.5,126,Yes,536.02,750.64,Low_spent_Medium_value_payments,Standard,0
40,79893.12,5131.17,4,7,2,10,2,2,Bad,47318.55,30.56,111,No,2288.92,742.6,High_spent_Small_value_payments,Poor,1
49,20552.77,1413.46,3,5,3,8,4,2,Standard,1208.07,49.38,289,No,35.91,915.02,Low_spent_Medium_value_payments,Standard,0
27,68648.44,4422.03,3,6,0,1,0,5,Standard,29886.87,5.75,40,Yes,2241.13,431.6,Low_spent_Large_value_payments,Poor,0
27,28000.18,1688.04,2,7,0,1,1,2,Standard,9992.0,28.62,65,Yes,887.81,249.32,High_spent_Medium_value_payments,Poor,0
53,103976.16,6303.97,2,8,4,14,5,5,Good,25094.87,45.33,232,Yes,450.34,3578.79,High_spent_Small_value_payments,Standard,0
25,29170.36,2020.81,4,3,4,2,2,4,Standard,12522.02,20.29,44,No,235.89,1051.39,High_spent_Medium_value_payments,Standard,1
69,21932.05,1544.16,6,6,2,0,0,3,Good,4478.68,14.12,131,No,153.48,532.24,High_spent_Large_value_payments,Good,0
37,54849.21,3700.01,3,4,2,3,1,1,Bad,12508.91,16.52,200,Yes,558.83,1450.06,High_spent_Small_value_payments,Standard,1
49,27959.89,1787.96,4,5,2,3,0,2,Standard,745.27,20.61,268,Yes,36.62,823.82,Low_spent_Small_value_payments,Good,0
67,21919.46,1538.05,6,7,3,18,4,1,Good,3236.08,17.77,127,Yes,105.47,898.76,High_spent_Small_value_payments,Standard,0
31,27263.28,1831.56,3,2,2,5,3,2,Standard,7370.89,25.15,71,Yes,344.95,719.85,Low_spent_Large_value_payments,Poor,1
67,35356.45,2444.79,3,8,1,3,3,4,Good,11906.64,22.38,254,Yes,857.36,278.67,High_spent_Medium_value_payments,Standard,0
45,81251.79,5549.23,4,4,2,2,1,4,Standard,37323.4,18.71,142,No,1769.14,1457.81,High_spent_Small_value_payments,Standard,0
63,15000.0,961.61,4,2,2,4,4,2,Standard,4614.36,36.36,312,Yes,154.04,346.3,High_spent_Medium_value_payments,Standard,1
69,36821.91,2400.27,2,6,0,3,1,6,Standard,6558.0,28.01,129,Yes,637.52,976.31,Low_spent_Large_value_payments,Poor,0
41,52835.69,3276.68,6,7,5,5,1,4,Standard,30322.23,35.53,91,Yes,546.6,935.2,Low_spent_Large_value_payments,Poor,1
32,40784.98,2576.12,6,6,3,3,1,5,Standard,16476.81,52.28,52,Yes,398.19,818.25,Low_spent_Large_value_payments,Poor,1
39,79691.57,5453.27,2,5,1,11,4,2,Standard,28248.86,62.33,95,Yes,2414.54,767.3,High_spent_Medium_value_payments,Poor,1
47,34731.17,2420.23,5,8,3,0,2,3,Good,8654.5,28.55,276,Yes,252.61,730.19,High_spent_Large_value_payments,Good,0
21,32508.9,2205.67,6,4,3,4,3,4,Standard,16101.23,32.87,8,Yes,405.78,848.08,Low_spent_Medium_value_payments,Poor,1
30,51813.07,3369.89,4,4,5,7,2,2,Bad,10433.89,56.57,57,Yes,198.32,1544.45,Low_spent_Large_value_payments,Poor,1
40,38545.26,2348.84,2,5,2,0,5,3,Good,21910.41,40.55,221,Yes,917.59,365.69,High_spent_Large_value_payments,Standard,1
25,28731.66,1741.63,6,4,3,0,1,4,Good,9856.52,44.13,65,Yes,280.85,792.02,High_spent_Small_value_payments,Standard,0
35,49497.94,3170.6,6,2,1,0,1,0,Good,10852.0,48.2,127,No,1044.0,749.58,High_spent_Medium_value_payments,Good,0
29,24550.39,1596.38,5,6,0,14,3,4,Good,8250.75,26.78,49,No,730.1,146.97,High_spent_Small_value_payments,Poor,1
48,25167.12,1676.1,4,4,2,9,4,2,Standard,7954.69,38.96,237,No,343.38,639.97,High_spent_Medium_value_payments,Poor,0
31,26455.08,1589.16,4,3,3,0,1,2,Bad,1388.63,3.3,119,Yes,32.8,938.63,High_spent_Small_value_payments,Standard,1
51,81784.38,5783.95,4,2,2,5,4,4,Good,3159.51,23.43,171,Yes,133.84,2632.36,High_spent_Medium_value_payments,Good,0
35,15000.0,959.14,3,6,0,4,1,6,Bad,707.58,21.91,48,Yes,68.73,557.33,Low_spent_Small_value_payments,Poor,1
51,46044.3,3185.7,3,4,0,0,2,7,Good,23238.49,18.58,353,No,2019.05,50.0,High_spent_Medium_value_payments,Good,1
28,37069.99,2439.04,5,3,1,3,2,0,Standard,11925.12,10.56,54,Yes,908.15,141.83,High_spent_Large_value_payments,Standard,1
58,15000.0,921.2,2,9,0,0,0,2,Bad,1193.17,17.85,379,No,112.51,289.75,Low_spent_Small_value_payments,Good,0
29,43732.03,3001.78,3,3,3,0,1,3,Standard,1031.02,45.78,44,Yes,27.89,1717.4,Low_spent_Small_value_payments,Poor,1
66,48312.77,3270.28,4,5,3,1,2,3,Bad,30892.29,16.77,460,Yes,713.67,1360.07,High_spent_Medium_value_payments,Standard,1
32,51729.5,3399.35,1,3,0,12,4,3,Good,6000.88,72.26,142,No,496.72,1005.76,High_spent_Small_value_payments,Poor,0
48,15000.0,983.61,3,8,1,4,2,3,Good,891.74,11.25,225,Yes,82.09,474.03,High_spent_Small_value_payments,Good,0
66,82440.63,5024.57,3,9,3,0,1,2,Standard,13401.31,45.1,445,Yes,434.58,2576.24,Low_spent_Large_value_payments,Good,0
46,23326.79,1565.34,3,7,2,0,1,4,Bad,3124.83,25.49,274,No,138.77,534.31,High_spent_Small_value_payments,Standard,0
43,54827.14,3830.87,5,6,5,0,2,3,Bad,12001.65,34.04,235,Yes,227.13,2322.56,Low_spent_Large_value_payments,Poor,1
35,56649.83,3456.21,4,5,2,1,3,1,Good,30150.3,51.84,174,Yes,1381.75,846.78,High_spent_Medium_value_payments,Poor,0
49,21460.77,1348.91,2,6,5,0,0,2,Bad,5134.15,12.21,141,Yes,74.69,687.38,High_spent_Small_value_payments,Poor,1
39,53974.98,3766.1,6,5,1,1,3,5,Good,20918.42,24.17,71,No,2080.8,56.04,High_spent_Small_value_payments,Standard,1
55,28816.52,1817.76,5,7,1,0,2,1,Good,2746.19,12.74,360,Yes,188.25,1009.47,High_spent_Large_value_payments,Good,0
34,15000.0,1006.27,6,4,2,7,2,4,Standard,6504.8,34.49,170,Yes,246.53,370.59,Low_spent_Medium_value_payments,Poor,1
40,73177.64,4814.64,4,8,7,2,1,2,Standard,33147.6,26.04,82,No,436.19,2403.16,High_spent_Medium_value_payments,Standard,0
41,22810.43,1515.99,4,8,2,5,3,3,Standard,2472.35,16.95,191,Yes,87.93,642.48,High_spent_Large_value_payments,Standard,1
67,21748.58,1402.88,3,5,1,1,1,2,Good,10118.57,32.29,342,Yes,866.15,50.0,High_spent_Medium_value_payments,Good,1
25,28514.29,1803.53,3,5,1,2,1,1,Standard,6760.31,37.11,30,No,592.81,152.74,Low_spent_Small_value_payments,Poor,1
58,42759.3,2588.04,4,3,0,4,4,5,Standard,16925.07,23.08,335,No,1516.19,50.0,High_spent_Large_value_payments,Standard,1
23,35088.82,2388.25,2,13,4,0,1,3,Good,13477.41,29.16,39,Yes,242.67,1212.98,Low_spent_Large_value_payments,Standard,1
22,50455.15,3435.12,3,5,2,1,2,3,Bad,11139.07,25.25,23,No,409.82,1423.35,Low_spent_Small_value_payments,Poor,1
61,16257.45,1093.58,8,4,3,16,4,1,Bad,3467.7,17.02,109,Yes,81.84,547.26,High_spent_Medium_value_payments,Poor,1
46,23261.81,1557.91,3,5,1,9,4,1,Standard,2709.08,2.83,262,Yes,196.07,889.03,High_spent_Small_value_payments,Standard,0
45,33873.96,2121.87,4,4,3,13,4,3,Standard,10268.82,16.43,115,Yes,323.24,951.33,Low_spent_Medium_value_payments,Poor,1
28,113406.32,6831.83,4,5,2,0,2,2,Good,14321.77,30.71,82,Yes,504.54,3513.3,High_spent_Large_value_payments,Good,0
18,33918.39,2332.27,5,5,4,4,2,4,Bad,5277.83,19.03,6,Yes,105.62,1403.58,Low_spent_Small_value_payments,Poor,1
60,69642.71,4549.11,4,6,2,1,3,0,Standard,20930.99,21.01,429,Yes,703.08,2438.87,High_spent_Small_value_payments,Good,0
36,37165.39,2353.46,4,10,5,9,4,2,Good,11465.84,34.17,116,No,211.24,1118.31,Low_spent_Large_value_payments,Standard,1
26,27168.26,1660.1,6,5,0,4,1,2,Bad,12378.99,8.02,24,Yes,1162.07,50.0,Low_spent_Large_value_payments,Poor,1
44,31318.53,1900.39,2,6,1,1,2,1,Standard,3967.0,32.71,257,No,304.05,519.54,Low_spent_Large_value_payments,Good,1
51,32825.08,2093.56,3,3,2,0,5,4,Bad,825.77,33.21,82,Yes,31.72,1363.52,High_spent_Medium_value_payments,Poor,1
61,52166.06,3584.75,3,6,0,6,1,1,Standard,9120.92,25.53,216,Yes,782.56,952.33,Low_spent_Small_value_payments,Standard,0
21,82848.32,5795.48,5,5,2,13,4,5,Bad,49684.03,36.08,25,Yes,1764.71,1375.29,High_spent_Small_value_payments,Poor,1
53,45062.63,3141.53,2,2,0,1,2,0,Bad,10158.28,26.5,315,No,881.07,495.15,Low_spent_Medium_value_payments,Standard,1
35,74031.55,5179.74,3,6,1,2,4,4,Standard,9287.48,18.73,123,No,789.52,2406.29,Low_spent_Small_value_payments,Good,0
32,20355.9,1421.53,2,6,2,6,1,4,Standard,2739.52,18.41,71,Yes,109.55,533.35,High_spent_Medium_value_payments,Poor,1
68,28317.12,1860.76,4,7,1,4,1,4,Standard,16018.84,59.25,168,Yes,1302.53,50.0,Low_spent_Small_value_payments,Poor,1
30,23515.58,1466.83,3,6,2,4,3,3,Good,9565.88,17.37,78,No,405.53,473.99,High_spent_Medium_value_payments,Standard,1
36,43856.0,3010.52,2,3,4,1,2,5,Bad,8158.67,11.1,135,Yes,193.36,1884.92,Low_spent_Medium_value_payments,Poor,1
66,29278.98,1824.53,5,8,4,0,1,4,Bad,5004.74,20.06,509,Yes,113.73,699.82,Low_spent_Large_value_payments,Standard,1
23,56267.01,3538.9,5,4,3,3,0,2,Standard,9766.64,23.39,52,No,280.02,1956.92,High_spent_Small_value_payments,Good,0
65,20772.78,1298.86,2,3,2,4,3,2,Standard,7928.04,42.83,435,Yes,306.19,411.01,High_spent_Large_value_payments,Standard,0
29,37265.33,2443.82,1,3,1,7,3,3,Good,7679.5,29.23,37,No,519.33,775.89,High_spent_Large_value_payments,Standard,0
68,54836.69,3481.39,2,8,2,0,0,3,Good,32750.88,47.16,507,No,1294.38,366.41,High_spent_Large_value_payments,Good,0
54,15000.0,925.05,3,6,4,1,3,3,Good,2540.49,12.72,219,Yes,58.71,470.22,Low_spent_Large_value_payments,Good,0
34,129699.92,8418.74,3,2,2,1,0,7,Bad,13182.29,22.87,49,No,635.24,3484.8,High_spent_Large_value_payments,Standard,0
40,30641.45,2128.58,4,4,1,3,2,2,Standard,7248.57,12.76,182,No,688.85,419.53,Low_spent_Medium_value_payments,Good,1
43,15000.0,992.71,4,8,1,2,2,1,Standard,2367.39,25.64,210,Yes,186.99,417.41,Low_spent_Small_value_payments,Standard,0
46,39928.93,2775.67,5,9,3,6,3,4,Standard,2168.91,41.34,91,Yes,48.92,1545.46,High_spent_Medium_value_payments,Poor,1
50,37051.57,2301.72,4,5,3,9,2,3,Standard,755.07,30.76,93,Yes,24.64,1149.75,High_spent_Medium_value_payments,Poor,1
44,34574.21,2136.99,3,3,1,4,3,4,Good,6630.55,65.32,271,Yes,593.14,409.62,High_spent_Large_value_payments,Poor,0
42,65822.35,4359.77,3,5,4,10,4,2,Standard,22383.61,29.9,192,Yes,462.51,2294.97,Low_spent_Small_value_payments,Poor,1
27,56866.8,3697.45,4,5,4,5,1,3,Standard,26806.06,27.56,41,No,620.65,1896.52,High_spent_Large_value_payments,Standard,1
64,43422.18,2915.88,4,2,2,4,3,3,Bad,11034.84,53.5,308,Yes,384.28,1020.77,High_spent_Large_value_payments,Poor,1
40,47576.46,3264.15,8,3,2,3,0,1,Standard,10065.21,29.9,171,Yes,350.1,1740.62,Low_spent_Large_value_payments,Standard,0
38,34111.33,2324.32,3,3,1,3,2,5,Standard,2836.46,34.66,127,No,255.96,754.1,High_spent_Medium_value_payments,Standard,1
38,105376.46,7398.25,3,3,2,0,0,4,Standard,37256.36,38.14,82,Yes,1283.88,3060.25,Low_spent_Medium_value_payments,Poor,1
60,15000.0,964.72,5,5,2,3,3,3,Good,420.09,57.6,124,No,14.35,438.56,High_spent_Medium_value_payments,Standard,0
30,39489.54,2457.67,3,10,1,7,4,0,Standard,12345.1,14.28,111,Yes,1119.4,402.28,Low_spent_Small_value_payments,Poor,1
54,37760.35,2490.98,6,7,0,3,2,1,Bad,7377.75,31.55,269,No,674.18,611.89,High_spent_Small_value_payments,Standard,1
50,59158.07,3620.46,4,3,1,2,5,1,Good,18484.96,37.03,87,Yes,1486.68,816.0,High_spent_Small_value_payments,Poor,0
41,21887.87,1381.76,5,10,0,14,7,3,Bad,2952.99,24.26,216,Yes,235.41,552.72,Low_spent_Large_value_payments,Poor,1
61,15000.0,933.78,3,7,2,0,3,3,Standard,507.94,22.55,281,Yes,20.67,430.9,High_spent_Small_value_payments,Standard,1
28,39898.49,2565.32,5,7,4,0,2,3,Good,8534.7,32.01,61,Yes,168.49,1006.83,Low_spent_Small_value_payments,Standard,0
34,42990.67,2631.24,3,3,0,11,2,3,Bad,6682.13,57.65,42,Yes,544.85,807.22,High_spent_Small_value_payments,Poor,1
21,88766.06,5356.58,4,4,1,0,3,3,Standard,18142.86,23.91,30,Yes,1321.74,1483.09,Low_spent_Large_value_payments,Poor,1
64,16945.93,1137.33,4,5,2,4,2,3,Standard,6438.78,8.25,165,Yes,277.3,449.39,High_spent_Large_value_payments,Standard,1
42,72606.97,4836.43,4,2,5,12,8,4,Bad,27768.99,21.25,186,No,465.97,2904.99,Low_spent_Medium_value_payments,Poor,1
47,150309.02,10172.0,8,7,3,5,2,5,Standard,18336.88,14.66,101,Yes,543.08,5936.15,Low_spent_Small_value_payments,Good,0
26,28950.45,1944.14,3,4,3,2,1,4,Bad,5080.41,20.11,67,Yes,123.2,1127.62,High_spent_Large_value_payments,Poor,1
38,16737.96,1025.0,7,8,0,0,3,0,Good,4690.59,23.5,154,Yes,326.6,151.94,Low_spent_Large_value_payments,Good,0
37,28447.49,1796.55,1,5,2,1,3,3,Standard,2938.49,62.1,57,Yes,137.43,1104.95,High_spent_Medium_value_payments,Poor,0
36,36621.95,2248.71,4,8,2,6,3,4,Good,13640.27,15.67,70,Yes,660.21,577.5,Low_spent_Large_value_payments,Standard,0
36,50933.33,3521.13,5,6,2,5,2,2,Bad,7836.52,28.04,158,Yes,283.69,1824.72,Low_spent_Small_value_payments,Poor,1
29,25467.62,1734.13,3,3,0,4,3,3,Standard,16684.59,49.48,108,Yes,1213.89,50.0,Low_spent_Large_value_payments,Poor,1
54,92329.51,5741.35,3,6,1,3,0,3,Bad,38540.26,29.72,197,Yes,3501.0,50.0,Low_spent_Large_value_payments,Poor,1
59,18606.77,1185.21,4,5,2,1,0,4,Standard,5443.68,12.3,254,Yes,229.04,509.19,High_spent_Small_value_payments,Standard,0
34,15000.0,1057.07,5,3,1,5,3,5,Standard,890.69,23.86,75,Yes,76.21,581.26,High_spent_Medium_value_payments,Poor,0
54,70546.42,4686.87,5,4,4,14,3,0,Standard,31311.0,41.31,379,Yes,611.12,1510.86,High_spent_Small_value_payments,Standard,1
65,15000.0,1030.19,1,8,3,5,2,2,Standard,5883.93,39.74,239,Yes,138.6,440.39,High_spent_Medium_value_payments,Poor,0
56,32129.25,2019.85,1,6,0,10,4,1,Standard,7159.05,34.05,117,Yes,706.48,293.21,Low_spent_Medium_value_payments,Poor,1
45,235769.21,14682.66,5,4,5,6,3,2,Bad,40741.54,59.86,118,Yes,745.14,5147.45,Low_spent_Large_value_payments,Standard,1
58,36054.03,2469.43,6,5,1,6,4,4,Bad,5900.46,45.6,257,No,456.48,747.71,High_spent_Large_value_payments,Poor,0
52,18537.29,1249.97,5,8,1,0,1,5,Good,3290.41,58.33,180,No,297.76,347.85,Low_spent_Large_value_payments,Standard,1
64,35086.14,2364.01,5,4,2,0,1,3,Good,18627.3,46.81,295,Yes,742.22,656.53,High_spent_Small_value_payments,Standard,1
65,35225.29,2324.41,7,2,2,1,3,8,Good,3031.86,26.56,372,Yes,110.92,1346.96,High_spent_Medium_value_payments,Good,0
35,39990.21,2643.57,3,4,2,2,4,2,Good,8987.77,21.52,85,Yes,401.14,1334.36,High_spent_Large_value_payments,Standard,1
31,54033.41,3672.65,4,4,3,5,3,5,Good,22453.67,27.25,81,No,601.39,1222.43,Low_spent_Medium_value_payments,Standard,1
52,19468.12,1225.03,3,8,2,2,2,2,Bad,1730.28,26.62,315,Yes,61.0,442.65,High_spent_Small_value_payments,Poor,0
61,99960.34,6379.63,2,5,2,1,3,2,Good,29422.59,20.87,429,Yes,1144.47,2281.03,High_spent_Small_value_payments,Good,0
58,42069.09,2921.39,8,5,3,25,9,3,Bad,4495.0,32.09,347,Yes,119.41,1556.65,High_spent_Medium_value_payments,Poor,0
24,56166.54,3557.93,4,9,2,4,3,6,Bad,25021.58,26.71,21,Yes,995.48,475.97,Low_spent_Medium_value_payments,Poor,1
58,24912.14,1642.17,3,4,2,0,1,1,Bad,5163.31,27.96,316,Yes,221.31,790.18,High_spent_Medium_value_payments,Standard,0
30,78576.6,5312.72,6,3,2,0,1,4,Bad,9710.32,58.93,121,Yes,394.38,2836.01,High_spent_Large_value_payments,Poor,1
35,31125.06,2204.67,5,5,0,6,3,4,Good,2997.82,30.62,148,Yes,273.84,782.55,High_spent_Medium_value_payments,Standard,1
54,42895.9,2776.04,6,8,2,3,3,4,Good,2544.68,2.82,113,Yes,111.25,1513.29,High_spent_Medium_value_payments,Good,0
30,20746.57,1341.01,3,3,1,11,3,3,Bad,3500.41,53.3,91,Yes,294.54,396.63,Low_spent_Large_value_payments,Poor,1
53,19967.1,1380.29,4,2,0,6,2,3,Good,10360.73,21.35,161,No,953.89,50.0,High_spent_Medium_value_payments,Standard,0
48,54881.04,3771.77,1,6,0,7,5,3,Bad,9693.02,8.5,317,Yes,947.18,1288.33,Low_spent_Medium_value_payments,Poor,0
19,27829.06,1890.15,8,2,2,1,1,2,Standard,6272.93,27.0,6,Yes,232.57,818.88,High_spent_Medium_value_payments,Poor,0
33,21757.33,1414.63,8,5,1,2,2,3,Standard,2991.3,12.64,54,No,278.28,288.71,High_spent_Medium_value_payments,Standard,0
26,24688.43,1567.95,3,4,2,5,1,3,Good,8000.96,19.11,43,Yes,324.14,340.59,Low_spent_Large_value_payments,Standard,0
26,55236.09,3678.42,3,3,3,9,5,1,Good,8936.61,21.28,37,Yes,254.88,2236.05,High_spent_Large_value_payments,Standard,0
55,24898.86,1730.28,4,4,3,8,2,3,Good,3958.33,19.36,345,Yes,124.09,916.87,High_spent_Large_value_payments,Good,0
28,33840.28,2354.41,5,8,2,2,1,4,Good,12586.47,14.54,77,Yes,536.13,538.15,Low_spent_Small_value_payments,Standard,0
39,36644.43,2241.74,3,4,2,4,1,1,Good,1485.84,57.58,98,Yes,54.04,1471.57,Low_spent_Small_value_payments,Standard,1
50,15000.0,969.61,6,5,0,0,1,3,Good,1568.79,18.94,290,Yes,155.7,323.47,Low_spent_Small_value_payments,Good,0
53,15022.8,977.0,2,2,3,13,4,5,Standard,6522.12,16.47,128,Yes,205.88,289.41,High_spent_Medium_value_payments,Poor,0
62,44434.29,3136.65,1,3,2,1,0,2,Good,7729.27,12.95,182,Yes,271.18,1502.48,High_spent_Large_value_payments,Good,0
40,23336.7,1571.61,5,4,3,0,2,2,Bad,5881.96,22.68,71,Yes,141.89,847.38,Low_spent_Medium_value_payments,Poor,0
62,68462.06,4409.77,2,6,0,7,1,4,Standard,30060.18,6.1,323,Yes,2356.96,684.49,Low_spent_Small_value_payments,Standard,1
62,64866.35,3910.29,2,6,3,6,2,8,Good,7627.61,52.64,122,Yes,209.61,2483.63,Low_spent_Large_value_payments,Poor,1
51,55910.15,3697.06,3,8,2,2,0,2,Bad,32267.66,13.18,274,Yes,1162.87,361.41,High_spent_Large_value_payments,Poor,1
26,108213.68,6605.45,2,8,1,2,2,2,Standard,39757.45,27.61,32,Yes,3245.24,50.0,High_spent_Small_value_payments,Poor,1
41,34549.43,2385.29,2,6,2,6,3,2,Bad,14886.58,5.93,181,Yes,607.05,768.28,Low_spent_Medium_value_payments,Poor,1
25,53601.33,3653.05,2,7,1,0,4,3,Standard,34118.92,32.63,53,Yes,2557.13,50.0,Low_spent_Small_value_payments,Poor,1
24,25574.71,1662.07,4,6,0,15,4,3,Good,2524.16,36.73,20,No,180.69,535.97,High_spent_Large_value_payments,Poor,1
53,158169.41,10225.62,5,2,3,13,4,1,Standard,30706.7,19.6,97,Yes,736.97,4713.92,Low_spent_Medium_value_payments,Standard,1
35,119393.52,8324.26,4,3,0,2,1,4,Standard,16597.41,7.99,46,No,1566.26,4137.9,Low_spent_Large_value_payments,Good,0
20,36575.29,2308.81,3,6,5,6,3,2,Bad,4257.4,27.32,7,No,79.34,970.01,Low_spent_Medium_value_payments,Poor,1
45,45795.99,2871.3,4,9,2,4,1,2,Good,17490.54,27.14,187,Yes,588.76,793.9,High_spent_Medium_value_payments,Standard,0
23,82090.58,5760.68,3,6,1,6,2,1,Bad,26630.05,63.29,35,Yes,1968.04,638.04,High_spent_Large_value_payments,Poor,1
61,33246.88,2286.28,4,6,5,11,4,0,Good,9613.69,5.42,215,Yes,129.98,864.97,Low_spent_Medium_value_payments,Good,0
61,24490.13,1687.13,3,4,3,2,2,4,Good,13080.22,4.97,124,No,310.61,718.77,High_spent_Medium_value_payments,Good,0
38,61352.66,3810.9,5,4,2,2,2,4,Good,2110.68,29.02,167,No,73.08,1625.99,High_spent_Small_value_payments,Good,1
45,38065.5,2343.02,3,5,2,9,2,1,Bad,19768.05,14.62,102,No,910.1,60.1,High_spent_Large_value_payments,Poor,0
57,40529.96,2443.23,5,11,7,0,2,6,Bad,19473.33,22.65,327,Yes,218.48,857.98,Low_spent_Small_value_payments,Poor,1
18,22014.07,1377.38,2,1,2,1,4,3,Standard,4911.33,9.28,6,Yes,221.07,336.19,High_spent_Small_value_payments,Poor,0
53,15000.0,1025.81,3,4,0,0,4,8,Bad,2211.18,8.72,117,No,187.09,335.53,High_spent_Medium_value_payments,Poor,1
38,41843.24,2619.4,5,5,2,11,3,6,Standard,3754.56,19.15,188,No,140.53,1373.06,High_spent_Large_value_payments,Standard,1
60,62503.46,4243.9,5,4,1,4,4,4,Good,6578.68,4.77,322,Yes,547.61,2018.56,High_spent_Large_value_payments,Good,0
52,31714.08,1989.39,3,2,4,0,2,4,Good,7890.32,48.1,101,Yes,146.76,701.84,High_spent_Large_value_payments,Standard,1
30,85978.94,5526.93,8,6,3,2,1,5,Standard,25936.89,20.64,37,No,675.34,2883.23,High_spent_Small_value_payments,Standard,1
66,23804.98,1681.84,3,6,4,8,3,3,Standard,7428.95,47.42,198,Yes,178.35,758.06,High_spent_Medium_value_payments,Poor,1
27,19286.82,1208.36,2,2,5,0,2,2,Standard,7514.5,33.8,65,No,141.05,619.0,High_spent_Small_value_payments,Standard,0
61,34879.75,2235.0,1,5,1,1,1,3,Standard,17004.93,55.94,425,Yes,1381.91,50.0,High_spent_Large_value_payments,Poor,1
64,34559.73,2186.31,4,1,1,11,4,6,Standard,9967.65,41.62,490,Yes,720.21,438.54,High_spent_Medium_value_payments,Poor,1
27,57640.53,3526.89,3,6,4,0,3,5,Standard,26647.82,67.17,41,No,479.5,1110.77,High_spent_Small_value_payments,Poor,1
63,22811.55,1489.76,3,4,2,27,7,3,Standard,7484.62,32.18,368,Yes,330.64,588.67,Low_spent_Medium_value_payments,Poor,1
30,82525.0,5290.06,5,4,4,1,1,5,Good,45597.78,57.8,114,No,947.93,1218.19,High_spent_Large_value_payments,Poor,1
54,118201.99,7981.94,2,8,3,0,3,2,Good,63165.85,40.82,147,Yes,1778.65,1810.34,High_spent_Large_value_payments,Standard,1
55,35472.52,2442.54,3,5,1,0,3,2,Good,11682.69,27.58,235,Yes,808.33,562.72,Low_spent_Medium_value_payments,Good,0
41,76866.56,5065.2,3,8,2,5,3,2,Standard,15430.57,3.97,235,Yes,611.92,1453.49,Low_spent_Medium_value_payments,Good,1
19,19266.09,1162.69,4,2,3,0,3,1,Bad,5922.22,37.24,6,No,156.0,435.02,High_spent_Small_value_payments,Poor,0
39,69226.08,4617.73,2,5,0,7,5,5,Bad,27264.29,31.97,157,Yes,2062.23,876.73,High_spent_Medium_value_payments,Poor,1
34,68075.04,4125.35,4,3,3,2,0,1,Standard,25004.36,53.89,98,No,765.55,2014.63,Low_spent_Large_value_payments,Standard,1
53,60965.44,4065.0,3,7,2,11,3,2,Standard,26514.58,33.04,248,Yes,943.0,1797.71,Low_spent_Large_value_payments,Poor,1
31,35977.97,2425.68,7,4,2,0,1,6,Good,15723.56,22.53,133,Yes,730.72,760.02,High_spent_Medium_value_payments,Standard,0
27,15000.0,932.14,5,7,1,2,4,9,Standard,6470.08,46.97,26,Yes,450.03,50.0,Low_spent_Large_value_payments,Poor,1
52,24710.01,1701.93,5,4,1,4,2,3,Standard,8032.72,47.75,145,Yes,577.22,586.63,High_spent_Medium_value_payments,Poor,0
42,24945.54,1742.95,3,3,1,9,3,7,Good,11610.18,23.48,156,Yes,977.64,50.0,Low_spent_Medium_value_payments,Poor,1
20,20192.11,1389.39,2,6,0,3,2,1,Good,9414.59,51.33,8,Yes,808.94,50.0,Low_spent_Large_value_payments,Poor,1
64,39079.21,2473.92,10,3,1,6,3,7,Good,2262.46,66.86,325,Yes,223.8,1260.26,Low_spent_Medium_value_payments,Poor,0
55,28243.59,1874.11,7,7,0,4,4,3,Bad,16053.62,10.99,136,Yes,1311.88,50.0,Low_spent_Small_value_payments,Poor,1
34,22142.03,1547.96,4,5,1,1,1,2,Standard,7778.01,39.99,139,Yes,664.73,390.9,High_spent_Large_value_payments,Poor,1
29,19239.48,1221.2,5,7,2,2,3,1,Standard,4166.9,22.65,80,No,151.95,409.32,Low_spent_Small_value_payments,Standard,0
69,23639.92,1628.4,4,3,2,9,3,4,Standard,7510.64,25.04,293,Yes,261.1,753.87,High_spent_Medium_value_payments,Standard,1
41,71175.19,4277.82,5,7,2,0,2,6,Good,46914.85,11.73,199,Yes,2181.69,50.0,Low_spent_Small_value_payments,Standard,1
46,24425.55,1466.5,6,3,0,17,5,8,Standard,6668.81,12.22,264,Yes,616.56,267.04,Low_spent_Large_value_payments,Poor,0
60,26663.12,1819.23,3,3,2,4,3,2,Bad,7563.23,17.28,444,No,305.51,457.73,High_spent_Small_value_payments,Standard,0
42,27611.33,1884.45,3,7,1,2,2,2,Bad,10362.62,33.24,239,Yes,717.79,50.0,High_spent_Medium_value_payments,Poor,1
53,44506.75,3050.82,5,1,1,10,4,2,Bad,10986.16,6.79,366,Yes,908.53,496.93,Low_spent_Large_value_payments,Poor,1
43,47750.73,3346.15,2,7,1,4,3,2,Bad,4610.86,19.77,210,No,369.02,1372.43,High_spent_Small_value_payments,Standard,0
55,15000.0,919.16,8,6,0,5,1,4,Standard,2432.98,45.49,132,No,221.83,411.88,Low_spent_Small_value_payments,Poor,0
18,67035.74,4190.62,3,7,1,0,3,2,Good,6267.24,42.32,6,Yes,537.7,1677.45,Low_spent_Large_value_payments,Standard,1
37,85975.77,6000.28,6,5,5,8,4,6,Standard,28621.46,5.83,117,Yes,408.56,3699.5,High_spent_Medium_value_payments,Standard,0
45,19339.17,1197.48,6,6,5,12,5,2,Good,9518.35,8.19,223,No,138.21,381.67,High_spent_Small_value_payments,Good,0
33,20264.4,1365.63,6,3,0,0,1,5,Bad,4821.0,38.9,77,Yes,345.26,516.23,High_spent_Large_value_payments,Poor,1
64,27718.3,1822.39,2,5,0,1,1,4,Bad,4677.64,40.91,382,Yes,364.13,560.6,High_spent_Large_value_payments,Poor,0
34,23072.52,1405.15,6,6,4,2,2,3,Standard,10047.86,29.35,70,Yes,190.9,592.91,Low_spent_Small_value_payments,Poor,0
57,41537.67,2620.63,6,3,2,3,2,3,Good,15181.5,10.32,257,No,571.5,831.74,Low_spent_Small_value_payments,Good,0
45,15000.0,984.56,3,7,2,11,2,4,Standard,4826.68,19.63,172,No,197.01,376.42,High_spent_Small_value_payments,Standard,0
29,18568.9,1285.6,5,2,7,33,11,2,Standard,3986.08,9.31,91,Yes,53.71,747.0,High_spent_Large_value_payments,Poor,1
44,91447.32,6187.78,6,3,1,6,3,1,Standard,28379.22,45.78,206,No,2188.33,2060.39,High_spent_Medium_value_payments,Standard,1
59,20807.48,1388.63,7,4,0,6,1,1,Good,11408.27,18.61,248,Yes,872.3,50.0,Low_spent_Small_value_payments,Good,0
64,76577.38,5006.15,4,6,2,7,2,2,Bad,15700.08,6.74,188,No,645.12,2786.76,High_spent_Small_value_payments,Standard,0
47,44945.36,2842.15,4,6,1,0,2,1,Bad,14192.66,30.42,252,No,1094.62,109.92,Low_spent_Large_value_payments,Poor,0
58,15000.0,919.38,5,5,1,2,2,1,Standard,6515.01,18.79,317,No,566.88,50.0,High_spent_Small_value_payments,Good,0
51,53167.23,3425.65,2,5,2,7,2,4,Good,13469.03,28.32,98,No,464.16,957.99,High_spent_Medium_value_payments,Standard,1
54,33840.03,2040.86,3,9,4,11,3,6,Standard,4761.23,36.74,228,Yes,88.4,957.0,High_spent_Small_value_payments,Poor,1
23,27631.72,1721.08,11,6,2,13,7,2,Bad,3848.06,41.03,36,Yes,176.43,570.78,Low_spent_Large_value_payments,Poor,1
24,42065.12,2720.99,6,5,5,0,2,1,Standard,23008.48,18.16,60,Yes,439.65,1390.77,High_spent_Small_value_payments,Standard,1
49,48280.36,3115.77,4,4,2,12,6,2,Standard,10401.64,31.33,278,Yes,419.56,1439.39,High_spent_Small_value_payments,Poor,1
49,55523.14,3358.03,4,3,3,14,6,4,Bad,4154.32,38.7,90,No,103.29,1400.62,Low_spent_Medium_value_payments,Poor,1
42,73640.59,4888.37,3,5,5,0,2,4,Good,25509.97,31.56,231,No,400.22,2837.09,Low_spent_Small_value_payments,Good,0
50,46391.96,3059.78,4,6,2,0,1,2,Standard,3579.47,68.95,166,Yes,168.47,1657.64,Low_spent_Large_value_payments,Poor,1
24,15908.67,967.98,3,4,2,1,0,2,Good,1826.87,19.05,59,No,79.76,487.81,Low_spent_Medium_value_payments,Good,0
69,27331.98,1919.19,6,5,2,0,3,2,Bad,8504.27,39.41,286,No,328.84,622.04,High_spent_Medium_value_payments,Poor,1
29,212315.57,12967.52,3,4,0,4,4,2,Standard,51594.22,4.77,106,Yes,4774.07,3399.56,Low_spent_Small_value_payments,Standard,0
33,56088.98,3884.76,6,7,2,2,2,2,Good,9598.68,41.11,66,Yes,386.73,1499.6,Low_spent_Large_value_payments,Standard,1
33,150478.03,9029.19,4,6,2,1,2,2,Bad,41771.18,4.87,95,No,1491.87,4411.33,High_spent_Large_value_payments,Good,1
60,83889.9,5835.22,3,3,1,7,3,3,Good,26401.34,33.17,308,Yes,1900.01,1237.0,High_spent_Large_value_payments,Standard,1
53,41985.57,2528.1,5,7,2,0,0,1,Good,257.73,8.61,229,Yes,12.82,1286.38,Low_spent_Medium_value_payments,Good,0
30,43514.27,2968.09,4,3,3,7,3,2,Good,15471.95,74.21,72,Yes,378.63,1316.55,High_spent_Large_value_payments,Poor,1
24,35527.13,2270.83,5,10,3,18,7,1,Good,854.71,31.08,21,No,27.56,1403.99,High_spent_Medium_value_payments,Poor,1
53,15000.0,1019.96,4,5,4,4,2,5,Standard,5808.62,19.49,344,No,135.17,292.32,High_spent_Small_value_payments,Good,0
64,36710.88,2362.43,3,8,3,8,3,1,Standard,10048.78,9.37,307,Yes,263.05,1189.15,Low_spent_Large_value_payments,Good,1
68,75087.15,4562.91,6,7,2,0,1,4,Good,9622.24,19.89,469,Yes,377.82,1622.54,High_spent_Medium_value_payments,Good,0
26,25341.94,1731.23,3,4,0,1,1,3,Bad,14772.38,34.7,53,Yes,1211.86,50.0,High_spent_Small_value_payments,Poor,1
49,46498.34,2825.79,2,3,7,5,1,0,Standard,228.31,47.95,203,Yes,2.61,1425.28,High_spent_Large_value_payments,Standard,1
28,60533.65,4236.73,5,5,4,6,2,4,Standard,12722.56,17.75,30,Yes,224.77,1515.51,High_spent_Large_value_payments,Poor,0
25,21040.23,1274.03,3,5,3,0,4,3,Good,8613.56,51.11,19,Yes,283.05,538.66,High_spent_Medium_value_payments,Poor,0
50,27700.85,1805.89,6,5,2,12,7,6,Good,7372.25,19.69,199,Yes,293.94,726.44,High_spent_Large_value_payments,Poor,1
40,19717.33,1337.48,4,4,3,14,3,4,Standard,9829.94,15.21,65,Yes,247.51,342.35,Low_spent_Large_value_payments,Poor,1
42,22174.55,1424.94,5,5,2,0,1,2,Standard,2216.56,21.06,160,No,77.04,586.95,Low_spent_Large_value_payments,Good,0
25,16771.51,1045.76,3,8,3,8,2,3,Standard,8013.11,32.41,32,No,226.11,451.09,Low_spent_Large_value_payments,Poor,1
62,21157.1,1443.41,2,4,4,0,1,3,Standard,2162.72,32.42,344,No,43.67,864.4,High_spent_Medium_value_payments,Good,0
39,85107.75,5829.59,4,8,1,0,1,2,Good,26949.87,41.93,118,No,2639.64,992.95,High_spent_Small_value_payments,Standard,0
21,20967.18,1467.62,4,5,2,6,2,2,Good,3514.78,40.38,15,No,118.58,744.25,High_spent_Large_value_payments,Standard,1
57,39178.19,2510.35,6,4,2,0,2,6,Good,9383.13,21.24,411,No,461.97,841.34,High_spent_Large_value_payments,Good,0
20,26856.92,1758.71,6,11,0,2,2,3,Standard,6494.1,4.85,14,Yes,624.43,359.65,High_spent_Small_value_payments,Poor,1
46,73667.69,4709.86,2,5,3,2,1,3,Standard,46870.24,57.57,95,Yes,1264.94,1011.27,Low_spent_Small_value_payments,Poor,1
58,79753.62,5007.34,3,5,3,5,3,0,Standard,40212.2,31.15,375,No,1085.22,1533.94,Low_spent_Large_value_payments,Good,0
46,60988.58,4155.53,7,3,2,7,1,3,Standard,24254.71,26.67,269,Yes,968.1,918.95,Low_spent_Small_value_payments,Standard,1
51,43637.87,2778.84,2,1,2,1,1,3,Bad,11207.83,24.97,337,Yes,431.23,786.94,Low_spent_Medium_value_payments,Standard,0
51,31614.28,2043.49,4,4,1,1,2,6,Standard,4035.96,45.8,81,Yes,364.78,610.48,Low_spent_Medium_value_payments,Poor,1
45,17763.04,1143.46,4,2,2,11,4,3,Standard,10081.95,25.87,236,Yes,455.66,71.3,Low_spent_Medium_value_payments,Poor,1
30,116554.86,7893.15,5,3,1,0,1,3,Bad,74363.95,57.25,106,No,5525.2,50.0,Low_spent_Large_value_payments,Poor,1
32,23021.78,1610.21,5,8,3,4,3,4,Standard,6593.16,29.77,54,No,176.67,589.0,High_spent_Small_value_payments,Poor,1
40,54078.27,3635.31,6,4,1,4,1,2,Bad,4826.06,21.21,143,No,348.36,1826.78,Low_spent_Large_value_payments,Standard,1
61,68578.84,4465.09,3,6,1,8,3,5,Good,15083.62,23.6,257,No,1424.44,836.74,Low_spent_Small_value_payments,Good,0
43,26025.49,1781.22,2,1,1,1,2,1,Bad,3558.47,14.55,83,No,268.58,784.87,Low_spent_Medium_value_payments,Standard,1
21,67697.7,4531.95,2,5,2,14,6,3,Standard,9800.45,40.22,31,Yes,434.12,2676.53,Low_spent_Small_value_payments,Poor,0
43,57441.82,3484.23,4,3,6,0,2,1,Good,20923.81,30.0,215,Yes,336.4,2101.9,Low_spent_Large_value_payments,Good,1
57,102413.96,6250.97,5,3,3,1,2,5,Good,20912.06,42.96,132,Yes,540.48,2567.45,Low_spent_Large_value_payments,Standard,0
26,27402.57,1655.41,6,4,4,1,3,2,Bad,4152.83,23.29,56,Yes,93.58,841.85,Low_spent_Large_value_payments,Poor,1
22,16789.04,1090.43,7,5,1,1,1,2,Good,5110.67,71.78,27,No,449.1,186.09,High_spent_Medium_value_payments,Poor,1
49,26814.72,1848.79,6,1,2,0,0,4,Standard,5127.32,30.13,202,No,210.8,599.64,High_spent_Medium_value_payments,Standard,0
37,41163.7,2609.44,3,2,1,1,2,2,Standard,11007.82,34.72,125,No,1027.0,650.57,High_spent_Small_value_payments,Standard,1
67,37606.33,2412.89,5,7,2,7,2,1,Good,13228.49,15.65,131,Yes,601.05,844.45,High_spent_Small_value_payments,Standard,0
28,28679.48,2003.34,4,3,1,16,6,4,Standard,7634.96,9.2,78,Yes,690.83,283.09,Low_spent_Small_value_payments,Poor,1
32,15000.0,1036.0,4,3,1,7,1,1,Good,5936.7,18.07,133,Yes,521.79,50.0,High_spent_Small_value_payments,Standard,0
49,48160.28,3236.6,5,3,3,1,1,4,Standard,2519.41,13.22,281,Yes,62.13,1955.78,Low_spent_Small_value_payments,Good,0
45,118587.54,7458.01,2,2,1,1,0,4,Standard,26736.91,17.68,114,No,2603.35,1821.91,Low_spent_Medium_value_payments,Standard,0
39,47980.54,2939.67,2,4,1,6,3,1,Good,7902.06,36.6,115,Yes,620.03,848.93,High_spent_Medium_value_payments,Standard,1
58,52338.18,3149.4,7,3,0,2,1,2,Good,2746.18,36.4,358,Yes,258.5,1174.64,High_spent_Medium_value_payments,Good,0
34,51198.59,3131.27,2,5,2,8,5,6,Good,7393.63,17.4,125,No,326.39,1529.28,High_spent_Small_value_payments,Standard,0
43,46084.32,2911.14,3,3,0,0,0,4,Standard,11582.77,34.61,222,Yes,893.87,353.93,Low_spent_Small_value_payments,Standard,1
61,63512.98,4190.44,3,3,4,2,2,4,Standard,21409.38,4.33,400,Yes,517.85,1919.34,High_spent_Medium_value_payments,Good,0
24,46038.08,2794.2,3,7,2,2,0,4,Good,18278.52,10.77,60,Yes,638.13,833.05,Low_spent_Small_value_payments,Standard,0
59,30103.41,1850.63,5,5,4,1,4,4,Bad,3958.15,22.66,140,Yes,85.67,787.67,High_spent_Small_value_payments,Poor,1
43,22525.58,1395.72,7,6,2,6,2,0,Bad,7111.59,11.19,103,No,314.62,304.52,Low_spent_Large_value_payments,Poor,1
42,31276.3,2090.71,6,5,3,5,2,4,Standard,17636.03,46.63,253,Yes,533.05,758.03,Low_spent_Small_value_payments,Poor,1
27,43847.71,2923.37,3,6,3,26,7,5,Bad,14517.66,33.31,89,No,416.69,1174.43,Low_spent_Medium_value_payments,Poor,1
62,30041.96,1981.77,4,7,2,4,2,2,Bad,15966.42,15.98,305,Yes,581.79,355.13,Low_spent_Medium_value_payments,Poor,1
36,43853.21,2750.2,5,6,2,8,5,1,Good,12395.84,31.55,134,Yes,539.18,873.19,High_spent_Large_value_payments,Standard,1
28,47263.33,3025.82,3,5,3,1,2,4,Bad,3614.05,48.17,38,No,109.21,1232.51,High_spent_Large_value_payments,Poor,1
30,59868.61,3654.83,5,4,1,5,1,4,Standard,7720.38,33.2,57,No,733.58,1621.0,High_spent_Large_value_payments,Standard,0
25,78407.67,4896.82,2,8,2,3,1,1,Standard,35495.79,22.17,38,No,1623.41,510.95,High_spent_Small_value_payments,Standard,1
57,38055.64,2653.43,1,5,2,9,2,3,Good,3834.64,38.42,202,Yes,132.44,1265.25,Low_spent_Large_value_payments,Standard,1
21,16569.75,1170.05,4,7,0,10,3,3,Good,2451.99,22.31,26,No,211.0,264.82,High_spent_Medium_value_payments,Standard,0
64,29523.37,1978.55,5,7,5,1,0,8,Bad,9943.74,9.55,478,Yes,178.13,1172.53,High_spent_Small_value_payments,Standard,0
48,37288.4,2607.66,2,5,3,0,0,2,Standard,869.78,29.87,257,Yes,28.72,1293.31,Low_spent_Small_value_payments,Good,0
45,15000.0,1004.45,6,3,1,3,3,6,Bad,4254.01,16.63,261,No,302.19,391.96,Low_spent_Medium_value_payments,Poor,1
28,83549.85,5043.04,3,7,1,2,4,4,Good,35630.34,21.05,81,No,2712.35,321.43,Low_spent_Medium_value_payments,Standard,0
60,39554.18,2800.37,2,3,0,6,3,2,Bad,16342.64,6.8,131,Yes,1528.62,416.01,High_spent_Large_value_payments,Poor,0
18,45652.41,2788.08,3,5,2,0,0,3,Standard,18381.93,12.4,6,Yes,795.03,1155.32,Low_spent_Large_value_payments,Standard,1
66,82397.95,5553.23,5,5,1,5,2,1,Standard,7517.17,23.87,274,Yes,579.03,2292.48,Low_spent_Large_value_payments,Good,0
64,24882.36,1561.1,3,5,2,3,1,3,Good,11496.27,8.39,341,No,514.39,414.79,High_spent_Large_value_payments,Good,0
69,51247.66,3292.48,1,3,0,1,4,3,Standard,13065.11,35.33,423,Yes,995.48,932.76,High_spent_Medium_value_payments,Standard,0
55,33998.83,2277.84,2,6,1,4,3,5,Standard,11067.45,31.54,387,No,805.23,578.85,High_spent_Medium_value_payments,Standard,1
41,32517.96,2104.84,3,6,3,13,3,0,Bad,8555.3,52.7,77,Yes,200.01,655.21,High_spent_Small_value_payments,Poor,1
64,22849.5,1432.99,6,5,2,10,3,4,Good,8408.4,17.2,459,Yes,363.06,566.2,High_spent_Medium_value_payments,Good,0
48,98652.8,6276.6,4,4,3,10,5,5,Standard,2108.23,9.21,244,Yes,53.23,3753.95,High_spent_Large_value_payments,Good,0
58,28989.82,1846.65,5,5,0,1,1,2,Standard,9792.34,0.65,270,No,866.74,305.43,Low_spent_Large_value_payments,Good,0
63,55253.03,3889.41,3,4,2,2,0,2,Standard,28973.34,14.53,261,Yes,1317.55,719.47,High_spent_Medium_value_payments,Standard,1
67,15000.0,1029.77,4,4,0,0,2,4,Standard,415.37,24.6,412,No,39.07,472.39,Low_spent_Large_value_payments,Good,0
43,73717.32,4789.24,2,8,0,0,2,2,Standard,10315.92,62.49,131,Yes,850.8,1408.92,High_spent_Small_value_payments,Poor,0
66,68276.89,4244.41,1,4,4,1,3,1,Standard,19853.58,37.85,402,No,358.95,2025.93,High_spent_Large_value_payments,Good,0
67,38501.81,2648.39,1,2,0,10,4,2,Good,3284.33,14.4,421,No,238.63,1056.86,High_spent_Small_value_payments,Good,0
22,31692.47,1955.51,4,3,3,0,1,6,Standard,9649.14,49.05,15,No,252.22,647.85,High_spent_Large_value_payments,Poor,1
37,46166.05,2875.22,2,2,2,2,3,3,Standard,2800.16,37.26,94,Yes,124.6,1341.99,High_spent_Large_value_payments,Poor,1
69,143382.96,9171.51,5,3,3,0,1,4,Standard,54510.44,21.4,222,Yes,1759.83,3149.12,High_spent_Large_value_payments,Standard,0
58,15000.0,1043.06,2,4,1,1,2,3,Standard,4715.45,7.71,368,No,461.82,50.0,Low_spent_Small_value_payments,Good,0
28,58059.08,3566.44,5,8,5,7,1,6,Bad,9169.98,10.22,34,Yes,137.36,1683.34,Low_spent_Large_value_payments,Poor,1
50,21015.8,1288.78,3,5,1,12,4,5,Standard,3939.48,59.33,94,Yes,282.25,414.95,Low_spent_Small_value_payments,Poor,1
67,35884.08,2345.07,2,8,3,2,2,2,Good,10658.82,6.81,235,Yes,338.39,893.47,Low_spent_Small_value_payments,Good,0
55,31296.82,1971.53,2,3,2,1,3,3,Good,11119.35,36.51,200,No,498.38,668.02,High_spent_Medium_value_payments,Good,0
44,28085.51,1858.17,4,2,4,4,5,1,Good,6381.53,13.45,156,Yes,128.54,863.01,Low_spent_Large_value_payments,Good,0
51,36088.19,2341.86,2,7,2,0,1,4,Standard,6060.78,24.94,268,No,213.44,1131.77,High_spent_Medium_value_payments,Good,0
32,18388.8,1189.98,5,5,4,2,1,3,Good,5869.28,16.54,72,Yes,116.25,390.87,High_spent_Medium_value_payments,Standard,1
49,67339.9,4122.08,4,5,2,7,2,5,Standard,27670.32,73.81,301,Yes,927.06,804.04,Low_spent_Medium_value_payments,Poor,1
38,15000.0,922.92,6,7,1,0,1,5,Standard,3689.11,42.21,183,Yes,354.33,160.35,Low_spent_Medium_value_payments,Poor,0
63,50204.44,3458.84,2,7,2,1,1,2,Standard,6728.48,22.12,256,Yes,309.79,1377.53,High_spent_Medium_value_payments,Good,0
22,29854.13,2077.76,6,7,2,1,2,0,Good,4585.31,35.92,38,Yes,193.08,859.87,High_spent_Large_value_payments,Standard,1
23,17987.73,1125.0,4,5,1,2,0,3,Good,6034.64,49.22,44,No,510.86,50.0,High_spent_Large_value_payments,Standard,1
55,41004.21,2510.65,6,6,0,0,5,5,Standard,5957.41,11.46,325,Yes,424.3,910.36,High_spent_Small_value_payments,Good,0
39,15000.0,908.68,3,5,4,2,1,4,Standard,3864.77,59.65,184,Yes,93.7,357.25,Low_spent_Large_value_payments,Poor,1
35,37191.23,2476.56,7,3,2,3,3,7,Good,12261.71,48.74,74,No,458.45,845.04,Low_spent_Medium_value_payments,Poor,1
31,15464.06,1047.68,3,5,2,0,3,2,Standard,1973.84,30.16,44,No,69.37,439.68,High_spent_Small_value_payments,Standard,0
27,47894.85,3067.13,4,6,6,8,2,2,Good,7656.23,23.84,69,Yes,119.58,1184.54,Low_spent_Small_value_payments,Standard,1
63,20855.76,1404.91,3,6,4,6,3,4,Standard,1695.59,63.77,327,Yes,37.64,711.56,Low_spent_Medium_value_payments,Poor,1
30,27705.98,1876.35,6,6,3,1,1,3,Standard,14413.58,36.13,95,No,344.19,528.27,High_spent_Large_value_payments,Standard,0
48,43320.0,3038.16,3,3,1,0,2,2,Standard,1068.66,16.27,192,No,71.41,1729.01,High_spent_Small_value_payments,Good,0
47,22844.71,1386.74,4,1,5,31,7,2,Good,11572.94,16.79,96,No,214.33,691.83,High_spent_Large_value_payments,Poor,1
20,35074.22,2177.52,5,4,4,0,2,4,Good,11701.43,49.6,18,Yes,280.83,662.21,Low_spent_Large_value_payments,Poor,1
47,15000.0,911.14,6,10,2,3,2,2,Standard,4767.19,9.78,305,Yes,210.92,233.04,Low_spent_Small_value_payments,Good,1
23,53025.35,3680.13,2,7,3,6,3,4,Bad,8810.96,15.83,42,Yes,278.88,2093.17,High_spent_Medium_value_payments,Poor,0
46,104709.83,7181.67,5,1,2,13,5,3,Good,24936.35,14.13,160,Yes,1108.55,3153.3,High_spent_Medium_value_payments,Standard,0
25,193944.11,12844.0,4,4,4,3,0,2,Good,107521.37,15.09,60,Yes,2672.11,4891.19,Low_spent_Medium_value_payments,Standard,0
61,38357.33,2336.21,8,4,0,4,5,3,Bad,14948.03,38.09,169,No,1483.16,50.0,Low_spent_Small_value_payments,Poor,1
62,58274.65,3669.02,4,4,0,11,3,3,Standard,20013.21,55.11,470,Yes,1901.53,575.11,Low_spent_Medium_value_payments,Poor,1
60,15000.0,948.38,5,8,1,2,3,2,Good,2049.42,20.11,348,Yes,181.13,397.44,High_spent_Medium_value_payments,Good,0
61,89468.38,5911.6,4,5,1,2,2,5,Bad,20074.42,11.03,347,No,1390.88,1697.39,Low_spent_Medium_value_payments,Standard,0
50,57857.43,3633.18,7,2,2,11,4,8,Bad,20803.34,40.54,185,Yes,970.5,1056.33,High_spent_Medium_value_payments,Poor,1
34,27163.79,1651.3,4,2,1,6,2,2,Good,9523.08,28.63,143,Yes,863.45,50.0,High_spent_Small_value_payments,Standard,1
65,76290.86,5181.42,2,5,1,5,1,1,Good,12626.17,11.34,428,Yes,1197.6,1963.34,Low_spent_Small_value_payments,Good,0
28,31173.21,1971.39,3,3,2,0,0,4,Standard,11242.84,31.9,75,Yes,553.68,386.38,Low_spent_Medium_value_payments,Poor,1
30,27589.34,1790.57,4,5,3,2,2,3,Standard,6553.19,20.82,127,No,218.03,604.6,High_spent_Small_value_payments,Standard,1
67,48300.68,2964.84,2,6,1,2,2,2,Bad,13811.47,1.96,336,No,967.67,351.48,Low_spent_Small_value_payments,Standard,0
28,19186.98,1318.04,5,4,4,12,5,3,Standard,787.38,17.21,55,Yes,13.18,677.14,High_spent_Medium_value_payments,Poor,1
48,67035.32,4432.82,3,3,1,0,2,1,Standard,7269.57,40.1,115,Yes,660.61,1239.21,High_spent_Small_value_payments,Standard,1
45,19271.95,1344.55,3,3,0,20,6,3,Standard,2008.08,29.35,184,No,193.03,692.34,High_spent_Medium_value_payments,Poor,1
61,19340.7,1264.26,5,2,3,12,4,2,Bad,4220.31,14.54,160,No,120.52,530.3,High_spent_Large_value_payments,Poor,1
23,21040.11,1476.99,3,6,4,5,3,6,Bad,1014.39,24.55,35,No,17.41,767.59,High_spent_Medium_value_payments,Poor,1
58,57279.61,3990.21,3,6,1,2,1,3,Bad,28051.18,34.51,267,No,2617.5,50.0,Low_spent_Medium_value_payments,Poor,0
33,25082.73,1661.6,4,9,1,7,3,2,Standard,8883.35,40.6,128,Yes,647.4,242.23,Low_spent_Medium_value_payments,Poor,1
21,16174.68,1134.12,2,5,1,8,3,2,Standard,5426.1,12.71,31,No,448.99,322.59,Low_spent_Medium_value_payments,Poor,1
52,25250.27,1603.4,1,2,3,0,0,6,Bad,9393.78,20.53,225,Yes,247.48,532.4,Low_spent_Medium_value_payments,Poor,1
65,35623.99,2278.55,8,5,1,10,3,3,Good,10462.76,42.71,247,No,869.78,409.68,High_spent_Small_value_payments,Standard,1
43,17879.61,1081.59,5,4,2,0,1,2,Good,1592.44,41.82,71,No,57.2,431.96,High_spent_Medium_value_payments,Standard,0
29,18196.62,1207.95,6,3,2,2,1,3,Standard,5721.94,58.43,38,No,254.9,316.51,Low_spent_Large_value_payments,Poor,0
28,128898.15,8741.98,4,4,1,1,2,6,Standard,41780.9,34.26,50,Yes,3354.48,777.25,Low_spent_Large_value_payments,Poor,1
54,21669.49,1481.76,4,10,0,3,3,2,Bad,8219.73,18.51,232,No,653.19,253.19,High_spent_Large_value_payments,Poor,1
42,29916.77,1843.56,1,2,2,13,3,1,Good,10566.59,48.16,69,Yes,383.44,547.99,High_spent_Small_value_payments,Poor,1
35,29133.9,1888.22,2,5,1,2,3,2,Standard,10521.95,15.81,159,Yes,919.03,50.0,Low_spent_Small_value_payments,Standard,1
36,28203.06,1746.22,2,3,2,8,3,3,Good,2061.23,24.97,67,Yes,91.38,836.17,Low_spent_Medium_value_payments,Standard,0
40,52723.05,3541.57,7,6,3,3,0,2,Bad,8387.58,15.29,116,No,193.89,2136.28,Low_spent_Small_value_payments,Standard,0
55,64144.0,3958.4,5,4,2,8,2,7,Bad,11437.35,7.89,176,Yes,538.2,1346.37,High_spent_Small_value_payments,Poor,1
35,30225.08,2109.56,3,4,0,11,2,3,Bad,9097.39,42.88,174,No,875.44,71.29,High_spent_Medium_value_payments,Poor,0
43,17293.97,1080.85,4,6,3,2,2,5,Good,2920.97,35.54,176,Yes,97.02,621.71,High_spent_Small_value_payments,Standard,1
23,78015.6,4927.22,5,3,2,2,1,2,Standard,8962.6,12.47,18,No,350.34,2414.91,High_spent_Small_value_payments,Good,0
21,34296.39,2373.93,5,4,4,1,1,4,Good,14530.03,31.56,11,Yes,315.67,1224.65,High_spent_Medium_value_payments,Standard,0
61,102558.96,6662.92,2,3,4,11,3,4,Good,31077.85,31.59,463,Yes,549.35,2978.02,High_spent_Large_value_payments,Good,0
68,15000.0,903.9,4,6,4,6,2,3,Standard,4010.72,13.16,323,Yes,80.88,293.5,Low_spent_Medium_value_payments,Standard,0
46,40832.84,2668.75,4,2,4,3,1,4,Good,18052.08,41.18,202,Yes,430.05,1422.16,Low_spent_Small_value_payments,Standard,1
51,114824.92,6994.66,7,5,0,2,0,3,Standard,18750.14,47.81,282,No,1700.92,2785.95,High_spent_Medium_value_payments,Good,0
34,29379.18,2076.36,2,2,2,0,0,5,Bad,10342.48,30.68,127,No,433.52,793.16,Low_spent_Medium_value_payments,Poor,0
60,31720.04,2105.3,3,5,1,1,7,2,Good,11226.67,29.96,130,Yes,1062.55,346.29,Low_spent_Large_value_payments,Standard,0
60,43360.62,2722.14,4,6,3,1,2,1,Good,13861.98,14.41,183,Yes,435.96,1285.8,Low_spent_Medium_value_payments,Good,0
33,25970.65,1716.84,3,5,2,10,6,1,Standard,4204.45,9.84,102,Yes,203.82,633.21,Low_spent_Medium_value_payments,Poor,0
19,30114.34,1831.94,6,5,1,5,1,5,Bad,9403.71,27.28,6,Yes,689.9,585.91,Low_spent_Medium_value_payments,Poor,1
51,29652.77,2036.12,4,3,4,1,2,3,Standard,9307.46,44.33,188,Yes,172.88,1120.73,Low_spent_Medium_value_payments,Poor,0
25,24923.03,1745.22,2,11,2,2,0,2,Good,4199.44,40.54,59,No,208.29,787.88,Low_spent_Medium_value_payments,Standard,0
30,75910.78,5273.76,4,4,1,1,1,3,Bad,18898.92,54.51,60,No,1579.21,1443.1,High_spent_Large_value_payments,Poor,1
59,47889.27,3050.66,3,3,0,1,3,6,Bad,22779.98,13.53,233,Yes,2011.18,50.0,Low_spent_Large_value_payments,Poor,1
25,42208.5,2681.47,4,12,1,0,0,6,Standard,13438.01,48.63,73,Yes,1301.8,547.8,High_spent_Small_value_payments,Poor,0
47,58991.14,3561.89,3,7,3,8,3,4,Good,19307.41,39.11,79,No,545.66,1812.64,Low_spent_Small_value_payments,Standard,0
49,30988.97,2078.02,5,3,1,0,5,7,Good,9201.76,52.22,166,No,659.26,669.86,High_spent_Large_value_payments,Poor,0
53,22821.94,1501.57,3,4,1,2,2,3,Good,5955.51,18.27,203,No,473.42,393.0,High_spent_Large_value_payments,Good,0
64,25296.6,1643.68,3,3,1,1,2,2,Standard,7458.85,21.01,192,Yes,625.82,216.6,High_spent_Large_value_payments,Standard,1
47,36354.37,2538.72,6,4,3,2,3,3,Standard,15737.77,6.62,223,Yes,432.83,1221.58,High_spent_Medium_value_payments,Standard,0
18,19234.73,1189.07,4,6,1,11,3,1,Good,287.66,48.52,6,No,28.71,602.78,Low_spent_Small_value_payments,Poor,1
60,26898.97,1616.76,2,6,1,3,2,3,Good,5367.88,42.18,213,No,399.3,371.12,High_spent_Medium_value_payments,Good,0
56,26644.29,1619.82,5,4,2,2,2,1,Standard,9385.24,39.0,94,Yes,432.08,249.17,High_spent_Large_value_payments,Poor,1
34,129927.74,8110.07,4,5,2,2,3,5,Standard,19941.49,16.03,80,Yes,675.18,3734.26,Low_spent_Small_value_payments,Good,0
37,15000.0,905.41,4,6,1,0,3,6,Standard,3471.85,28.98,193,Yes,273.74,302.43,Low_spent_Medium_value_payments,Poor,1
41,32605.24,2133.93,2,4,1,4,1,1,Standard,4389.33,53.49,220,Yes,306.87,1119.19,High_spent_Small_value_payments,Poor,0
67,102274.56,6484.48,4,6,4,1,2,3,Standard,36857.77,24.68,367,Yes,788.63,2995.97,Low_spent_Large_value_payments,Good,1
39,39069.86,2420.58,6,6,1,4,2,2,Standard,20785.32,19.24,136,Yes,1583.25,50.0,High_spent_Medium_value_payments,Poor,1
46,57070.95,3888.01,3,7,2,5,2,2,Standard,8382.69,21.08,149,Yes,366.52,1845.28,Low_spent_Small_value_payments,Standard,1
39,38557.11,2398.83,1,5,2,8,5,2,Good,13486.8,8.31,140,Yes,581.71,579.16,Low_spent_Medium_value_payments,Standard,0
61,24333.27,1641.26,4,3,1,6,4,3,Bad,7238.83,16.29,105,Yes,606.85,55.06,High_spent_Large_value_payments,Poor,1
26,15000.0,956.76,5,8,7,4,1,5,Standard,7980.21,13.12,73,Yes,108.12,311.54,Low_spent_Medium_value_payments,Poor,1
54,41079.87,2692.57,4,5,3,7,3,2,Standard,11967.28,29.69,151,Yes,324.48,838.8,Low_spent_Small_value_payments,Poor,1
27,22802.74,1598.86,4,5,2,5,1,2,Good,4468.96,46.8,53,Yes,205.08,455.2,High_spent_Small_value_payments,Poor,0
53,22466.91,1357.11,6,4,3,2,1,3,Standard,6340.0,44.15,347,No,170.98,482.67,High_spent_Small_value_payments,Standard,0
54,26919.54,1761.06,3,7,2,0,0,3,Standard,4856.27,38.06,88,Yes,239.38,465.4,High_spent_Large_value_payments,Poor,1
45,103457.57,7165.08,3,6,1,7,3,4,Good,25309.13,27.57,149,Yes,1822.24,2765.02,Low_spent_Medium_value_payments,Standard,0
45,153722.23,10202.5,3,3,3,1,0,4,Good,80027.29,20.18,115,No,2431.54,3551.01,High_spent_Small_value_payments,Good,0
59,41370.56,2606.32,4,2,5,9,3,2,Standard,6433.47,40.9,438,Yes,88.55,1193.33,High_spent_Large_value_payments,Standard,1
60,27477.96,1767.06,3,11,2,5,3,1,Good,9971.38,43.32,329,Yes,358.87,607.92,High_spent_Large_value_payments,Standard,0
38,17919.85,1207.25,5,3,0,2,1,4,Bad,4297.97,47.51,188,Yes,362.4,277.44,Low_spent_Medium_value_payments,Poor,1
41,48104.17,3350.48,4,8,2,16,7,1,Bad,8336.06,32.85,200,No,340.85,1276.12,High_spent_Large_value_payments,Poor,0
59,105846.3,6397.87,2,3,0,6,2,1,Good,46949.95,12.58,126,No,4478.51,50.0,Low_spent_Large_value_payments,Standard,0
57,31306.96,1902.68,4,7,2,3,0,5,Bad,7695.89,9.94,381,Yes,256.66,770.27,Low_spent_Large_value_payments,Standard,0
19,15000.0,952.82,6,3,0,1,2,3,Standard,2486.94,17.35,6,Yes,215.29,393.43,Low_spent_Small_value_payments,Poor,1
25,54286.44,3394.08,6,4,0,1,1,1,Standard,13109.17,15.11,58,Yes,1012.81,574.57,High_spent_Large_value_payments,Standard,0
65,65594.02,4123.9,4,5,1,1,0,6,Standard,12263.59,46.95,407,Yes,1015.89,912.9,Low_spent_Small_value_payments,Standard,1
44,15000.0,935.96,5,6,3,3,0,2,Standard,5967.48,25.36,272,No,169.44,285.24,High_spent_Small_value_payments,Good,0
39,40371.95,2507.96,6,6,2,1,2,2,Standard,19262.6,22.65,103,No,815.57,566.23,Low_spent_Large_value_payments,Standard,1
54,47607.02,2923.79,4,3,5,6,1,2,Bad,7609.8,30.76,335,No,150.14,1424.29,High_spent_Small_value_payments,Standard,0
44,34756.98,2437.08,4,6,1,8,2,2,Bad,6191.89,23.39,188,Yes,616.47,510.51,High_spent_Small_value_payments,Poor,1
46,22596.21,1391.07,1,7,1,0,0,2,Standard,2110.03,36.48,284,Yes,176.18,471.28,Low_spent_Small_value_payments,Standard,1
20,66806.95,4156.35,5,4,3,6,3,3,Standard,21394.36,25.18,11,No,571.03,1098.33,Low_spent_Medium_value_payments,Poor,1
61,28508.92,1786.59,4,5,2,3,1,4,Standard,6381.47,26.01,354,Yes,289.57,602.88,High_spent_Small_value_payments,Standard,1
30,15000.0,1051.61,4,2,2,0,2,1,Standard,3848.99,39.38,47,Yes,161.57,286.47,High_spent_Large_value_payments,Poor,1
62,15000.0,1022.8,2,3,1,1,2,2,Bad,6013.02,44.58,438,Yes,548.34,62.04,High_spent_Small_value_payments,Poor,1
27,77382.02,5304.93,2,3,2,10,3,2,Standard,35718.67,10.96,95,Yes,1418.78,821.64,Low_spent_Large_value_payments,Poor,1
53,52575.13,3214.17,4,4,2,6,2,1,Good,20025.92,32.81,170,Yes,822.98,552.88,High_spent_Medium_value_payments,Standard,1
26,38283.88,2643.89,4,3,2,2,4,5,Standard,2132.61,5.74,79,Yes,73.98,1037.49,Low_spent_Large_value_payments,Standard,1
44,27884.75,1796.39,2,7,1,6,3,1,Good,9428.47,17.48,73,No,834.98,79.89,Low_spent_Large_value_payments,Standard,0
51,26439.14,1661.63,6,2,1,1,2,3,Good,8091.71,54.58,305,Yes,760.65,266.3,Low_spent_Large_value_payments,Standard,0
68,19044.96,1261.49,4,5,2,1,0,3,Standard,2195.18,42.82,317,Yes,79.68,661.82,High_spent_Medium_value_payments,Standard,0
18,28032.69,1931.65,3,1,3,12,7,5,Standard,2291.35,21.78,6,Yes,75.14,1163.3,High_spent_Medium_value_payments,Poor,1
49,15000.0,1026.53,3,6,1,1,6,2,Standard,2913.72,40.58,142,Yes,289.65,147.96,High_spent_Medium_value_payments,Poor,0
42,23350.22,1626.15,7,4,1,1,2,4,Bad,5530.61,5.93,68,No,474.92,537.5,High_spent_Medium_value_payments,Poor,0
46,30134.85,2111.09,4,4,3,4,1,1,Standard,6950.27,32.04,192,Yes,160.52,1266.19,Low_spent_Medium_value_payments,Standard,1
24,52361.56,3276.77,2,6,1,10,4,4,Good,10155.27,54.2,51,Yes,946.29,1236.62,Low_spent_Large_value_payments,Poor,1
66,35455.87,2290.16,4,6,0,7,2,2,Standard,12180.63,62.97,307,Yes,1001.62,326.31,Low_spent_Small_value_payments,Poor,1
20,58510.05,3519.88,1,3,1,2,0,0,Good,24078.69,43.84,12,Yes,2299.77,50.0,Low_spent_Medium_value_payments,Poor,0
37,81591.56,5672.73,4,4,0,5,4,1,Standard,8835.85,18.73,80,Yes,827.6,1685.28,High_spent_Small_value_payments,Standard,1
37,68521.45,4226.03,4,2,0,1,5,2,Good,14983.69,7.98,125,Yes,1291.45,1060.6,Low_spent_Medium_value_payments,Good,1
47,48161.05,3339.13,4,7,1,3,1,3,Standard,31397.87,47.51,290,No,2129.73,50.0,High_spent_Small_value_payments,Poor,0
52,36574.9,2325.01,2,5,1,9,3,4,Good,18782.44,52.17,202,No,1622.91,50.0,High_spent_Small_value_payments,Poor,1
52,20161.44,1290.09,6,7,1,13,4,3,Standard,4699.45,7.58,293,Yes,432.68,193.57,Low_spent_Medium_value_payments,Standard,0
66,56611.44,3420.69,11,6,3,6,2,6,Standard,19514.02,25.5,427,Yes,575.64,1114.9,High_spent_Large_value_payments,Standard,1
56,99493.58,6321.94,1,5,0,2,2,6,Good,36847.41,8.33,275,Yes,3260.28,50.0,Low_spent_Large_value_payments,Standard,0
44,44589.94,3104.53,4,2,4,1,2,0,Standard,7625.18,62.22,135,Yes,175.79,1771.67,High_spent_Medium_value_payments,Poor,1
43,114732.14,6915.68,6,9,1,1,2,3,Standard,17084.31,9.18,190,No,1440.37,1424.52,Low_spent_Small_value_payments,Good,1
31,15000.0,966.03,5,9,1,6,2,2,Good,4660.3,43.74,87,Yes,429.56,50.0,High_spent_Medium_value_payments,Poor,1
34,18169.54,1096.35,6,3,3,1,0,3,Bad,6745.36,12.86,150,No,166.53,547.7,High_spent_Large_value_payments,Standard,0
35,60664.92,3883.67,6,7,0,2,1,3,Standard,14739.38,17.21,78,Yes,1182.57,1266.3,High_spent_Medium_value_payments,Standard,1
62,42555.91,2632.95,1,4,0,16,6,4,Standard,12030.61,35.29,176,No,1066.26,309.77,High_spent_Medium_value_payments,Poor,1
69,79879.08,5011.0,4,6,3,12,4,5,Standard,17382.54,28.38,220,Yes,417.98,1639.71,High_spent_Large_value_payments,Poor,1
46,35979.95,2500.87,3,4,0,12,3,3,Standard,4448.47,62.64,132,No,410.21,1318.9,Low_spent_Small_value_payments,Poor,1
37,21573.37,1396.31,5,5,4,0,0,1,Standard,4677.13,37.85,142,Yes,100.78,605.68,High_spent_Small_value_payments,Standard,0
44,31947.34,2011.6,2,5,2,13,3,6,Bad,1640.97,13.13,185,No,74.7,802.11,Low_spent_Large_value_payments,Poor,0
35,15000.0,995.77,2,8,3,1,1,1,Good,7827.75,35.59,59,Yes,248.82,362.84,High_spent_Small_value_payments,Standard,1
21,18450.48,1135.43,1,8,4,7,5,2,Standard,2316.7,41.34,31,No,57.3,692.78,High_spent_Small_value_payments,Poor,1
18,65086.11,4088.06,5,6,0,1,0,4,Good,9359.76,25.65,6,Yes,714.29,1019.44,Low_spent_Small_value_payments,Standard,0
67,61308.42,4041.31,5,2,2,2,1,2,Bad,21869.36,29.12,406,No,1018.46,868.16,High_spent_Large_value_payments,Standard,1
18,45152.57,2825.34,3,7,0,2,2,4,Bad,9623.81,7.8,6,No,757.19,415.01,Low_spent_Medium_value_payments,Poor,0
43,15000.0,1010.36,2,5,1,3,1,3,Good,2688.58,38.27,80,Yes,222.74,331.83,High_spent_Small_value_payments,Standard,1
62,29288.72,1913.27,2,4,2,11,4,3,Standard,969.73,5.64,393,Yes,42.21,1200.83,Low_spent_Small_value_payments,Good,0
37,17413.48,1190.44,3,4,2,5,2,2,Good,2505.68,13.7,127,Yes,93.42,572.2,High_spent_Large_value_payments,Good,0
69,73564.65,5169.58,4,8,2,1,1,5,Good,10552.16,41.24,263,No,389.09,2914.66,High_spent_Small_value_payments,Good,0
40,25585.13,1567.21,1,4,3,2,1,7,Good,3355.68,26.83,180,No,96.64,589.27,High_spent_Small_value_payments,Good,0
27,18930.91,1204.49,6,5,2,0,0,6,Good,6373.94,26.52,85,Yes,286.8,207.45,High_spent_Small_value_payments,Standard,0
28,36970.58,2346.22,4,9,2,2,0,5,Standard,14504.95,40.65,60,Yes,714.44,465.38,Low_spent_Small_value_payments,Poor,1
58,24733.34,1524.51,4,11,1,2,3,2,Good,11975.33,30.95,200,Yes,1025.02,50.0,High_spent_Large_value_payments,Standard,0
58,88454.75,6083.77,2,4,0,1,1,6,Bad,25997.02,36.04,339,Yes,2245.81,626.34,Low_spent_Medium_value_payments,Poor,1
22,23367.78,1594.43,2,1,2,7,3,3,Standard,4040.97,6.82,31,No,162.61,768.92,Low_spent_Small_value_payments,Standard,1
18,15685.05,1023.42,1,6,0,0,0,3,Good,924.17,33.77,6,No,85.76,439.59,High_spent_Large_value_payments,Standard,1
34,15000.0,987.39,5,3,3,13,4,5,Bad,2960.03,22.36,105,No,89.97,592.91,High_spent_Medium_value_payments,Poor,1
39,35650.84,2162.05,4,7,5,3,1,1,Standard,9411.81,9.33,59,Yes,137.44,887.94,High_spent_Large_value_payments,Standard,0
51,25921.86,1711.31,3,5,1,8,4,3,Standard,8751.91,29.43,124,Yes,695.61,161.79,Low_spent_Small_value_payments,Poor,1
62,15408.23,1056.59,3,4,3,1,2,2,Bad,2987.38,22.05,192,Yes,70.88,444.08,High_spent_Medium_value_payments,Poor,0
58,74127.06,4908.43,5,4,1,2,1,3,Good,31781.38,20.13,178,No,2234.41,99.74,High_spent_Small_value_payments,Good,1
46,54195.17,3407.48,5,3,4,17,6,3,Standard,13227.79,54.33,80,Yes,323.16,1729.46,High_spent_Small_value_payments,Poor,1
21,35705.83,2400.57,1,3,1,3,1,1,Standard,1795.68,28.49,31,Yes,159.49,1039.07,High_spent_Small_value_payments,Standard,0
22,82338.64,5262.77,1,5,3,2,2,2,Bad,7203.93,37.66,25,No,231.76,3193.35,High_spent_Small_value_payments,Poor,0
28,54042.26,3561.54,7,3,5,32,8,1,Bad,22924.17,51.52,107,Yes,393.31,1622.6,Low_spent_Medium_value_payments,Poor,1
68,22165.37,1447.0,7,7,2,5,5,2,Good,7154.66,29.51,256,Yes,269.16,710.21,High_spent_Small_value_payments,Standard,1
38,19466.84,1248.4,4,10,1,8,3,1,Good,3328.59,21.1,124,No,250.82,381.35,Low_spent_Large_value_payments,Good,0
52,59325.17,4021.53,1,2,2,1,1,1,Standard,15896.73,7.68,254,No,594.42,1105.15,High_spent_Large_value_payments,Good,0
29,46065.53,3205.02,6,9,3,0,5,2,Good,17081.25,36.32,40,No,439.5,1017.12,Low_spent_Large_value_payments,Standard,0
43,40209.1,2414.82,6,6,3,12,5,3,Good,13411.73,23.49,258,Yes,328.58,1270.51,High_spent_Small_value_payments,Standard,0
68,21853.17,1532.22,4,5,4,1,2,4,Good,3270.4,24.73,217,Yes,58.34,800.38,High_spent_Small_value_payments,Good,0
36,52300.88,3427.87,7,5,0,7,2,1,Standard,18917.95,38.07,71,Yes,1828.25,531.75,High_spent_Medium_value_payments,Poor,1
62,23079.51,1559.97,3,4,3,2,2,3,Bad,8005.15,24.92,158,No,228.96,855.69,Low_spent_Medium_value_payments,Poor,1
24,34159.91,2366.23,5,2,1,10,3,4,Good,13127.77,36.88,47,Yes,971.27,618.34,Low_spent_Medium_value_payments,Poor,1
64,86523.08,5629.22,4,1,0,1,4,2,Bad,24905.73,41.14,241,Yes,2135.61,351.84,Low_spent_Large_value_payments,Poor,1
24,24428.35,1686.67,1,3,0,3,2,2,Good,7843.71,18.82,41,Yes,587.49,231.14,Low_spent_Medium_value_payments,Standard,0
43,15000.0,928.86,5,2,3,2,1,3,Good,5395.14,35.54,154,Yes,160.84,234.66,High_spent_Medium_value_payments,Standard,0
57,19311.8,1192.01,5,9,3,5,1,4,Standard,6544.82,34.85,141,No,209.84,299.5,Low_spent_Medium_value_payments,Poor,0
22,65945.19,4426.41,2,6,4,3,2,2,Good,20513.21,25.86,35,Yes,369.9,2014.34,Low_spent_Medium_value_payments,Standard,1
38,42312.54,2937.61,3,4,1,6,1,2,Standard,13621.17,3.82,90,Yes,1158.38,562.33,High_spent_Medium_value_payments,Standard,0
31,33613.18,2341.76,6,9,6,2,2,7,Standard,8657.22,7.14,41,Yes,113.96,1194.61,High_spent_Medium_value_payments,Poor,0
21,26756.79,1792.01,7,6,0,7,2,1,Standard,5624.94,46.78,16,Yes,529.73,607.99,Low_spent_Medium_value_payments,Poor,1
40,48592.09,3192.15,4,6,0,3,3,4,Good,11620.09,34.95,226,Yes,793.35,511.08,High_spent_Medium_value_payments,Standard,1
59,21819.01,1387.47,5,7,2,0,2,4,Bad,6588.15,41.8,220,No,295.97,306.33,Low_spent_Small_value_payments,Poor,1
37,43625.6,3080.69,4,7,2,6,3,4,Good,11895.98,27.14,150,Yes,524.41,1323.07,High_spent_Medium_value_payments,Standard,1
32,23417.7,1486.17,3,5,2,2,1,3,Good,13478.71,16.23,125,No,624.55,199.42,High_spent_Large_value_payments,Good,0
67,21192.54,1442.41,3,5,1,7,3,4,Good,7532.41,23.36,419,Yes,640.65,180.22,Low_spent_Small_value_payments,Good,0
69,24772.95,1629.15,4,6,0,11,3,2,Good,7456.42,18.26,370,Yes,607.72,201.3,High_spent_Small_value_payments,Good,0
62,28991.43,1930.6,1,3,2,11,3,2,Good,2293.59,41.39,153,No,86.18,924.56,Low_spent_Medium_value_payments,Standard,0
46,35266.97,2266.35,3,6,3,7,4,4,Bad,8875.77,25.41,292,Yes,283.88,979.92,High_spent_Small_value_payments,Poor,1
25,41826.0,2946.74,5,6,2,0,4,3,Good,21602.79,47.9,62,Yes,1041.85,589.6,High_spent_Large_value_payments,Poor,1
58,15000.0,992.9,2,2,2,16,9,3,Bad,4428.84,36.65,422,Yes,184.36,430.0,High_spent_Small_value_payments,Poor,1
65,22368.51,1569.36,5,2,1,3,2,2,Good,3530.24,15.69,318,Yes,342.01,572.16,Low_spent_Small_value_payments,Good,0
36,28711.64,1725.06,5,4,1,12,3,3,Standard,8940.72,45.33,77,No,608.06,95.37,Low_spent_Large_value_payments,Poor,1
65,89593.43,5931.44,4,5,1,5,2,1,Bad,20432.47,11.76,473,No,1936.04,721.53,High_spent_Large_value_payments,Good,0
56,18996.28,1287.37,6,6,1,1,1,6,Good,2038.16,28.4,166,Yes,190.62,331.76,Low_spent_Small_value_payments,Standard,0
63,40041.75,2725.71,6,8,1,4,3,3,Standard,9558.0,13.88,139,No,898.76,689.58,Low_spent_Medium_value_payments,Standard,0
45,89055.78,6216.44,4,8,2,2,0,3,Standard,36343.11,40.2,71,Yes,1602.85,2242.2,Low_spent_Medium_value_payments,Poor,1
63,16518.21,991.88,3,3,3,0,1,2,Standard,9480.66,23.74,115,No,270.47,164.68,Low_spent_Small_value_payments,Standard,1
44,45999.47,2760.13,5,9,6,9,2,3,Standard,2578.19,42.93,114,Yes,40.58,1370.96,High_spent_Medium_value_payments,Poor,1
21,22440.82,1461.26,2,5,3,19,5,6,Bad,2432.52,44.5,12,No,74.83,735.97,Low_spent_Large_value_payments,Poor,1
32,26828.49,1618.22,5,3,2,3,1,4,Bad,12759.91,23.19,140,Yes,624.6,132.66,Low_spent_Large_value_payments,Poor,1
52,22429.53,1582.57,4,4,2,1,0,4,Standard,85.16,43.02,184,Yes,4.0,751.08,High_spent_Small_value_payments,Standard,1
54,23409.23,1460.87,4,7,3,1,2,1,Standard,1183.14,56.86,100,No,30.65,682.96,Low_spent_Small_value_payments,Poor,0
18,185934.04,12108.12,4,6,1,1,2,3,Good,35433.21,37.83,6,Yes,2540.9,5828.97,High_spent_Large_value_payments,Good,0
20,60275.05,3656.42,5,5,4,9,4,3,Standard,17122.93,9.19,16,Yes,308.07,2183.2,Low_spent_Medium_value_payments,Poor,1
64,70336.26,4617.96,5,5,1,0,3,1,Standard,25643.76,4.95,183,Yes,2442.16,135.82,Low_spent_Large_value_payments,Standard,1
41,48785.87,3127.96,5,4,0,13,6,4,Standard,7883.7,48.64,141,Yes,719.4,670.81,High_spent_Small_value_payments,Poor,1
44,15000.0,907.26,1,5,1,2,1,2,Bad,5540.58,33.64,139,No,551.41,50.0,Low_spent_Small_value_payments,Poor,1
57,46026.6,2928.7,3,3,1,5,4,3,Bad,6697.82,17.35,347,Yes,646.18,548.27,Low_spent_Medium_value_payments,Poor,1
53,69130.95,4441.01,5,9,1,2,1,4,Standard,12300.86,13.06,257,Yes,1199.49,763.13,High_spent_Large_value_payments,Standard,0
51,21762.86,1539.16,6,3,1,29,8,2,Good,4970.23,16.06,130,Yes,444.38,265.7,High_spent_Large_value_payments,Poor,1
46,64808.76,4034.48,9,2,5,2,2,2,Good,16211.69,48.65,252,No,247.42,1577.65,Low_spent_Medium_value_payments,Good,0
41,55414.79,3651.93,5,10,1,2,1,3,Standard,13079.51,67.1,167,Yes,1081.12,800.72,High_spent_Large_value_payments,Poor,0
41,110329.21,7799.82,3,5,0,10,4,4,Good,61294.09,57.0,215,No,4151.0,50.0,Low_spent_Medium_value_payments,Poor,1
59,28263.6,1938.32,4,5,3,0,1,2,Bad,7577.78,15.77,401,No,222.39,907.49,Low_spent_Large_value_payments,Good,0
21,18796.64,1330.08,5,7,1,0,3,4,Standard,1550.78,28.23,28,Yes,115.43,744.82,Low_spent_Small_value_payments,Poor,1
20,29232.11,2060.57,2,2,1,18,5,1,Good,6813.89,30.19,7,Yes,664.07,421.74,Low_spent_Medium_value_payments,Poor,1
51,85934.67,5611.82,3,5,2,0,3,2,Standard,45551.84,35.8,328,No,1779.37,589.8,High_spent_Medium_value_payments,Standard,1
66,15000.0,1013.16,6,6,2,0,1,2,Good,7707.53,44.43,168,Yes,318.86,252.89,High_spent_Medium_value_payments,Standard,0
40,15000.0,917.95,5,3,2,7,1,3,Standard,7932.99,45.72,85,Yes,322.05,261.58,Low_spent_Small_value_payments,Poor,1
69,38316.55,2482.11,6,4,2,3,0,4,Bad,2149.98,26.37,481,Yes,88.56,1227.57,High_spent_Large_value_payments,Standard,1
40,27846.05,1914.82,4,2,2,3,2,3,Good,3589.08,23.83,202,No,174.22,707.48,High_spent_Medium_value_payments,Good,0
62,36484.28,2388.79,4,3,2,3,2,4,Good,8471.71,15.31,254,Yes,356.13,745.28,High_spent_Large_value_payments,Good,0
22,64035.13,4329.58,4,5,3,10,4,3,Bad,13059.93,44.92,15,Yes,385.02,1618.64,Low_spent_Large_value_payments,Poor,1
48,26067.86,1774.67,6,7,2,2,1,4,Good,5694.72,66.01,126,Yes,258.67,677.84,High_spent_Small_value_payments,Poor,1
58,15000.0,941.19,6,7,2,8,3,1,Bad,3262.07,7.38,423,No,151.52,414.28,Low_spent_Medium_value_payments,Standard,1
23,123832.97,8604.75,7,5,1,4,1,2,Good,20809.9,5.52,14,Yes,1490.38,2430.99,High_spent_Medium_value_payments,Good,0
54,19963.54,1297.26,5,4,1,0,4,4,Standard,6140.42,9.7,197,No,419.1,195.45,High_spent_Small_value_payments,Standard,0
27,19236.75,1198.01,4,8,0,6,4,6,Good,639.7,34.86,69,Yes,49.8,556.97,High_spent_Medium_value_payments,Poor,0
57,70419.96,4885.41,7,8,1,0,0,5,Standard,31696.24,50.01,347,Yes,2214.52,50.0,High_spent_Medium_value_payments,Poor,1
24,28833.88,1860.55,2,7,0,1,1,3,Good,12613.6,29.15,48,No,1148.9,50.0,Low_spent_Small_value_payments,Standard,0
56,34960.22,2381.78,4,5,0,4,3,2,Bad,10039.49,9.84,205,Yes,955.68,603.17,High_spent_Medium_value_payments,Poor,1
55,48517.22,3199.08,2,5,2,2,2,1,Standard,26018.07,22.59,161,No,1123.55,553.69,High_spent_Large_value_payments,Standard,0
38,69574.25,4462.28,3,7,1,3,2,2,Good,33112.65,30.46,176,No,2585.24,50.0,Low_spent_Small_value_payments,Standard,0
37,29730.35,2044.67,4,2,1,3,3,1,Good,13964.17,28.02,113,No,1071.22,216.79,Low_spent_Small_value_payments,Standard,0
20,90397.44,5996.22,2,3,2,4,2,3,Bad,38480.71,36.08,6,Yes,1613.61,1507.89,High_spent_Small_value_payments,Poor,1
68,15000.0,963.47,6,5,4,1,0,4,Good,9365.7,20.91,529,No,224.43,317.63,Low_spent_Large_value_payments,Good,0
39,57289.48,3505.39,3,4,3,2,4,3,Good,5960.32,18.88,187,Yes,142.72,2132.89,High_spent_Small_value_payments,Good,0
64,21944.76,1529.56,4,5,1,6,4,2,Good,6200.86,26.74,354,Yes,578.27,185.65,High_spent_Large_value_payments,Good,1
21,82732.09,4995.72,2,6,2,10,5,6,Good,2496.44,56.13,15,Yes,92.6,3137.99,Low_spent_Medium_value_payments,Poor,1
45,39546.27,2742.58,4,3,1,0,1,3,Standard,3017.01,1.2,251,Yes,223.31,907.16,High_spent_Small_value_payments,Good,0
29,24252.06,1549.7,3,7,1,2,3,3,Good,10257.68,17.53,48,Yes,747.5,228.38,Low_spent_Large_value_payments,Standard,1
55,54052.15,3617.5,3,5,4,2,1,0,Good,17089.92,42.5,103,Yes,306.29,1510.21,Low_spent_Large_value_payments,Standard,1
68,62063.48,4343.85,5,6,0,3,0,6,Standard,21681.2,26.76,281,Yes,1501.93,657.37,High_spent_Small_value_payments,Standard,0
53,53377.07,3290.35,3,4,4,0,0,3,Bad,20940.11,29.27,288,Yes,504.12,1448.8,High_spent_Small_value_payments,Poor,1
64,19578.4,1294.95,6,3,3,1,0,3,Standard,8146.55,45.64,475,No,190.85,491.63,Low_spent_Medium_value_payments,Good,0
58,27162.42,1854.69,3,2,0,4,1,5,Standard,11195.83,34.97,183,Yes,834.53,320.53,Low_spent_Small_value_payments,Poor,1
22,36226.87,2470.93,4,2,2,1,5,2,Standard,22170.59,39.72,12,No,1028.34,356.91,High_spent_Medium_value_payments,Poor,1
30,35427.52,2327.39,3,7,2,0,0,1,Standard,15951.75,35.53,52,No,554.67,1028.06,High_spent_Medium_value_payments,Standard,0
40,56945.35,3802.13,3,4,0,1,5,4,Bad,15547.65,24.73,190,Yes,1134.56,1227.76,High_spent_Large_value_payments,Poor,1
67,15000.0,1023.1,3,3,2,9,5,1,Good,4389.07,20.74,330,No,163.11,443.81,Low_spent_Medium_value_payments,Good,0
47,44382.31,3067.31,3,9,1,1,1,4,Standard,22807.41,54.89,240,Yes,2014.8,84.39,High_spent_Large_value_payments,Poor,1
54,30516.15,2082.82,7,5,1,3,2,3,Standard,7100.2,13.26,383,Yes,651.33,680.95,High_spent_Large_value_payments,Good,0
42,21958.28,1401.71,3,3,2,0,2,4,Good,2169.34,32.02,159,Yes,96.81,637.83,Low_spent_Small_value_payments,Standard,1
65,23260.41,1646.79,5,2,1,6,3,3,Standard,2201.53,12.89,147,Yes,184.16,781.86,Low_spent_Large_value_payments,Standard,0
44,31929.24,2066.05,3,7,5,2,1,0,Standard,9810.5,50.52,253,Yes,195.96,915.1,Low_spent_Small_value_payments,Standard,0
68,15000.0,903.98,1,5,3,1,1,2,Good,5357.3,31.55,168,No,160.87,317.13,Low_spent_Medium_value_payments,Good,0
31,23842.53,1524.21,7,8,4,17,6,1,Standard,4295.95,48.88,75,Yes,81.44,816.19,High_spent_Medium_value_payments,Poor,1
65,21472.13,1318.05,3,3,2,9,2,5,Standard,7901.58,47.5,501,No,376.36,225.82,High_spent_Small_value_payments,Standard,0
64,49994.58,3065.45,3,2,1,2,2,4,Standard,6846.39,19.05,248,Yes,579.37,1342.46,Low_spent_Large_value_payments,Standard,0
53,22397.04,1412.13,2,3,0,0,1,4,Good,2924.2,39.27,232,Yes,275.66,465.75,Low_spent_Small_value_payments,Standard,0
56,31918.2,1933.55,4,4,2,4,2,3,Standard,3990.79,26.15,402,Yes,133.48,1173.48,Low_spent_Medium_value_payments,Good,0
33,91616.44,6180.34,6,6,5,7,1,5,Standard,20380.92,21.12,102,No,375.01,3542.9,Low_spent_Large_value_payments,Good,1
39,65947.28,4009.7,4,4,2,10,3,2,Good,10724.27,34.09,216,Yes,465.27,2267.63,High_spent_Medium_value_payments,Standard,0
38,62402.64,3881.59,2,4,4,2,2,4,Standard,8792.89,27.2,102,Yes,200.88,2270.0,High_spent_Medium_value_payments,Standard,0
38,26905.25,1641.39,1,3,3,1,3,4,Standard,7190.85,43.17,64,No,217.34,704.8,Low_spent_Large_value_payments,Poor,1
25,50302.97,3052.6,2,10,3,1,1,8,Good,2721.66,21.32,37,Yes,64.8,1567.81,High_spent_Small_value_payments,Standard,0
66,31560.49,1985.18,4,8,4,0,1,4,Standard,1474.9,18.83,473,Yes,34.63,1223.1,High_spent_Small_value_payments,Good,0
33,32284.55,2137.09,4,10,2,7,1,2,Bad,8124.97,4.16,78,Yes,273.83,606.57,Low_spent_Large_value_payments,Poor,0
48,46435.11,3271.39,4,4,1,3,0,1,Bad,15845.95,19.57,271,No,1297.15,191.91,High_spent_Large_value_payments,Standard,0
59,25382.21,1763.69,2,7,3,12,4,1,Standard,8505.1,36.96,207,Yes,213.12,640.95,Low_spent_Large_value_payments,Poor,1
27,88947.52,6180.9,5,4,1,0,3,2,Good,15451.35,18.66,96,Yes,1331.85,1524.77,High_spent_Medium_value_payments,Good,1
49,32988.75,2042.25,2,4,1,1,3,6,Bad,10549.68,10.45,133,Yes,964.16,50.0,Low_spent_Medium_value_payments,Poor,1
51,52628.67,3308.76,3,3,4,9,3,0,Good,23856.82,21.7,85,No,579.59,1395.56,High_spent_Small_value_payments,Good,1
26,86973.63,5290.4,8,5,1,4,1,4,Good,25086.86,21.48,72,No,1741.55,1296.35,Low_spent_Small_value_payments,Good,1
34,67439.91,4615.14,1,3,2,2,2,0,Standard,11847.11,13.93,103,Yes,509.77,1647.76,High_spent_Medium_value_payments,Good,1
28,15594.11,947.44,2,5,3,1,1,3,Good,8986.89,24.68,90,Yes,235.17,228.05,High_spent_Medium_value_payments,Standard,0
49,47426.55,3131.62,2,4,5,4,3,6,Standard,7939.68,54.98,222,Yes,119.29,1814.45,High_spent_Medium_value_payments,Poor,1
27,60502.0,3792.59,4,4,3,2,0,3,Standard,15696.65,22.85,54,Yes,363.12,1655.72,Low_spent_Small_value_payments,Standard,0
39,62014.15,3884.4,4,3,3,1,4,2,Standard,19700.57,26.86,143,Yes,487.74,2094.68,Low_spent_Medium_value_payments,Standard,0
34,18620.59,1317.09,3,7,4,2,2,6,Good,2305.48,39.67,129,Yes,47.3,780.15,Low_spent_Small_value_payments,Standard,0
21,24484.09,1669.78,5,6,5,6,3,3,Bad,9170.37,27.99,18,Yes,122.61,799.22,High_spent_Medium_value_payments,Poor,1
65,65955.46,4555.34,4,4,3,2,3,4,Bad,23596.72,37.16,399,Yes,678.04,1954.27,High_spent_Large_value_payments,Poor,0
69,22992.97,1522.05,2,7,1,3,1,3,Standard,6802.62,32.17,182,Yes,477.18,266.82,Low_spent_Medium_value_payments,Poor,0
64,30338.79,2106.6,3,5,1,5,2,3,Standard,8082.87,14.43,373,Yes,693.84,471.37,Low_spent_Large_value_payments,Standard,0
42,93482.12,6262.63,4,5,1,3,0,1,Standard,8934.52,41.64,185,No,708.0,3215.58,High_spent_Large_value_payments,Good,0
38,35288.78,2479.04,4,3,2,15,4,1,Standard,11154.47,11.6,193,Yes,515.74,791.81,High_spent_Medium_value_payments,Poor,1
54,23480.73,1480.41,5,4,1,0,0,6,Standard,4530.74,14.29,178,Yes,368.27,614.42,Low_spent_Medium_value_payments,Standard,1
55,21448.92,1425.27,6,6,2,5,4,6,Standard,2968.82,61.36,172,Yes,145.63,426.82,Low_spent_Medium_value_payments,Poor,1
66,44339.52,2991.87,4,4,0,9,3,4,Standard,21271.43,30.1,390,Yes,1649.29,50.0,High_spent_Large_value_payments,Poor,0
18,16319.42,1048.63,5,3,2,1,4,6,Bad,8884.24,8.58,6,Yes,376.55,309.35,Low_spent_Small_value_payments,Poor,0
42,31307.04,2176.78,3,5,0,2,1,3,Standard,6676.29,5.35,246,Yes,608.0,442.24,Low_spent_Small_value_payments,Good,0
68,44353.12,3131.97,6,3,1,2,0,3,Good,1438.76,19.25,419,Yes,106.4,1556.29,High_spent_Medium_value_payments,Good,0
53,79180.86,5174.4,2,7,1,12,5,1,Standard,20316.67,60.23,294,No,1365.63,1122.52,Low_spent_Medium_value_payments,Poor,1
34,54205.02,3481.69,5,4,2,1,0,1,Bad,5227.0,47.62,161,No,242.63,1842.27,Low_spent_Small_value_payments,Standard,1
58,23660.47,1540.6,3,5,0,3,1,8,Good,8742.53,19.15,283,No,668.28,288.58,Low_spent_Small_value_payments,Good,1
41,73647.95,5099.24,5,2,3,0,1,3,Standard,26078.26,17.0,238,Yes,625.78,2310.69,High_spent_Small_value_payments,Good,0
19,30342.09,2032.69,3,6,2,0,2,1,Bad,14963.5,18.13,6,No,646.57,285.93,High_spent_Small_value_payments,Poor,1
57,17302.01,1046.51,5,5,4,5,4,4,Standard,2551.3,38.52,211,No,50.45,384.19,Low_spent_Medium_value_payments,Poor,0
32,32753.83,2157.61,3,5,2,3,1,2,Good,7293.97,46.84,126,No,275.41,605.87,Low_spent_Large_value_payments,Standard,1
49,86068.74,5180.26,3,5,2,0,1,3,Standard,24388.03,33.09,230,No,1100.31,1349.1,High_spent_Small_value_payments,Good,0
56,40100.5,2744.24,6,5,2,15,4,1,Bad,16742.87,33.11,270,Yes,828.16,342.1,Low_spent_Medium_value_payments,Poor,1
23,36589.37,2325.5,2,3,1,2,0,2,Good,8522.42,31.64,32,Yes,717.84,833.5,High_spent_Medium_value_payments,Standard,0
18,96986.49,6315.12,4,5,3,3,1,5,Bad,44677.14,10.36,6,Yes,1378.21,2016.19,High_spent_Large_value_payments,Poor,1
64,15385.6,1056.26,6,5,3,3,4,3,Standard,6395.3,56.99,298,Yes,201.93,500.84,High_spent_Large_value_payments,Poor,1
40,16791.71,1015.95,3,8,3,3,2,3,Standard,6602.11,21.48,209,Yes,182.22,303.54,Low_spent_Small_value_payments,Standard,0
56,15000.0,925.76,5,4,0,3,3,4,Good,7809.55,38.69,246,No,648.03,50.0,High_spent_Large_value_payments,Standard,0
34,45414.6,2920.67,3,4,2,9,3,3,Good,16513.29,49.55,57,No,748.08,443.18,Low_spent_Medium_value_payments,Poor,1
51,40130.66,2507.8,3,8,1,3,3,3,Good,12134.27,23.03,149,No,1183.15,50.0,High_spent_Small_value_payments,Standard,0
58,91641.71,5833.97,2,7,2,4,2,0,Standard,25722.11,35.09,400,No,1207.49,2744.75,High_spent_Small_value_payments,Good,0
46,42027.74,2976.13,7,4,2,1,1,4,Good,13019.21,17.86,228,Yes,603.7,1415.1,Low_spent_Large_value_payments,Good,0
26,28495.62,1964.54,3,3,4,3,0,3,Standard,3108.25,51.66,31,No,71.89,932.62,Low_spent_Medium_value_payments,Poor,1
30,36354.63,2529.4,4,5,1,4,2,4,Standard,3126.84,10.31,77,Yes,257.47,987.33,Low_spent_Medium_value_payments,Standard,0
23,38973.0,2734.01,5,3,2,6,3,3,Good,3846.92,15.9,38,Yes,183.41,1300.39,Low_spent_Medium_value_payments,Standard,1
23,15000.0,955.4,4,5,0,9,5,5,Good,6943.28,23.0,34,No,545.75,55.35,Low_spent_Medium_value_payments,Poor,1
37,184646.6,11673.05,4,5,7,5,2,3,Bad,86152.76,24.59,203,Yes,1069.86,6234.9,High_spent_Medium_value_payments,Poor,0
69,49608.76,3102.32,4,9,2,0,2,6,Standard,18082.63,29.79,342,Yes,644.08,1452.81,Low_spent_Large_value_payments,Standard,0
20,41192.23,2841.97,5,9,5,0,0,4,Good,3518.59,34.16,20,No,62.16,1079.86,High_spent_Small_value_payments,Good,0
34,52527.83,3538.37,5,6,3,4,2,2,Good,16574.57,33.19,151,Yes,506.45,1445.34,High_spent_Medium_value_payments,Standard,0
66,55583.77,3477.24,4,5,1,1,3,8,Standard,23587.88,51.12,356,Yes,1895.5,50.0,Low_spent_Large_value_payments,Poor,0
29,33378.52,2139.03,7,6,2,7,1,3,Standard,6914.14,6.37,62,Yes,289.53,698.18,High_spent_Medium_value_payments,Standard,0
65,24865.97,1628.46,4,1,4,13,6,2,Bad,2827.37,12.09,506,No,47.5,874.71,Low_spent_Small_value_payments,Standard,0
64,52034.93,3419.81,3,5,2,2,2,2,Good,24098.05,58.38,146,Yes,1166.45,212.9,High_spent_Medium_value_payments,Poor,0
62,45771.94,3187.0,3,9,1,4,1,1,Standard,21800.65,7.65,417,No,2045.21,50.0,Low_spent_Small_value_payments,Good,0
18,22338.48,1432.41,3,3,3,5,3,1,Good,7083.89,20.31,6,Yes,215.17,620.54,High_spent_Medium_value_payments,Standard,1
34,85086.3,5942.63,6,7,3,7,2,2,Standard,36337.24,58.59,116,No,834.9,3045.48,Low_spent_Medium_value_payments,Poor,0
20,43304.47,2805.33,6,5,1,3,3,3,Good,8431.88,32.79,21,No,623.54,1027.07,High_spent_Small_value_payments,Standard,0
43,56268.58,3831.09,2,4,4,0,1,0,Standard,5293.38,24.44,126,Yes,131.85,2056.26,High_spent_Small_value_payments,Good,0
32,83713.25,5866.44,2,11,4,1,1,2,Good,13077.47,25.8,37,Yes,268.02,2389.84,High_spent_Large_value_payments,Good,0
53,36795.59,2569.51,2,2,5,0,3,3,Standard,6507.02,25.73,304,Yes,124.82,1165.78,High_spent_Small_value_payments,Standard,0
49,43922.03,2662.42,6,4,4,3,0,7,Good,4595.26,30.96,98,No,102.55,1130.62,High_spent_Small_value_payments,Good,1
49,59042.71,3674.14,4,7,2,4,2,3,Standard,7573.03,45.14,152,Yes,354.69,1764.17,Low_spent_Small_value_payments,Poor,1
21,23507.7,1531.91,5,5,4,0,1,4,Standard,7991.37,21.97,32,No,173.8,793.89,Low_spent_Medium_value_payments,Standard,1
35,37512.56,2426.13,2,5,4,1,2,3,Standard,10330.11,43.4,92,Yes,188.61,1476.91,High_spent_Large_value_payments,Poor,0
66,39156.79,2621.27,4,4,1,12,4,8,Good,8440.39,45.85,306,Yes,707.37,445.39,High_spent_Large_value_payments,Poor,1
36,20462.82,1437.19,5,5,3,0,0,4,Bad,3256.66,44.74,89,No,102.8,729.93,Low_spent_Small_value_payments,Poor,1
60,145886.19,8930.82,1,8,3,3,3,2,Good,77744.53,30.12,439,Yes,2513.91,2998.48,High_spent_Small_value_payments,Good,0
69,15609.33,1012.97,5,6,1,5,2,0,Good,5354.82,20.68,238,No,483.13,70.68,High_spent_Large_value_payments,Good,0
52,16666.19,1034.71,4,6,2,1,0,3,Good,4972.68,24.66,264,Yes,221.41,308.05,High_spent_Medium_value_payments,Good,0
57,79900.38,5567.95,5,9,3,11,5,3,Bad,16692.25,11.16,117,Yes,487.66,2640.7,Low_spent_Medium_value_payments,Poor,1
31,55712.5,3924.92,4,4,2,0,3,3,Standard,12583.93,29.04,37,No,538.38,1987.89,High_spent_Large_value_payments,Standard,1
50,19622.28,1279.1,2,3,1,5,3,3,Standard,11802.26,40.46,83,Yes,895.37,50.0,Low_spent_Large_value_payments,Poor,1
31,52280.22,3195.72,3,6,1,2,0,4,Standard,14832.76,18.55,127,Yes,1369.06,808.64,High_spent_Small_value_payments,Standard,1
51,87615.24,6002.29,4,3,3,1,3,2,Good,19709.3,44.4,99,No,595.21,3111.28,High_spent_Small_value_payments,Good,0
21,35662.04,2409.06,2,8,1,2,1,1,Standard,2699.02,46.18,15,Yes,216.85,1102.14,High_spent_Small_value_payments,Poor,1
41,172696.97,11025.37,3,4,1,3,3,4,Standard,19107.28,21.37,149,Yes,1568.01,5894.81,Low_spent_Small_value_payments,Good,0
46,15000.0,1044.2,5,6,4,1,2,4,Good,5567.38,24.91,160,Yes,112.99,504.85,High_spent_Small_value_payments,Standard,0
36,55066.35,3886.12,6,4,2,12,6,3,Bad,14277.59,15.24,86,No,713.52,1055.73,Low_spent_Small_value_payments,Poor,1
23,73124.37,4829.38,4,4,3,0,4,5,Good,20602.44,28.08,44,Yes,668.81,2455.11,Low_spent_Medium_value_payments,Standard,1
50,61994.83,4099.64,2,8,1,4,2,2,Standard,4705.34,47.13,324,No,330.36,1461.71,Low_spent_Large_value_payments,Good,0
66,32124.9,2031.03,6,7,3,3,1,7,Good,4931.85,6.69,410,Yes,135.41,1100.85,Low_spent_Large_value_payments,Good,0
57,30507.72,2023.64,5,7,0,9,3,6,Standard,15700.32,9.73,111,No,1186.1,50.0,High_spent_Small_value_payments,Poor,1
36,47405.2,3070.09,6,7,3,2,0,5,Standard,15141.48,43.04,138,Yes,386.86,1292.31,High_spent_Medium_value_payments,Poor,1
18,59245.95,3748.71,4,3,2,4,3,1,Standard,24042.94,16.15,6,Yes,807.72,726.56,Low_spent_Large_value_payments,Poor,0
22,52129.38,3165.7,5,4,1,12,6,5,Good,11855.56,12.2,42,Yes,842.61,980.88,Low_spent_Small_value_payments,Poor,0
44,67780.83,4252.41,4,3,1,0,1,1,Standard,23759.99,15.17,199,No,2050.28,639.53,Low_spent_Large_value_payments,Good,0
33,19705.99,1224.6,3,1,1,3,2,2,Standard,3450.13,2.02,55,Yes,305.78,437.25,Low_spent_Medium_value_payments,Standard,1
23,31676.72,2086.61,2,5,2,12,5,1,Good,13880.78,15.46,17,Yes,683.49,292.81,Low_spent_Medium_value_payments,Poor,1
57,20660.74,1374.31,3,7,2,0,0,3,Good,3629.66,64.47,139,No,170.92,500.9,Low_spent_Large_value_payments,Standard,1
30,28805.81,1918.26,3,4,3,10,2,2,Standard,3529.8,44.26,57,No,88.28,902.18,High_spent_Medium_value_payments,Poor,1
65,66778.24,4287.52,3,7,2,0,0,1,Standard,6613.8,19.37,420,No,279.2,1651.82,High_spent_Medium_value_payments,Good,0
52,38746.29,2501.59,6,2,3,8,3,6,Standard,11537.85,22.91,267,No,281.56,925.78,High_spent_Medium_value_payments,Standard,0
36,173531.69,11980.21,5,3,2,10,5,6,Standard,66264.87,47.0,125,No,2723.02,5441.88,Low_spent_Small_value_payments,Poor,0
29,40783.95,2657.45,4,7,2,0,1,1,Good,20795.17,67.1,86,No,959.26,738.41,Low_spent_Small_value_payments,Poor,1
33,37639.72,2661.16,4,3,2,1,1,4,Good,18331.91,38.12,136,Yes,843.39,600.79,High_spent_Medium_value_payments,Standard,1
60,38704.45,2506.6,3,5,2,2,2,2,Bad,7530.23,14.55,148,Yes,347.9,1207.5,Low_spent_Medium_value_payments,Poor,1
27,24768.17,1660.39,3,5,4,3,1,0,Standard,14311.3,31.15,77,No,263.24,554.69,High_spent_Small_value_payments,Standard,0
42,35076.9,2123.75,4,7,1,4,3,4,Standard,4365.37,32.96,213,Yes,352.59,909.96,Low_spent_Medium_value_payments,Poor,0
37,71444.26,4792.33,1,5,2,0,0,0,Good,32332.57,10.01,199,Yes,1456.97,1111.49,High_spent_Large_value_payments,Good,0
48,38885.72,2691.82,3,6,2,0,0,3,Good,9754.94,19.69,304,Yes,342.09,800.53,High_spent_Large_value_payments,Good,0
21,22559.78,1583.92,4,5,1,1,1,2,Good,4220.09,46.24,30,Yes,328.43,717.64,High_spent_Small_value_payments,Standard,1
61,20846.66,1476.03,5,5,0,7,3,1,Standard,8853.17,13.09,377,No,769.63,116.47,Low_spent_Large_value_payments,Good,0
40,27719.15,1747.88,5,6,1,1,0,2,Bad,1118.75,39.43,80,No,93.74,729.09,Low_spent_Small_value_payments,Poor,0
19,37961.13,2514.29,2,7,7,6,1,1,Standard,5526.53,5.01,8,Yes,54.55,1663.04,Low_spent_Small_value_payments,Standard,0
39,74321.23,4822.17,2,4,1,2,1,5,Standard,36944.53,29.64,139,No,3344.8,50.0,Low_spent_Medium_value_payments,Poor,1
68,16247.7,1074.1,4,5,0,5,1,3,Standard,7643.16,31.04,256,Yes,605.05,50.0,High_spent_Large_value_payments,Poor,1
54,29974.56,1849.6,3,5,3,0,4,1,Good,6485.98,22.4,171,Yes,211.43,633.62,Low_spent_Medium_value_payments,Good,0
25,39600.06,2743.29,4,6,3,0,4,1,Good,1527.95,27.79,53,Yes,38.62,1758.19,High_spent_Medium_value_payments,Good,0
24,15000.0,1047.8,8,6,0,6,2,1,Bad,2036.62,16.32,33,Yes,202.34,219.03,High_spent_Large_value_payments,Poor,1
31,22022.96,1428.66,4,2,2,13,5,3,Standard,5991.82,12.5,82,Yes,287.37,324.2,Low_spent_Small_value_payments,Poor,1
20,24150.66,1522.41,1,3,0,0,2,1,Good,11761.24,22.37,9,Yes,1065.69,50.0,Low_spent_Medium_value_payments,Standard,0
67,22525.83,1385.92,3,3,4,2,3,3,Good,6834.6,6.95,278,Yes,126.48,683.15,Low_spent_Small_value_payments,Good,0
33,40746.85,2746.64,7,8,2,7,3,2,Standard,8394.86,56.1,95,Yes,373.42,1404.05,Low_spent_Medium_value_payments,Poor,0
36,32980.25,2090.37,5,1,0,0,2,1,Bad,13747.9,8.38,108,No,987.08,55.89,Low_spent_Medium_value_payments,Poor,1
68,26025.4,1817.96,2,5,3,1,2,3,Bad,10234.34,10.52,209,No,295.87,621.12,Low_spent_Large_value_payments,Standard,0
35,46947.14,3158.1,2,5,2,1,3,5,Good,7837.47,62.01,62,Yes,352.35,1528.77,Low_spent_Medium_value_payments,Poor,1
69,102113.97,6841.12,2,7,1,3,0,1,Standard,50666.51,24.67,537,Yes,3936.31,50.0,Low_spent_Large_value_payments,Standard,0
33,97105.56,6414.81,3,10,3,0,3,0,Standard,26773.12,21.51,54,Yes,890.68,2135.13,High_spent_Large_value_payments,Standard,1
25,15000.0,907.44,6,4,2,3,4,5,Good,5918.34,6.42,25,Yes,205.9,194.74,Low_spent_Medium_value_payments,Standard,1
50,51340.92,3598.78,3,4,2,5,2,2,Bad,20785.55,44.22,326,Yes,901.17,1274.96,Low_spent_Small_value_payments,Poor,1
66,32636.48,2180.2,3,3,0,3,3,4,Standard,13114.39,17.66,271,No,1189.43,284.1,High_spent_Small_value_payments,Standard,1
29,39858.59,2820.75,5,4,3,0,0,2,Standard,14202.78,31.18,30,Yes,338.31,1098.53,Low_spent_Medium_value_payments,Poor,0
28,28596.23,1882.24,4,1,2,0,2,1,Good,12208.84,54.41,59,Yes,590.06,577.18,Low_spent_Small_value_payments,Poor,1
22,38970.23,2638.01,2,7,5,20,5,4,Bad,12198.13,15.03,33,Yes,208.42,1269.72,High_spent_Small_value_payments,Poor,1
44,39769.06,2410.36,3,4,0,6,1,0,Good,16178.56,33.0,195,No,1598.33,50.0,Low_spent_Medium_value_payments,Standard,1
29,25658.47,1715.11,6,6,1,10,4,2,Standard,14893.98,54.41,81,Yes,1200.58,50.0,High_spent_Large_value_payments,Poor,1
34,21208.97,1448.23,6,4,1,0,0,3,Bad,3455.19,38.86,172,Yes,339.05,431.53,High_spent_Medium_value_payments,Poor,1
23,27744.21,1898.64,6,5,1,8,3,3,Good,4037.15,26.0,29,Yes,345.69,475.63,Low_spent_Large_value_payments,Poor,0
50,41795.98,2856.46,3,4,0,13,4,1,Good,18342.35,7.82,130,No,1357.17,360.06,High_spent_Large_value_payments,Standard,0
22,52020.74,3248.77,3,5,1,1,2,4,Bad,22183.2,64.23,23,Yes,1805.26,50.0,High_spent_Small_value_payments,Poor,1
45,60597.53,4276.17,6,5,3,1,0,4,Standard,15357.69,32.8,234,No,417.54,2493.01,High_spent_Large_value_payments,Good,0
31,26997.13,1910.89,5,6,1,4,3,2,Standard,7289.95,53.32,92,No,701.0,522.93,High_spent_Large_value_payments,Poor,1
22,43058.15,2618.75,6,7,0,0,2,2,Bad,22921.03,31.04,26,Yes,1833.12,50.0,Low_spent_Medium_value_payments,Poor,1
50,64699.03,4538.3,4,6,2,0,1,2,Standard,6810.12,31.35,186,Yes,319.35,2247.79,High_spent_Large_value_payments,Good,0
67,73083.43,4614.17,3,2,1,7,3,3,Good,17523.89,43.53,518,Yes,1647.61,522.15,Low_spent_Medium_value_payments,Good,0
65,35055.94,2365.13,2,5,1,8,4,5,Standard,9655.48,16.37,374,Yes,807.03,448.69,Low_spent_Large_value_payments,Standard,1
58,31806.98,2024.92,3,7,2,4,2,7,Standard,7628.03,29.81,343,Yes,266.93,1006.82,Low_spent_Medium_value_payments,Standard,1
36,40728.14,2870.68,6,5,0,3,3,2,Good,9718.61,42.8,121,Yes,908.84,682.5,High_spent_Large_value_payments,Standard,0
39,18218.18,1113.12,3,5,3,4,1,1,Standard,4650.07,45.42,146,Yes,151.9,466.97,Low_spent_Medium_value_payments,Poor,0
22,32332.7,2114.31,2,8,2,2,0,3,Standard,8549.1,8.96,19,No,424.05,1047.25,High_spent_Medium_value_payments,Standard,0
19,56769.35,3669.41,5,4,0,1,1,3,Standard,26684.96,45.66,6,No,2011.32,50.0,Low_spent_Large_value_payments,Poor,1
47,53378.76,3391.26,7,3,2,0,2,5,Bad,13061.54,13.45,248,Yes,466.61,1024.14,High_spent_Small_value_payments,Poor,1
64,30879.24,2068.7,7,4,2,1,0,1,Standard,5190.75,17.4,133,No,185.69,726.63,Low_spent_Medium_value_payments,Good,0
56,41383.23,2541.75,5,4,5,3,3,4,Good,13941.73,43.25,401,Yes,249.38,791.3,Low_spent_Medium_value_payments,Good,0
21,22141.52,1500.39,5,6,0,0,1,3,Standard,3053.34,26.02,29,Yes,299.47,497.2,High_spent_Large_value_payments,Poor,1
50,55386.73,3911.58,4,9,1,9,7,4,Standard,10206.22,36.72,291,No,708.52,1994.37,Low_spent_Large_value_payments,Standard,1
30,34658.81,2381.62,3,4,0,3,0,6,Bad,6276.12,23.65,95,Yes,515.11,799.48,Low_spent_Medium_value_payments,Poor,1
37,30774.11,2133.16,2,4,0,4,3,2,Standard,3591.15,36.27,149,Yes,325.0,586.7,High_spent_Large_value_payments,Poor,1
24,29230.43,1867.71,3,4,1,1,0,1,Standard,6821.21,8.06,51,Yes,638.69,572.13,High_spent_Small_value_payments,Standard,0
32,34970.62,2221.32,3,6,4,24,9,3,Bad,11978.42,3.68,141,Yes,245.25,787.61,Low_spent_Small_value_payments,Poor,1
40,27757.83,1820.95,3,5,1,2,1,3,Good,2859.21,36.41,148,No,191.06,1039.86,High_spent_Large_value_payments,Good,0
31,53900.0,3260.7,6,5,3,1,2,4,Standard,17028.91,26.1,49,Yes,403.26,1071.93,High_spent_Medium_value_payments,Poor,1
40,28647.74,2012.26,3,6,2,15,6,3,Good,6856.64,15.17,68,Yes,237.72,768.98,High_spent_Medium_value_payments,Poor,0
36,94445.52,5813.85,5,7,0,0,2,6,Good,17718.82,10.0,122,Yes,1495.81,885.29,Low_spent_Small_value_payments,Good,0
46,87476.57,6104.35,6,5,0,16,6,4,Standard,13931.05,27.13,220,Yes,1261.79,1833.11,Low_spent_Large_value_payments,Poor,1
37,21270.45,1295.49,2,3,4,1,0,0,Standard,4829.12,16.39,185,Yes,110.45,756.1,High_spent_Small_value_payments,Good,0
46,37866.52,2609.45,3,2,2,6,2,3,Standard,20543.0,52.54,280,No,797.29,299.9,High_spent_Medium_value_payments,Poor,1
41,24577.98,1515.14,6,5,0,1,4,0,Standard,9298.34,6.61,192,Yes,689.44,213.42,Low_spent_Medium_value_payments,Standard,0
35,29852.13,1803.46,2,2,6,4,3,3,Bad,3783.27,51.0,170,Yes,52.29,1022.55,Low_spent_Small_value_payments,Poor,1
27,120747.45,8186.01,7,5,1,4,4,4,Standard,28834.27,4.21,90,Yes,2399.69,1661.51,High_spent_Large_value_payments,Standard,1
58,30195.77,1903.43,2,4,2,8,3,4,Standard,14120.56,56.09,195,Yes,675.67,197.3,High_spent_Small_value_payments,Poor,1
25,45077.37,3053.56,3,8,7,4,1,8,Good,18156.55,13.85,38,Yes,247.11,1599.19,High_spent_Small_value_payments,Standard,0
43,50251.35,3317.26,9,6,2,10,2,5,Standard,26736.06,27.83,234,Yes,965.45,540.96,Low_spent_Small_value_payments,Poor,1
46,19922.85,1218.85,7,4,3,8,3,5,Bad,6218.26,4.0,299,Yes,142.99,440.65,High_spent_Large_value_payments,Poor,1
27,21740.73,1523.98,2,3,3,2,1,3,Bad,11374.79,50.98,31,Yes,308.98,541.13,High_spent_Large_value_payments,Poor,1
34,17612.89,1143.08,2,5,2,4,3,8,Good,6043.91,33.22,152,Yes,260.18,231.85,Low_spent_Small_value_payments,Poor,1
19,21341.69,1450.31,6,2,2,8,6,1,Bad,3196.12,16.22,6,No,156.38,608.09,High_spent_Large_value_payments,Poor,1
23,15000.0,981.42,5,8,3,11,4,1,Standard,2206.55,11.26,37,Yes,70.66,374.55,High_spent_Large_value_payments,Poor,1
22,50349.78,3350.64,5,3,2,0,0,5,Standard,4536.86,10.27,26,Yes,212.65,1653.95,High_spent_Small_value_payments,Standard,0
45,124556.7,7881.95,2,4,3,8,3,5,Standard,8011.59,20.17,217,Yes,262.52,3875.27,Low_spent_Medium_value_payments,Good,1
58,39683.57,2467.15,2,9,2,3,4,4,Standard,14580.81,8.43,395,No,656.95,647.44,Low_spent_Medium_value_payments,Good,0
22,15525.49,1022.79,5,6,1,4,3,1,Good,2249.77,23.12,23,Yes,161.98,457.29,High_spent_Small_value_payments,Standard,1
35,24694.46,1599.44,5,3,0,2,1,3,Good,9541.53,46.07,144,Yes,918.31,50.0,Low_spent_Medium_value_payments,Poor,1
43,27575.25,1771.05,1,5,1,0,3,4,Good,8063.81,12.7,173,No,725.74,127.58,Low_spent_Small_value_payments,Good,0
37,19721.19,1326.96,3,6,1,14,6,4,Good,5458.64,16.2,131,Yes,503.73,329.12,Low_spent_Medium_value_payments,Poor,1
58,60846.5,4105.95,1,6,3,13,3,2,Standard,5254.01,34.77,394,No,148.9,1687.94,Low_spent_Small_value_payments,Good,0
66,59050.96,3572.43,4,5,3,1,0,2,Standard,8243.07,23.77,434,No,258.09,1246.38,High_spent_Small_value_payments,Good,0
44,18155.5,1155.96,3,5,4,2,3,1,Bad,1616.23,45.77,145,No,28.27,607.36,Low_spent_Large_value_payments,Poor,1
66,56108.84,3616.82,3,7,2,4,1,3,Bad,8260.11,47.85,306,Yes,371.95,1710.92,High_spent_Large_value_payments,Poor,1
29,90770.32,5541.5,3,6,1,4,1,5,Bad,18472.48,25.87,39,Yes,1498.45,956.4,High_spent_Small_value_payments,Poor,1
24,113724.59,7114.11,6,5,1,0,1,3,Bad,22250.11,25.28,15,No,1627.1,2843.36,High_spent_Large_value_payments,Poor,1
20,202628.03,12271.04,7,4,3,0,2,6,Good,53228.25,31.99,11,No,1420.59,4311.09,High_spent_Medium_value_payments,Good,0
27,21137.51,1496.38,3,5,0,19,5,3,Good,5174.68,56.32,61,Yes,493.53,405.73,Low_spent_Medium_value_payments,Poor,1
51,197705.19,13439.87,6,7,2,20,7,5,Good,28201.99,10.78,228,Yes,1047.77,6868.0,High_spent_Small_value_payments,Good,0
42,29362.57,1789.57,6,8,2,4,2,2,Standard,6250.5,44.47,257,No,275.19,637.8,High_spent_Large_value_payments,Standard,0
52,25451.27,1532.66,7,5,2,2,3,3,Bad,11193.89,38.84,176,Yes,515.34,374.68,High_spent_Large_value_payments,Poor,1
33,44189.54,2995.71,4,6,1,15,3,5,Standard,16762.56,15.9,107,Yes,1301.1,470.17,Low_spent_Small_value_payments,Poor,1
19,25610.64,1658.49,2,5,2,3,1,3,Bad,5074.76,59.27,6,No,191.56,768.11,Low_spent_Large_value_payments,Poor,1
41,46139.58,3161.65,4,8,2,3,1,2,Standard,16655.16,25.8,166,No,746.92,1033.12,Low_spent_Large_value_payments,Standard,0
27,16447.91,1151.42,1,4,2,0,1,2,Standard,1050.47,33.92,84,No,36.57,531.02,High_spent_Medium_value_payments,Standard,0
55,31468.69,2092.43,5,7,3,2,0,3,Bad,1799.01,38.25,137,No,51.11,957.9,High_spent_Small_value_payments,Poor,0
39,78538.9,4871.53,4,6,2,5,2,7,Good,25835.25,31.73,117,Yes,1239.25,1684.19,Low_spent_Small_value_payments,Standard,0
43,35093.22,2402.97,6,5,0,6,1,4,Good,4703.26,58.32,175,No,408.19,1235.2,Low_spent_Medium_value_payments,Standard,0
60,39535.63,2781.51,2,4,1,27,6,8,Good,12505.26,20.14,123,Yes,990.09,579.7,High_spent_Medium_value_payments,Poor,1
56,48298.47,3201.5,2,6,4,7,3,4,Good,21073.2,17.36,203,No,486.59,1576.57,High_spent_Large_value_payments,Good,0
44,73305.94,4939.96,4,5,2,5,4,1,Standard,13260.94,44.41,145,No,522.77,2304.9,High_spent_Medium_value_payments,Standard,1
46,15000.0,954.84,3,3,5,1,3,8,Standard,4449.46,30.28,101,Yes,66.78,496.43,High_spent_Medium_value_payments,Poor,1
64,51570.98,3307.41,3,9,2,2,2,3,Bad,14838.66,25.17,477,Yes,516.33,1722.83,High_spent_Small_value_payments,Standard,1
55,30918.7,2101.2,2,5,4,6,1,5,Good,5043.43,22.6,190,No,120.57,1321.09,High_spent_Medium_value_payments,Good,0
37,40134.14,2811.43,5,7,0,3,0,5,Good,16159.79,7.71,147,No,1423.35,50.0,Low_spent_Small_value_payments,Good,0
44,68594.67,4583.09,3,5,3,7,2,3,Good,16226.1,20.83,261,No,445.94,2681.59,High_spent_Medium_value_payments,Good,0
58,17738.42,1216.09,6,4,4,5,2,1,Standard,917.5,19.34,255,Yes,20.22,518.75,Low_spent_Small_value_payments,Standard,0
37,19779.74,1223.56,6,3,1,3,0,0,Standard,6813.41,29.01,60,Yes,490.85,236.63,Low_spent_Small_value_payments,Poor,1
61,15000.0,934.44,3,3,1,2,1,1,Standard,3792.79,24.74,271,No,256.24,215.99,High_spent_Small_value_payments,Good,0
36,26121.26,1717.83,4,4,3,0,1,0,Good,4504.17,28.25,81,Yes,140.39,657.44,Low_spent_Large_value_payments,Good,1
37,80681.08,4995.18,5,8,3,2,1,2,Standard,4330.76,36.43,158,No,139.72,2122.74,High_spent_Small_value_payments,Good,0
52,33780.79,2259.23,5,6,2,5,1,1,Standard,8247.83,63.09,190,Yes,288.73,1198.16,High_spent_Small_value_payments,Poor,1
64,16251.25,1026.42,4,4,3,0,3,2,Good,1931.83,18.59,438,Yes,52.06,531.59,Low_spent_Medium_value_payments,Good,0
19,27135.35,1860.8,5,3,3,1,3,3,Good,6184.73,40.68,8,Yes,199.6,822.03,Low_spent_Large_value_payments,Poor,1
47,15000.0,1031.32,5,6,2,0,1,4,Good,5569.48,38.9,291,Yes,260.86,371.05,High_spent_Small_value_payments,Standard,0
51,18488.21,1202.18,10,9,3,1,1,2,Good,8596.82,19.58,186,Yes,229.55,568.06,High_spent_Small_value_payments,Good,0
39,45857.38,2841.27,6,5,4,8,3,3,Good,13475.03,8.36,189,Yes,235.29,1034.73,Low_spent_Small_value_payments,Good,0
20,17955.94,1203.17,3,6,1,2,0,3,Good,7964.6,67.43,18,Yes,616.71,95.79,High_spent_Large_value_payments,Poor,1
23,70797.61,5009.3,3,6,2,10,4,4,Standard,9575.62,7.85,14,Yes,448.84,2596.87,High_spent_Small_value_payments,Standard,1
32,34798.44,2322.61,2,5,1,6,1,3,Good,11972.42,39.42,55,Yes,892.44,245.25,Low_spent_Small_value_payments,Poor,0
44,38229.27,2308.57,4,5,2,2,0,2,Bad,5698.49,9.89,223,Yes,278.33,1250.5,High_spent_Medium_value_payments,Standard,1
27,30729.43,1849.52,3,5,2,0,2,4,Standard,10154.89,43.74,66,Yes,400.14,606.55,High_spent_Large_value_payments,Poor,1
26,57740.19,3664.8,6,6,1,0,1,3,Good,10220.41,47.59,29,Yes,971.87,645.8,Low_spent_Medium_value_payments,Standard,1
50,58098.55,3609.14,6,9,4,2,0,4,Good,7790.2,18.4,276,No,157.54,1831.11,High_spent_Large_value_payments,Good,0
49,44401.68,3055.19,2,3,3,3,2,2,Bad,13285.1,42.95,284,Yes,373.89,897.15,Low_spent_Small_value_payments,Poor,1
65,50963.93,3524.26,5,11,2,2,3,4,Good,13651.43,24.68,317,Yes,636.23,1437.98,High_spent_Medium_value_payments,Good,0
23,31976.17,2008.16,3,5,2,2,2,4,Standard,3905.65,9.13,52,Yes,150.72,675.13,Low_spent_Medium_value_payments,Standard,1
58,50277.95,3194.05,5,2,0,6,4,3,Standard,17528.25,19.66,205,No,1174.93,1020.94,High_spent_Medium_value_payments,Standard,0
53,29651.66,1854.99,3,5,1,0,2,2,Standard,3153.33,29.08,308,Yes,228.52,605.56,Low_spent_Large_value_payments,Standard,0
19,36364.16,2539.7,7,6,3,0,1,1,Standard,2929.16,25.33,10,No,77.32,1191.84,High_spent_Medium_value_payments,Standard,0
46,30798.27,2015.6,3,9,4,3,3,1,Standard,3676.16,30.11,86,No,90.55,1210.41,High_spent_Small_value_payments,Standard,1
21,27602.7,1852.37,5,3,4,0,0,2,Standard,5470.02,20.62,24,Yes,133.42,1121.11,High_spent_Small_value_payments,Standard,1
18,24017.38,1549.15,6,3,7,2,2,1,Good,10688.8,10.37,6,Yes,150.63,902.12,Low_spent_Medium_value_payments,Standard,0
36,48079.64,3213.45,6,2,1,1,0,3,Standard,17940.72,19.51,70,Yes,1724.22,50.0,Low_spent_Small_value_payments,Poor,1
43,79727.0,5116.89,2,9,0,1,3,2,Standard,13668.58,14.68,122,Yes,1257.65,1747.48,Low_spent_Small_value_payments,Standard,1
42,73325.31,4669.34,3,4,2,3,2,3,Bad,30694.32,31.85,218,Yes,1030.65,933.29,High_spent_Small_value_payments,Poor,1
27,17086.79,1142.65,1,4,1,3,1,1,Standard,5832.3,1.78,73,No,474.64,212.15,High_spent_Small_value_payments,Good,1
32,78709.71,5226.57,9,4,1,2,1,3,Standard,39129.16,49.73,126,Yes,3658.6,50.0,High_spent_Medium_value_payments,Poor,1
39,30004.57,1895.69,7,5,5,0,5,6,Good,5693.83,33.51,51,Yes,80.13,705.7,Low_spent_Medium_value_payments,Poor,1
68,52074.98,3208.75,2,5,2,3,3,2,Standard,8769.85,59.08,227,Yes,398.98,1320.06,Low_spent_Large_value_payments,Poor,1
65,21084.02,1349.23,5,4,0,8,2,2,Bad,4753.35,17.9,319,Yes,434.53,335.26,High_spent_Large_value_payments,Poor,1
38,39544.74,2550.56,2,3,2,5,3,4,Good,1663.58,36.95,140,Yes,61.4,1407.79,High_spent_Large_value_payments,Standard,0
39,43837.02,2928.78,3,3,4,3,1,0,Standard,11539.76,3.35,157,Yes,281.6,1537.98,Low_spent_Medium_value_payments,Good,0
53,15000.0,1048.61,6,6,1,0,0,5,Bad,5283.36,18.45,218,Yes,390.02,275.61,Low_spent_Medium_value_payments,Poor,0
51,52310.91,3159.16,4,4,1,4,1,4,Standard,11274.2,44.52,201,No,1106.24,969.1,Low_spent_Large_value_payments,Standard,0
47,81435.05,5101.06,2,10,1,3,3,4,Standard,23078.25,10.35,295,Yes,2000.6,678.36,Low_spent_Large_value_payments,Standard,0
42,32702.64,2030.79,5,7,1,8,5,3,Bad,7931.26,18.24,194,Yes,530.92,330.68,Low_spent_Small_value_payments,Poor,1
62,82133.47,5374.94,4,6,0,0,1,3,Standard,7968.83,39.67,321,Yes,693.7,2711.07,Low_spent_Large_value_payments,Good,1
45,32408.76,2095.39,3,4,2,2,0,2,Standard,6326.91,24.49,79,Yes,269.46,960.0,Low_spent_Medium_value_payments,Standard,1
18,60460.81,4105.16,4,8,1,0,2,2,Bad,8251.23,13.58,6,Yes,730.46,1217.88,High_spent_Medium_value_payments,Poor,1
66,15000.0,939.39,4,4,1,3,2,2,Standard,4715.52,37.19,432,No,396.6,224.02,Low_spent_Large_value_payments,Good,0
62,155013.37,10299.15,2,6,2,11,4,3,Bad,25100.55,47.58,474,Yes,1085.37,4017.4,High_spent_Large_value_payments,Standard,1
21,89078.65,6197.66,2,2,3,14,3,2,Standard,5028.26,48.53,12,Yes,144.82,3496.55,High_spent_Small_value_payments,Poor,1
24,30614.37,2138.89,5,4,1,0,1,3,Standard,12646.14,53.05,45,Yes,1192.53,50.0,High_spent_Large_value_payments,Poor,1
66,15000.0,1055.8,6,3,1,2,1,5,Standard,5940.68,17.49,293,Yes,526.95,128.93,Low_spent_Large_value_payments,Standard,1
26,43166.37,2951.59,7,3,3,1,1,2,Standard,1878.49,36.55,59,Yes,47.49,1238.01,High_spent_Large_value_payments,Standard,0
53,15269.99,1066.07,2,7,2,5,2,3,Standard,6050.68,36.96,285,No,206.61,406.37,Low_spent_Large_value_payments,Standard,0
36,47425.35,2966.02,4,3,4,6,4,4,Standard,12214.99,4.16,152,Yes,244.67,1016.62,Low_spent_Large_value_payments,Standard,0
18,46487.53,2888.76,4,5,0,1,0,3,Standard,5963.92,20.25,6,Yes,527.64,1291.02,Low_spent_Large_value_payments,Standard,1
27,20643.55,1240.06,2,5,2,1,0,3,Standard,11041.36,27.79,76,Yes,409.41,205.51,High_spent_Large_value_payments,Poor,0
53,71152.46,4814.0,5,6,5,1,3,1,Standard,17077.98,42.51,147,Yes,338.43,2872.74,High_spent_Medium_value_payments,Standard,1
26,58885.19,4131.14,2,5,0,0,2,5,Good,8146.98,12.88,19,Yes,811.36,1890.51,High_spent_Medium_value_payments,Good,1
62,65218.21,4045.17,4,6,1,4,1,2,Bad,4894.41,13.01,446,No,400.65,1855.32,Low_spent_Large_value_payments,Good,0
63,36509.02,2442.46,4,5,2,5,3,1,Good,8589.36,43.24,438,Yes,424.23,1134.51,Low_spent_Small_value_payments,Good,0
59,15532.43,1057.55,8,3,1,0,3,3,Good,1132.09,50.37,326,No,103.55,376.94,Low_spent_Small_value_payments,Good,0
49,65298.44,4574.1,6,4,0,2,1,2,Standard,28856.24,21.05,280,No,2554.87,50.0,Low_spent_Large_value_payments,Standard,1
49,30877.32,2069.02,3,7,4,3,2,3,Standard,2458.2,19.16,180,No,56.52,1158.86,High_spent_Medium_value_payments,Good,0
23,15774.21,1112.26,8,3,1,4,2,3,Standard,3847.58,17.69,16,Yes,343.99,178.19,Low_spent_Small_value_payments,Poor,0
65,81733.86,5209.22,6,5,0,6,2,2,Standard,15685.48,11.69,377,No,1479.12,621.6,High_spent_Small_value_payments,Good,0
55,127981.95,8164.08,6,5,2,10,2,4,Standard,31532.1,12.85,310,Yes,1063.14,4150.56,Low_spent_Large_value_payments,Good,0
34,35427.77,2334.07,2,6,4,0,0,6,Standard,17613.97,24.29,154,Yes,425.92,948.15,High_spent_Large_value_payments,Poor,1
27,132650.44,8510.14,6,9,4,2,1,1,Standard,35337.65,26.72,43,Yes,660.35,4034.76,High_spent_Small_value_payments,Standard,0
67,38360.7,2302.23,4,6,2,4,2,4,Good,8665.33,52.78,454,Yes,367.77,757.46,Low_spent_Large_value_payments,Good,0
44,28903.75,1963.36,5,4,3,3,2,1,Good,9756.62,25.83,239,Yes,309.47,548.2,Low_spent_Large_value_payments,Good,0
67,24877.65,1695.25,3,3,5,5,5,5,Standard,5106.85,19.81,169,No,79.41,893.67,Low_spent_Medium_value_payments,Standard,1
52,96978.97,6603.51,2,5,1,4,2,4,Good,6711.14,31.56,135,No,668.24,2639.29,High_spent_Large_value_payments,Good,0
69,22740.75,1449.44,7,6,2,1,0,2,Good,3324.97,27.13,225,Yes,121.38,561.55,Low_spent_Medium_value_payments,Good,0
38,56452.88,3706.59,3,11,2,12,5,4,Standard,4153.69,12.45,132,No,153.06,2052.73,Low_spent_Medium_value_payments,Standard,0
42,25964.92,1659.15,4,5,3,8,4,1,Bad,7283.04,52.34,91,Yes,202.84,499.6,Low_spent_Small_value_payments,Poor,1
45,27551.6,1657.88,4,6,3,6,3,1,Standard,9740.39,37.59,112,Yes,224.81,694.9,High_spent_Small_value_payments,Poor,1
64,67383.12,4453.57,2,4,5,2,1,1,Standard,14914.21,11.9,194,Yes,200.45,2407.51,Low_spent_Medium_value_payments,Good,0
32,28911.01,1773.42,2,9,4,0,2,1,Bad,12252.17,9.79,51,Yes,272.09,746.57,High_spent_Large_value_payments,Poor,1
21,28484.71,1733.78,4,7,1,18,6,5,Standard,13404.35,55.02,8,No,1099.13,50.0,Low_spent_Large_value_payments,Poor,1
46,71659.63,4886.08,3,3,1,5,3,2,Standard,1900.59,12.68,124,No,171.73,2805.21,High_spent_Small_value_payments,Good,1
26,94697.07,5691.58,4,5,4,1,2,5,Bad,27564.93,38.81,45,Yes,678.91,2196.91,High_spent_Large_value_payments,Poor,1
44,53466.68,3763.48,3,4,1,3,4,2,Good,5154.81,60.57,201,Yes,505.7,1082.74,Low_spent_Large_value_payments,Standard,1
43,24517.39,1607.9,6,5,2,1,1,4,Good,5755.3,25.4,72,No,263.61,634.13,Low_spent_Small_value_payments,Good,0
36,26732.49,1888.63,4,3,3,6,2,2,Bad,11334.46,8.96,82,Yes,306.21,676.84,High_spent_Large_value_payments,Poor,1
45,38099.22,2309.89,3,4,0,5,2,6,Good,3683.63,14.26,153,Yes,301.5,971.69,High_spent_Small_value_payments,Standard,0
34,44026.99,2919.94,3,6,2,3,3,4,Good,19115.36,23.78,90,Yes,784.3,522.27,High_spent_Large_value_payments,Standard,0
60,20076.0,1280.54,7,3,3,2,0,0,Good,11952.22,55.37,410,Yes,379.57,427.73,Low_spent_Medium_value_payments,Good,0
58,56040.1,3874.49,6,3,2,1,1,3,Good,21113.09,32.58,139,Yes,991.06,1158.26,Low_spent_Large_value_payments,Standard,0
59,38227.41,2443.24,5,3,1,8,2,5,Good,5483.04,74.0,144,Yes,494.53,812.09,High_spent_Medium_value_payments,Poor,1
67,15000.0,942.33,6,6,3,2,1,3,Good,7142.72,57.28,159,No,210.54,287.12,High_spent_Small_value_payments,Standard,1
37,20798.67,1441.14,5,3,3,3,3,3,Standard,2983.71,36.22,114,Yes,75.57,547.65,High_spent_Small_value_payments,Poor,1
62,26836.62,1719.12,6,8,5,0,1,3,Standard,4024.18,33.06,115,Yes,67.77,655.38,Low_spent_Small_value_payments,Standard,1
57,34762.18,2092.07,4,2,2,10,4,4,Standard,3733.37,16.27,108,No,145.57,919.02,Low_spent_Small_value_payments,Standard,1
56,112822.07,7246.35,3,6,0,1,0,3,Standard,29345.58,46.28,407,Yes,2521.21,848.11,High_spent_Medium_value_payments,Standard,1
66,41894.2,2810.71,2,6,3,0,4,3,Good,7595.97,23.93,240,Yes,246.02,1257.06,High_spent_Small_value_payments,Good,0
40,21928.38,1376.13,4,4,1,4,2,2,Good,4765.84,18.42,155,No,405.43,404.78,High_spent_Medium_value_payments,Good,0
64,41455.61,2681.34,5,4,1,0,1,5,Standard,4716.23,53.39,147,No,471.26,645.55,Low_spent_Medium_value_payments,Poor,0
49,29399.92,1782.06,4,4,5,19,5,6,Standard,4635.31,5.81,191,Yes,77.23,911.37,Low_spent_Small_value_payments,Poor,1
69,44128.23,2928.83,5,6,1,4,2,1,Standard,6789.95,50.11,313,No,491.38,784.62,Low_spent_Large_value_payments,Standard,1
64,51448.71,3508.45,4,4,4,0,3,2,Standard,7343.85,58.58,409,Yes,182.34,2137.33,Low_spent_Small_value_payments,Standard,0
50,75022.13,4837.24,3,3,0,0,0,3,Bad,15683.85,29.48,312,Yes,1134.58,1291.73,High_spent_Large_value_payments,Standard,0
63,35790.15,2310.34,4,5,2,13,3,2,Bad,12664.3,2.9,240,Yes,543.85,590.52,High_spent_Small_value_payments,Poor,1
22,97088.32,5918.15,4,6,1,3,1,4,Bad,10344.83,50.09,14,Yes,940.16,1842.42,High_spent_Large_value_payments,Poor,1
60,62618.35,3894.09,3,5,2,2,0,0,Standard,6796.93,17.44,183,No,281.41,1441.9,Low_spent_Medium_value_payments,Good,0
65,23754.71,1465.09,5,5,3,5,5,4,Standard,11202.47,5.55,260,No,254.25,726.02,High_spent_Small_value_payments,Standard,0
51,136750.5,8918.63,4,5,2,2,1,1,Standard,17348.8,44.46,116,No,760.24,4384.19,High_spent_Medium_value_payments,Good,0
57,44187.48,2904.6,2,5,4,0,0,2,Standard,4454.59,10.28,139,Yes,110.84,1656.18,Low_spent_Large_value_payments,Good,0
28,22002.81,1546.36,1,2,1,6,2,5,Bad,7391.35,14.49,35,No,660.85,195.44,Low_spent_Small_value_payments,Poor,1
67,97904.5,5951.94,4,3,1,2,1,4,Bad,22163.63,31.72,198,Yes,1929.65,1415.76,High_spent_Large_value_payments,Poor,1
20,126331.74,8400.88,5,5,2,19,7,4,Standard,44474.94,35.59,9,Yes,1919.97,3604.51,High_spent_Large_value_payments,Poor,1
50,35602.99,2339.25,5,3,1,1,1,3,Bad,9438.21,45.79,255,Yes,742.81,858.89,Low_spent_Small_value_payments,Poor,1
28,26844.33,1760.79,2,4,1,0,1,1,Good,4717.13,26.63,63,No,359.72,843.71,High_spent_Medium_value_payments,Good,0
33,32747.27,2274.6,5,3,1,4,2,5,Good,8055.33,20.35,106,Yes,732.82,538.0,High_spent_Medium_value_payments,Standard,1
35,55761.51,3469.85,2,5,3,0,3,1,Bad,27230.46,1.99,118,Yes,693.58,1253.04,High_spent_Small_value_payments,Poor,1
47,78175.69,4725.07,8,4,2,7,3,3,Standard,9396.49,35.2,305,Yes,456.16,1651.29,High_spent_Small_value_payments,Standard,0
65,51138.47,3440.75,1,8,2,2,0,2,Standard,2417.09,27.23,320,No,88.36,2285.75,Low_spent_Large_value_payments,Good,0
27,38601.02,2460.4,4,7,0,18,4,8,Good,20168.49,30.67,65,No,1722.28,50.0,High_spent_Small_value_payments,Poor,1
35,89215.23,5369.91,7,8,0,11,4,3,Standard,13316.31,29.77,150,Yes,1082.47,2375.41,High_spent_Large_value_payments,Poor,0
55,30100.53,1888.0,5,6,2,3,3,3,Standard,7542.54,8.6,288,Yes,263.39,837.74,Low_spent_Small_value_payments,Good,0
36,67410.2,4270.51,8,7,2,2,1,2,Standard,14692.24,16.05,60,No,499.35,1283.72,Low_spent_Medium_value_payments,Good,0
53,30551.29,2037.23,5,9,3,22,6,3,Good,6234.63,17.94,104,No,196.13,1179.57,Low_spent_Large_value_payments,Standard,1
30,47033.42,2909.94,4,6,4,2,2,3,Bad,1418.77,10.84,34,No,29.76,1949.84,Low_spent_Large_value_payments,Standard,0
63,33923.47,2187.21,1,5,0,0,1,7,Bad,5630.57,45.12,247,Yes,412.04,704.95,High_spent_Large_value_payments,Poor,1
20,35118.69,2290.68,4,4,4,6,1,2,Good,10291.88,5.94,8,Yes,194.21,1255.03,High_spent_Small_value_payments,Standard,0
27,28957.02,1881.48,2,3,2,8,2,3,Standard,9710.64,39.38,86,No,339.55,728.09,High_spent_Small_value_payments,Poor,1
55,81382.25,5741.6,6,4,1,1,3,3,Standard,12323.0,52.94,366,No,927.5,2074.69,High_spent_Small_value_payments,Good,0
18,23394.22,1415.19,3,5,0,1,2,2,Bad,12903.9,23.12,6,No,894.9,50.0,High_spent_Medium_value_payments,Poor,1
44,23291.89,1637.47,4,4,2,2,4,1,Bad,2694.33,49.2,174,Yes,108.48,952.96,Low_spent_Small_value_payments,Poor,1
63,129650.3,8596.37,6,4,0,1,1,1,Standard,44668.22,12.28,180,Yes,3685.9,1066.45,Low_spent_Medium_value_payments,Standard,1
25,65297.47,4480.74,5,3,1,11,5,2,Good,25575.82,29.41,21,Yes,2182.64,117.1,High_spent_Large_value_payments,Poor,1
68,15000.0,969.94,3,3,0,9,6,1,Good,3788.25,43.98,232,Yes,324.3,69.72,High_spent_Large_value_payments,Poor,0
63,25870.14,1679.4,3,5,1,6,2,3,Standard,13816.19,29.42,202,Yes,1059.81,50.0,Low_spent_Small_value_payments,Poor,1
59,15000.0,1042.89,3,4,5,8,3,5,Good,6313.25,49.77,299,Yes,120.85,529.14,High_spent_Small_value_payments,Poor,1
34,20528.83,1430.98,3,6,2,1,1,6,Standard,8727.24,28.64,80,Yes,337.13,390.39,Low_spent_Small_value_payments,Poor,1
26,15000.0,938.79,3,10,3,3,5,3,Standard,7264.89,29.53,29,Yes,208.42,247.01,Low_spent_Large_value_payments,Poor,1
23,33449.97,2079.2,4,7,0,2,2,2,Standard,6980.58,57.8,50,Yes,538.4,905.42,High_spent_Large_value_payments,Poor,1
60,18303.27,1196.59,3,8,3,8,3,1,Bad,5579.31,24.43,118,Yes,175.29,401.89,Low_spent_Small_value_payments,Poor,1
42,37644.54,2625.82,3,2,3,0,1,0,Bad,9167.0,8.85,188,No,305.34,997.37,High_spent_Medium_value_payments,Standard,1
56,15000.0,952.38,5,4,2,1,0,3,Standard,6024.45,67.24,195,Yes,217.95,367.59,High_spent_Large_value_payments,Poor,1
66,38167.78,2559.66,3,4,2,4,4,5,Standard,18736.87,45.13,380,Yes,922.78,555.94,High_spent_Large_value_payments,Poor,0
45,28312.26,1915.94,3,3,1,2,3,0,Good,8114.25,25.16,166,Yes,560.18,529.85,Low_spent_Medium_value_payments,Good,1
50,89426.45,6119.96,1,4,1,0,2,6,Standard,51626.62,11.79,339,No,4283.97,50.0,Low_spent_Large_value_payments,Poor,1
54,84695.19,5599.13,3,5,2,0,3,4,Good,9640.55,19.1,137,Yes,472.9,3288.47,High_spent_Small_value_payments,Good,0
26,58174.79,3744.13,8,2,3,3,2,8,Bad,16344.98,22.01,29,Yes,481.48,1110.16,High_spent_Small_value_payments,Poor,1
35,29852.73,2103.9,3,4,2,6,5,4,Bad,1638.6,33.74,82,Yes,63.55,1402.02,High_spent_Large_value_payments,Poor,1
38,119518.71,7962.67,2,4,5,0,0,0,Good,14296.0,18.06,88,Yes,209.14,4380.07,High_spent_Medium_value_payments,Good,0
19,15000.0,1018.39,4,3,3,6,6,1,Good,1651.51,17.3,8,Yes,51.74,643.95,Low_spent_Large_value_payments,Standard,0
60,15644.35,997.13,3,9,3,4,1,1,Standard,1586.82,22.1,280,Yes,36.99,576.1,Low_spent_Medium_value_payments,Standard,0
55,34535.05,2322.75,7,11,0,2,1,2,Standard,10563.13,23.92,226,No,872.79,711.93,High_spent_Medium_value_payments,Standard,0
57,140424.16,8817.63,2,9,0,0,1,4,Good,50057.2,34.79,230,Yes,4668.06,97.2,High_spent_Medium_value_payments,Poor,0
53,32163.79,2015.23,3,2,4,17,8,2,Standard,9337.74,39.7,256,Yes,219.92,646.39,Low_spent_Medium_value_payments,Poor,1
67,32534.39,2203.97,4,5,1,2,1,2,Standard,6101.54,28.94,526,No,477.88,875.95,Low_spent_Small_value_payments,Good,0
60,15288.46,1003.66,4,5,1,13,4,3,Good,5991.32,9.84,324,No,504.47,50.0,High_spent_Small_value_payments,Good,0
54,64058.87,4317.71,3,7,0,3,1,2,Standard,18706.17,37.4,337,Yes,1339.32,1112.2,Low_spent_Small_value_payments,Standard,1
32,64338.0,4048.08,4,5,6,4,2,4,Standard,7140.27,57.93,107,No,102.13,1696.37,Low_spent_Large_value_payments,Poor,1
45,58305.12,3876.48,5,4,4,1,4,0,Good,5851.5,9.41,252,Yes,120.45,1831.0,High_spent_Small_value_payments,Good,0
35,24896.13,1613.5,4,4,2,2,2,1,Good,9739.02,6.16,117,Yes,471.98,558.42,High_spent_Small_value_payments,Good,1
51,23765.16,1579.6,2,5,0,5,2,4,Good,10540.98,46.22,104,Yes,866.29,50.0,Low_spent_Small_value_payments,Poor,1
39,16716.08,1055.64,5,6,1,3,0,4,Bad,9740.8,40.17,123,No,738.95,50.0,High_spent_Small_value_payments,Poor,1
28,38189.79,2587.39,5,4,0,2,4,2,Standard,7883.58,27.78,104,Yes,622.28,1009.56,Low_spent_Medium_value_payments,Poor,1
30,18991.67,1305.31,5,6,3,0,0,1,Bad,2585.45,20.01,106,No,65.55,629.6,Low_spent_Large_value_payments,Standard,1
21,17917.8,1125.52,3,2,1,2,2,1,Standard,5257.33,28.55,24,Yes,372.9,170.03,High_spent_Medium_value_payments,Poor,1
39,28163.6,1781.54,7,7,1,1,2,2,Good,2563.52,33.59,78,No,213.93,948.87,Low_spent_Large_value_payments,Good,1
24,27078.8,1818.68,4,3,0,13,5,4,Standard,1302.31,45.99,18,No,109.75,843.0,High_spent_Large_value_payments,Poor,1
60,26297.07,1775.99,1,5,4,1,2,3,Good,11345.01,10.66,194,Yes,226.42,682.64,High_spent_Large_value_payments,Good,0
41,48043.72,3249.09,5,4,1,0,3,1,Bad,17587.72,19.44,198,Yes,1499.9,650.18,High_spent_Large_value_payments,Poor,1
21,38079.4,2566.4,3,7,0,0,3,4,Bad,8313.31,29.84,23,No,717.01,658.34,Low_spent_Small_value_payments,Poor,1
45,30549.59,1962.98,2,6,0,0,0,1,Good,4478.77,39.26,79,Yes,316.71,786.49,High_spent_Large_value_payments,Standard,1
32,40530.41,2605.2,1,3,4,0,1,1,Standard,4362.7,28.82,41,Yes,82.31,1296.59,High_spent_Large_value_payments,Standard,1
18,20031.95,1257.22,3,5,0,1,0,3,Standard,3768.25,34.89,6,No,359.29,256.36,High_spent_Large_value_payments,Poor,1
20,38683.45,2386.73,4,7,1,15,4,3,Good,11588.97,30.85,21,Yes,959.32,248.47,Low_spent_Small_value_payments,Poor,1
31,39749.86,2683.23,2,4,1,7,5,2,Standard,4429.63,14.42,47,Yes,346.53,1097.47,High_spent_Large_value_payments,Poor,1
55,15000.0,915.14,2,4,6,1,1,3,Good,3337.05,47.48,216,Yes,38.4,455.86,Low_spent_Large_value_payments,Standard,1
67,66000.41,4630.55,5,8,2,5,3,2,Standard,23555.65,9.52,375,Yes,984.9,1159.26,Low_spent_Small_value_payments,Good,0
18,21399.86,1475.64,3,7,2,5,4,5,Good,9219.48,4.64,6,Yes,405.86,247.33,High_spent_Large_value_payments,Standard,0
55,38337.58,2656.4,1,7,1,1,2,1,Good,3097.86,42.87,202,Yes,264.94,1116.33,Low_spent_Medium_value_payments,Good,1
55,73031.57,5099.23,4,3,2,2,2,2,Standard,5551.18,17.64,154,Yes,257.81,2840.8,Low_spent_Medium_value_payments,Good,0
38,63285.15,4077.24,5,6,1,11,4,6,Good,12982.57,28.36,204,Yes,986.66,1862.08,High_spent_Large_value_payments,Standard,1
65,37071.36,2564.32,2,10,1,3,0,5,Good,17876.75,40.48,129,No,1222.42,115.66,High_spent_Medium_value_payments,Standard,1
46,29216.84,1803.04,3,5,0,14,4,8,Standard,6457.58,8.97,94,No,555.26,213.69,High_spent_Medium_value_payments,Poor,1
22,64119.71,3862.22,5,4,1,1,2,2,Bad,14556.28,26.15,13,Yes,1082.53,1115.04,High_spent_Medium_value_payments,Poor,1
66,54437.96,3729.16,1,6,0,0,0,4,Standard,11284.22,19.67,306,No,820.97,1132.29,High_spent_Medium_value_payments,Good,0
27,25058.82,1523.83,6,5,0,3,2,4,Good,9745.2,29.62,74,Yes,860.54,50.0,High_spent_Medium_value_payments,Poor,1
45,22540.38,1593.81,5,4,1,4,2,4,Bad,8723.74,49.86,175,Yes,736.84,105.96,High_spent_Small_value_payments,Poor,1
38,15000.0,1009.65,2,6,1,3,0,0,Standard,5919.83,10.12,161,Yes,563.43,50.0,Low_spent_Small_value_payments,Standard,0
67,39831.73,2715.03,4,5,1,5,4,4,Good,6725.79,25.75,460,No,621.49,1037.34,Low_spent_Medium_value_payments,Good,0
24,34557.55,2165.48,4,1,6,2,4,4,Bad,7724.79,55.49,15,No,105.25,1352.13,High_spent_Large_value_payments,Poor,1
20,71805.39,4832.52,3,6,2,0,1,6,Standard,20562.89,16.25,20,Yes,791.49,2067.12,Low_spent_Large_value_payments,Standard,1
62,45045.71,2723.83,2,4,4,1,3,1,Standard,8971.51,55.57,399,Yes,222.57,970.84,High_spent_Small_value_payments,Standard,1
64,80865.09,5585.87,3,7,1,0,0,3,Standard,25231.42,12.36,185,No,2249.81,1531.48,High_spent_Small_value_payments,Good,0
37,23898.75,1477.84,2,7,1,0,3,5,Standard,3813.86,7.95,140,Yes,380.04,587.26,Low_spent_Medium_value_payments,Standard,1
36,71889.84,4856.5,4,3,3,2,0,3,Good,29011.36,27.07,115,No,832.12,2503.53,High_spent_Medium_value_payments,Good,0
52,26440.45,1650.73,6,8,3,11,3,3,Standard,2152.84,27.13,177,Yes,53.45,860.61,Low_spent_Medium_value_payments,Poor,0
21,57904.92,3517.24,5,6,1,3,1,1,Bad,10683.73,49.68,30,Yes,951.71,815.3,High_spent_Small_value_payments,Poor,1
22,15134.69,987.03,7,4,5,0,1,4,Bad,716.15,36.93,31,Yes,13.87,403.02,High_spent_Large_value_payments,Poor,1
18,41817.96,2585.77,3,1,1,2,1,2,Good,5764.55,19.97,6,No,506.43,579.22,Low_spent_Small_value_payments,Good,1
21,15000.0,1018.53,3,7,1,19,4,3,Standard,6539.01,15.47,26,Yes,537.55,50.0,High_spent_Small_value_payments,Poor,1
29,30937.29,1935.86,2,3,0,0,2,3,Standard,3895.79,45.57,64,Yes,288.42,501.17,Low_spent_Large_value_payments,Poor,1
44,47297.48,3013.33,3,5,1,4,3,7,Bad,1940.46,28.99,276,No,175.82,1299.19,High_spent_Medium_value_payments,Poor,1
59,26566.83,1757.32,4,7,3,4,1,3,Standard,16082.15,31.96,302,Yes,413.39,522.95,High_spent_Large_value_payments,Standard,1
40,19336.26,1219.87,5,1,2,10,3,1,Good,6646.43,49.36,71,Yes,269.73,348.02,Low_spent_Large_value_payments,Poor,0
42,60335.21,3867.18,4,2,2,2,0,1,Bad,23615.26,34.67,174,Yes,1051.0,1608.97,High_spent_Small_value_payments,Poor,1
38,34129.67,2349.35,6,5,0,2,0,5,Bad,5133.57,32.23,158,Yes,425.55,947.3,Low_spent_Medium_value_payments,Poor,1
69,27072.06,1676.88,3,5,3,17,4,0,Bad,5620.08,9.9,188,No,160.06,813.49,High_spent_Large_value_payments,Poor,1
41,37239.96,2267.56,4,2,2,0,0,7,Good,14088.12,13.3,199,Yes,519.22,698.74,Low_spent_Medium_value_payments,Good,0
42,176663.4,11228.23,1,3,1,4,3,2,Good,56570.06,60.66,194,No,5316.5,1400.52,High_spent_Large_value_payments,Poor,1
62,72555.11,4686.87,4,6,1,6,1,2,Good,4735.28,74.58,130,No,339.61,2494.11,High_spent_Large_value_payments,Standard,0
63,72951.07,4805.93,3,3,2,0,1,5,Standard,40159.06,39.06,256,No,1454.56,535.93,Low_spent_Large_value_payments,Standard,1
49,47161.25,3019.95,3,3,6,6,4,2,Bad,9319.06,16.33,320,Yes,106.58,1770.62,High_spent_Small_value_payments,Standard,0
49,40130.47,2751.24,5,7,1,5,2,4,Standard,12748.62,24.72,109,Yes,1150.53,417.65,Low_spent_Large_value_payments,Poor,0
22,15000.0,906.39,5,6,2,0,1,5,Good,4325.18,32.37,26,Yes,211.36,340.59,Low_spent_Medium_value_payments,Standard,1
53,24163.82,1562.86,3,8,0,9,6,5,Standard,14411.65,9.5,312,Yes,994.57,50.0,Low_spent_Large_value_payments,Poor,1
63,27218.59,1745.83,4,7,2,5,2,2,Standard,12800.75,35.8,148,Yes,464.51,600.52,High_spent_Large_value_payments,Poor,1
59,15000.0,1005.23,7,3,3,13,3,2,Good,5289.96,29.31,379,No,139.47,337.38,Low_spent_Medium_value_payments,Good,0
66,18134.12,1277.88,1,6,4,4,1,1,Good,6789.41,56.49,337,No,129.16,521.44,High_spent_Large_value_payments,Good,0
59,15000.0,982.94,3,1,2,2,1,5,Standard,952.92,9.47,232,No,41.77,410.67,High_spent_Medium_value_payments,Good,0
56,35489.98,2508.83,1,5,6,4,2,3,Standard,12420.69,19.9,125,Yes,140.77,1272.5,Low_spent_Small_value_payments,Standard,0
33,59353.1,3755.53,5,4,1,9,2,2,Good,31598.56,60.38,88,No,2628.87,50.0,Low_spent_Small_value_payments,Poor,1
50,70549.14,4256.54,2,4,1,2,2,4,Bad,2703.96,8.93,244,No,230.0,2514.89,Low_spent_Medium_value_payments,Good,0
66,46577.4,2878.24,2,7,4,2,0,3,Good,11645.93,44.79,418,No,198.11,1193.2,Low_spent_Medium_value_payments,Good,0
38,20372.93,1309.58,5,6,1,0,0,3,Standard,12583.86,55.09,126,Yes,916.71,50.0,High_spent_Large_value_payments,Poor,1
26,15000.0,951.4,2,4,2,4,1,3,Bad,2607.22,22.94,52,Yes,126.93,505.84,Low_spent_Large_value_payments,Poor,1
23,15000.0,915.77,3,7,1,2,0,2,Standard,6860.66,16.53,42,Yes,501.45,50.0,High_spent_Large_value_payments,Poor,0
68,16959.96,1097.09,2,8,2,2,2,1,Standard,10518.3,14.21,284,Yes,513.58,50.0,High_spent_Large_value_payments,Standard,1
62,21304.73,1356.32,7,3,1,0,3,3,Good,1026.17,34.46,146,Yes,93.41,553.62,Low_spent_Large_value_payments,Standard,0
52,32996.31,2023.61,9,4,2,4,1,4,Standard,4136.79,18.22,333,Yes,155.76,1234.94,Low_spent_Medium_value_payments,Good,0
56,19761.71,1249.1,5,3,1,0,2,1,Good,3774.97,34.22,381,No,252.73,329.44,High_spent_Large_value_payments,Good,0
39,44506.28,3097.77,3,3,6,0,1,2,Good,16349.71,50.8,118,Yes,220.07,1901.57,Low_spent_Small_value_payments,Standard,0
58,31591.26,1998.85,2,5,2,0,1,4,Standard,1436.3,48.33,427,Yes,62.22,1034.51,High_spent_Large_value_payments,Standard,1
22,36546.01,2475.43,4,4,2,1,2,1,Standard,11670.11,16.18,22,Yes,409.99,1268.71,High_spent_Large_value_payments,Standard,0
59,71980.49,4796.1,3,5,1,3,3,2,Good,17859.19,42.27,354,Yes,1228.39,1615.52,High_spent_Medium_value_payments,Good,0
40,17887.56,1156.03,4,3,2,4,4,0,Good,10096.17,11.35,145,Yes,344.04,187.87,High_spent_Medium_value_payments,Good,0
34,46687.08,2922.12,6,6,7,2,1,5,Good,16386.72,38.04,168,Yes,215.19,1171.96,High_spent_Small_value_payments,Standard,0
29,36012.31,2304.7,3,6,1,5,2,2,Standard,9208.24,25.78,111,Yes,850.09,518.26,Low_spent_Medium_value_payments,Poor,1
40,29729.89,1974.5,3,4,1,7,2,2,Bad,2653.09,52.49,191,Yes,235.72,970.4,High_spent_Small_value_payments,Poor,1
33,61768.81,3940.84,8,7,4,4,4,3,Standard,17355.62,22.01,156,Yes,393.0,1676.62,High_spent_Large_value_payments,Standard,1
20,61537.9,3835.54,6,4,1,2,2,1,Bad,13663.73,12.84,7,No,1069.07,639.55,Low_spent_Small_value_payments,Poor,1
47,20580.63,1260.8,6,9,0,0,3,1,Good,4155.39,49.14,269,Yes,293.56,475.9,Low_spent_Medium_value_payments,Standard,0
39,32555.57,2263.62,4,3,5,13,4,2,Standard,8271.14,6.87,109,No,117.76,1358.96,Low_spent_Medium_value_payments,Standard,1
26,42990.18,2784.48,3,3,2,19,6,3,Standard,14425.51,50.4,72,Yes,556.49,637.34,Low_spent_Medium_value_payments,Poor,1
46,30828.53,2058.52,4,6,1,0,4,3,Good,442.41,19.06,255,Yes,35.02,1174.26,Low_spent_Large_value_payments,Good,0
64,51586.37,3369.25,5,2,2,2,1,5,Bad,3990.72,14.42,379,Yes,193.41,1488.4,High_spent_Large_value_payments,Standard,1
54,42989.67,2985.75,5,4,1,1,2,4,Good,10674.03,14.07,209,Yes,845.68,1019.32,High_spent_Small_value_payments,Good,0
40,109047.27,7188.96,2,9,4,3,1,1,Standard,65210.56,14.09,70,Yes,1323.84,3300.5,Low_spent_Small_value_payments,Standard,0
30,15000.0,978.13,3,4,3,3,0,3,Standard,1197.48,10.43,104,Yes,32.33,459.9,High_spent_Large_value_payments,Standard,0
49,33743.34,2362.59,6,7,1,1,3,5,Good,10116.39,18.48,149,No,920.09,468.31,High_spent_Medium_value_payments,Good,0
63,21055.11,1427.47,2,10,5,11,4,2,Standard,7589.24,51.15,181,No,102.67,826.91,Low_spent_Medium_value_payments,Poor,1
69,52180.52,3193.89,5,7,2,11,4,0,Standard,9492.12,30.36,138,Yes,387.15,1742.35,High_spent_Small_value_payments,Poor,1
64,15000.0,928.88,5,3,2,5,2,3,Standard,4438.63,25.91,435,No,212.23,370.87,High_spent_Medium_value_payments,Good,0
65,44702.63,3063.34,4,6,1,6,1,3,Bad,2382.37,5.25,292,Yes,228.12,1637.41,Low_spent_Small_value_payments,Standard,1
40,24883.77,1718.35,6,8,1,2,1,4,Good,9796.56,22.73,144,Yes,894.6,68.12,Low_spent_Large_value_payments,Standard,1
62,23376.88,1540.68,4,4,0,2,2,2,Standard,7728.91,42.34,321,Yes,618.65,69.13,Low_spent_Medium_value_payments,Standard,0
34,15246.44,1006.37,7,5,0,3,1,3,Good,3595.24,11.44,133,Yes,269.77,246.97,Low_spent_Large_value_payments,Good,0
57,27472.87,1836.45,3,1,1,5,2,5,Standard,3311.56,28.53,246,Yes,230.82,997.54,Low_spent_Large_value_payments,Standard,1
38,69612.56,4507.91,5,4,1,2,1,3,Good,14635.83,40.77,188,Yes,1210.67,876.38,High_spent_Small_value_payments,Standard,0
19,35770.79,2409.84,5,7,2,1,1,3,Standard,4719.17,47.37,8,Yes,224.67,1452.38,High_spent_Medium_value_payments,Poor,1
54,52923.79,3237.62,5,5,0,10,2,4,Standard,4585.14,15.11,319,No,358.94,1614.95,Low_spent_Small_value_payments,Good,1
23,98595.91,6942.52,4,3,3,1,0,2,Standard,37211.08,6.79,20,No,1039.23,2718.84,High_spent_Small_value_payments,Good,0
61,42542.27,2898.26,1,7,0,4,3,4,Standard,7755.33,33.9,413,Yes,601.86,789.92,Low_spent_Large_value_payments,Standard,0
35,25970.6,1735.82,1,4,2,6,4,1,Good,3170.14,49.62,159,No,126.95,1030.4,Low_spent_Medium_value_payments,Standard,0
47,48067.01,3048.74,4,4,1,4,4,5,Good,13052.21,28.04,254,No,931.1,1093.51,Low_spent_Medium_value_payments,Good,0
39,26197.58,1617.54,2,4,0,6,3,5,Bad,4247.38,29.37,58,Yes,381.35,290.53,Low_spent_Small_value_payments,Poor,1
50,26831.89,1728.9,7,2,3,1,1,3,Good,2610.8,13.8,307,Yes,59.45,726.92,High_spent_Medium_value_payments,Good,1
47,15000.0,1007.51,5,6,0,2,2,5,Standard,3262.34,15.64,172,No,323.42,347.39,Low_spent_Small_value_payments,Standard,1
34,63307.21,4233.05,7,5,1,4,4,6,Standard,10160.98,46.42,163,Yes,807.48,1350.67,Low_spent_Large_value_payments,Poor,1
60,28807.71,1847.88,2,5,4,10,6,3,Standard,8223.03,45.42,159,No,155.65,613.12,High_spent_Small_value_payments,Poor,1
49,40508.17,2699.62,6,7,2,17,6,1,Bad,7960.18,6.82,95,No,343.58,932.89,Low_spent_Large_value_payments,Poor,1
59,19504.94,1342.24,5,3,2,9,3,3,Good,2928.45,24.08,165,No,141.67,722.48,High_spent_Large_value_payments,Good,0
68,47172.6,2843.79,5,4,0,0,1,5,Good,16625.69,49.08,127,Yes,1598.2,50.0,High_spent_Large_value_payments,Poor,1
31,22990.47,1491.66,3,2,6,0,4,4,Standard,5753.05,63.15,99,Yes,93.49,511.06,High_spent_Medium_value_payments,Poor,0
27,33355.39,2275.43,3,6,2,1,1,1,Good,22939.75,16.31,24,No,800.67,356.77,High_spent_Small_value_payments,Good,0
64,61494.04,4053.48,5,5,2,2,2,2,Standard,12254.58,39.29,446,No,454.77,1477.86,Low_spent_Large_value_payments,Good,0
68,58364.06,3913.76,4,2,2,0,1,2,Standard,20429.71,19.28,383,Yes,705.98,1697.54,Low_spent_Large_value_payments,Good,0
53,35838.64,2350.92,7,4,2,5,1,3,Bad,11122.54,34.44,116,Yes,387.99,736.61,High_spent_Small_value_payments,Poor,1
51,15000.0,1061.18,3,3,2,11,4,4,Bad,7066.42,35.05,101,Yes,257.7,386.16,Low_spent_Large_value_payments,Poor,1
26,218750.34,13254.46,6,2,4,2,0,4,Standard,73323.31,36.97,39,No,1295.55,7795.1,High_spent_Small_value_payments,Good,0
59,103519.51,6761.86,3,8,2,22,5,2,Standard,64641.82,19.45,209,No,2512.32,784.39,High_spent_Small_value_payments,Poor,1
45,56027.89,3417.16,2,5,1,1,2,1,Standard,6071.75,6.12,95,No,487.48,1445.38,High_spent_Small_value_payments,Good,0
28,23111.32,1426.69,3,6,2,2,3,6,Standard,4903.16,11.24,38,Yes,191.15,784.48,Low_spent_Medium_value_payments,Poor,1
31,33922.87,2176.14,6,3,0,0,0,3,Standard,11971.75,61.11,104,Yes,961.07,490.29,High_spent_Small_value_payments,Poor,1
56,26211.35,1616.85,4,6,3,6,2,5,Standard,16445.15,5.73,245,Yes,524.03,489.48,Low_spent_Large_value_payments,Standard,1
64,77521.73,5460.63,10,6,4,0,1,4,Standard,20293.86,15.54,337,Yes,478.22,3047.31,Low_spent_Small_value_payments,Good,0
36,42510.3,2986.64,2,5,1,2,1,4,Standard,17346.91,32.67,152,No,1713.09,50.0,Low_spent_Large_value_payments,Poor,0
32,22685.96,1443.76,4,6,3,1,0,4,Bad,1890.97,14.26,128,Yes,58.57,790.48,High_spent_Small_value_payments,Poor,1
45,27379.42,1832.52,5,8,1,4,1,3,Standard,5841.49,10.61,117,No,553.37,683.96,Low_spent_Large_value_payments,Standard,0
41,71161.9,4681.2,2,4,0,1,1,5,Bad,26742.57,21.58,202,Yes,2401.37,188.9,High_spent_Small_value_payments,Poor,0
25,94850.64,6529.09,4,2,0,4,2,3,Bad,23642.93,41.38,22,Yes,1713.58,2533.32,Low_spent_Small_value_payments,Poor,1
60,90853.08,6068.74,3,4,1,0,1,2,Standard,18799.26,61.28,119,Yes,1840.17,2161.95,Low_spent_Medium_value_payments,Poor,1
26,57194.86,3431.85,2,8,1,0,2,6,Bad,34810.88,36.7,53,No,2402.29,50.0,High_spent_Large_value_payments,Poor,1
64,31207.85,2130.49,4,8,1,10,3,4,Standard,3368.56,51.5,390,No,300.65,1050.01,High_spent_Large_value_payments,Standard,1
50,15000.0,1021.36,5,7,4,7,3,1,Good,1977.08,12.08,336,Yes,36.74,606.81,High_spent_Small_value_payments,Good,0
50,43403.53,2843.89,3,8,1,17,8,2,Good,10364.75,64.15,191,Yes,721.97,805.47,High_spent_Medium_value_payments,Poor,1
36,36275.68,2531.38,2,6,2,1,1,4,Good,10420.86,28.57,106,Yes,381.42,638.1,Low_spent_Medium_value_payments,Standard,0
20,39497.37,2758.56,3,3,2,1,2,4,Standard,9554.41,25.17,14,No,355.44,760.23,High_spent_Medium_value_payments,Standard,0
27,37509.08,2463.44,6,6,0,31,9,2,Standard,11446.47,31.2,92,Yes,908.28,80.44,High_spent_Small_value_payments,Poor,1
57,16386.99,1091.15,3,6,1,5,1,1,Bad,6122.6,36.54,318,No,422.3,320.63,High_spent_Medium_value_payments,Poor,1
64,50738.75,3592.08,3,10,2,1,1,2,Standard,21459.06,37.91,421,Yes,924.78,640.14,Low_spent_Large_value_payments,Standard,1
59,53068.02,3355.87,1,5,1,1,3,5,Standard,39521.01,10.05,276,Yes,2349.11,50.0,High_spent_Medium_value_payments,Poor,1
18,54688.2,3473.61,2,6,0,9,5,3,Good,19756.83,37.83,6,Yes,1820.57,50.0,Low_spent_Medium_value_payments,Poor,1
46,64083.76,3971.91,2,6,3,2,1,4,Standard,19494.24,21.4,95,Yes,614.59,1111.74,High_spent_Medium_value_payments,Standard,1
67,52178.77,3637.13,1,5,1,0,2,2,Standard,2552.51,28.81,306,No,253.5,1569.7,Low_spent_Large_value_payments,Good,0
51,28395.4,1932.74,5,2,4,2,0,2,Good,14458.13,35.92,321,Yes,360.95,929.48,High_spent_Small_value_payments,Good,0
68,34804.36,2128.09,2,7,5,0,0,4,Bad,7343.11,30.85,188,Yes,118.0,763.02,Low_spent_Large_value_payments,Poor,1
30,38356.33,2709.33,7,4,2,0,2,4,Good,2743.32,4.81,108,No,114.4,1179.25,High_spent_Large_value_payments,Good,0
18,38739.68,2631.15,2,4,2,10,3,3,Good,18368.67,12.98,6,Yes,764.81,605.04,Low_spent_Small_value_payments,Poor,0
51,66100.43,4575.07,3,5,1,5,2,4,Good,10209.95,27.88,333,Yes,899.17,1491.98,High_spent_Large_value_payments,Good,0
46,53433.93,3233.91,4,2,2,5,2,4,Standard,18931.59,35.38,294,Yes,708.57,845.93,High_spent_Medium_value_payments,Poor,0
65,126298.83,8268.84,5,4,4,4,2,2,Bad,12679.71,13.03,182,Yes,292.96,3999.26,Low_spent_Small_value_payments,Good,0
64,136472.91,9221.22,1,4,3,6,1,3,Standard,60818.52,30.41,469,Yes,1437.13,4146.82,High_spent_Large_value_payments,Good,0
30,38093.15,2509.65,6,5,4,14,3,1,Good,6401.55,20.05,99,Yes,157.44,1134.87,Low_spent_Medium_value_payments,Standard,1
65,15000.0,1008.33,7,7,0,0,2,2,Bad,2368.1,26.38,507,No,167.72,239.53,High_spent_Small_value_payments,Good,0
66,76274.92,5252.31,2,6,2,0,2,1,Standard,7501.03,28.65,492,No,342.88,2417.53,High_spent_Medium_value_payments,Good,0
46,26259.27,1682.05,3,9,1,4,3,3,Good,9088.01,28.24,226,Yes,726.18,331.62,High_spent_Small_value_payments,Standard,0
56,22451.43,1553.5,2,5,2,2,3,2,Standard,5711.08,40.28,382,Yes,250.7,547.94,Low_spent_Large_value_payments,Standard,0
41,28593.45,1766.07,5,2,4,0,2,4,Standard,2039.36,51.46,106,No,39.33,683.42,Low_spent_Small_value_payments,Poor,0
43,27778.4,1748.22,5,4,2,15,4,4,Standard,10340.98,51.28,227,No,365.33,413.31,Low_spent_Medium_value_payments,Poor,1
34,52436.69,3170.82,5,5,3,7,3,3,Standard,19666.4,5.28,109,Yes,642.01,1363.82,Low_spent_Medium_value_payments,Standard,0
24,15000.0,959.22,5,7,3,3,2,0,Bad,1706.41,47.75,54,No,47.59,467.56,High_spent_Small_value_payments,Poor,1
30,19022.31,1219.63,8,3,1,15,3,1,Good,3254.63,18.92,119,Yes,249.58,516.36,Low_spent_Medium_value_payments,Standard,0
22,44618.11,3066.32,5,5,5,7,1,5,Standard,3105.39,27.38,33,Yes,54.33,1508.15,High_spent_Medium_value_payments,Poor,1
43,52773.6,3539.82,4,3,4,0,1,3,Good,1330.78,46.99,176,No,25.04,2048.28,Low_spent_Medium_value_payments,Good,0
66,53365.78,3454.43,9,3,1,5,5,5,Standard,18362.92,23.91,128,Yes,1248.95,860.69,High_spent_Large_value_payments,Poor,1
20,22646.9,1518.8,6,4,2,3,0,2,Bad,12726.89,13.44,13,No,592.58,345.45,High_spent_Small_value_payments,Poor,1
24,20191.98,1223.06,5,3,3,4,2,4,Standard,2099.82,23.71,23,Yes,69.9,668.25,Low_spent_Medium_value_payments,Poor,1
66,26796.3,1660.11,7,13,3,1,1,2,Good,11225.76,38.63,465,No,368.76,387.16,Low_spent_Medium_value_payments,Good,0
56,41936.99,2801.05,4,6,1,3,2,3,Good,9622.61,44.52,297,No,923.69,330.52,Low_spent_Large_value_payments,Good,0
18,88546.79,5928.04,4,2,3,1,1,2,Good,6842.28,30.81,6,Yes,208.87,2376.5,High_spent_Medium_value_payments,Good,1
66,15000.0,1025.8,2,8,1,2,1,4,Standard,1308.38,25.0,274,Yes,94.29,595.09,High_spent_Small_value_payments,Standard,1
34,31810.85,2047.53,4,4,1,0,4,3,Bad,17218.33,32.5,81,No,1237.3,105.02,High_spent_Large_value_payments,Poor,1
60,16324.02,1107.22,4,5,1,0,3,1,Bad,4581.35,28.12,426,Yes,328.28,391.67,High_spent_Medium_value_payments,Standard,0
42,15000.0,1011.15,5,3,2,3,2,2,Bad,5347.12,25.89,247,Yes,219.2,332.36,High_spent_Medium_value_payments,Poor,1
20,64872.17,4569.39,2,3,3,1,1,6,Bad,17302.8,28.18,18,No,476.02,2385.74,Low_spent_Medium_value_payments,Poor,0
32,50351.05,3138.41,5,8,1,1,1,5,Good,17042.07,31.2,72,No,1464.25,50.0,Low_spent_Small_value_payments,Standard,0
46,47555.85,3137.57,3,2,0,5,3,2,Standard,9651.65,30.41,245,Yes,716.38,627.52,High_spent_Small_value_payments,Standard,1
60,63108.8,4197.94,3,1,0,0,2,3,Good,11719.8,5.2,307,No,796.83,1118.67,Low_spent_Medium_value_payments,Good,0
49,27232.56,1928.57,6,5,1,3,1,5,Standard,7366.68,33.3,157,Yes,515.85,599.61,High_spent_Medium_value_payments,Poor,0
43,28012.82,1741.82,2,4,3,4,2,2,Standard,4400.83,14.47,255,No,101.19,879.37,High_spent_Large_value_payments,Good,0
33,134785.29,8851.11,2,6,2,2,1,4,Good,34507.82,39.18,92,Yes,1606.23,4481.61,High_spent_Large_value_payments,Good,0
42,31321.42,1996.75,1,4,3,3,0,4,Good,14190.25,32.65,108,No,336.58,1000.57,Low_spent_Medium_value_payments,Standard,1
45,56448.23,3708.49,3,6,3,8,4,3,Standard,23003.28,40.42,115,Yes,702.99,1186.39,High_spent_Medium_value_payments,Poor,1
26,36454.82,2278.96,6,4,3,2,0,1,Standard,4703.5,13.38,62,No,110.12,1392.91,High_spent_Medium_value_payments,Good,0
18,15000.0,907.74,3,6,1,3,1,1,Standard,7212.48,18.09,6,Yes,600.04,50.0,High_spent_Small_value_payments,Poor,0
46,15000.0,993.04,3,8,1,9,3,1,Standard,8653.35,59.11,289,Yes,659.92,50.0,High_spent_Medium_value_payments,Poor,1
39,25657.97,1632.83,2,2,3,3,1,2,Bad,9939.13,12.96,70,Yes,292.81,402.64,High_spent_Large_value_payments,Poor,1
33,68436.44,4241.08,3,6,2,14,5,3,Bad,5215.22,17.51,59,No,186.53,2124.72,High_spent_Large_value_payments,Poor,1
58,58277.71,3701.18,3,3,4,11,7,1,Good,27825.97,34.28,168,Yes,600.26,1490.92,High_spent_Large_value_payments,Poor,0
68,62846.23,3804.33,5,3,1,0,2,2,Standard,6161.52,20.55,283,No,528.16,1908.17,Low_spent_Small_value_payments,Good,0
61,20085.88,1411.97,4,3,0,1,1,2,Standard,5330.62,33.31,289,No,426.97,162.68,High_spent_Small_value_payments,Good,1
68,95752.64,6347.99,2,9,2,3,0,5,Good,58509.5,8.61,313,No,2420.82,414.09,Low_spent_Small_value_payments,Good,1
58,20354.64,1400.94,2,5,4,0,0,2,Good,10917.96,15.57,405,Yes,195.34,629.49,High_spent_Large_value_payments,Good,0
24,41261.89,2664.85,3,3,0,10,4,7,Standard,9087.75,38.97,48,No,851.37,555.26,Low_spent_Large_value_payments,Poor,1
31,36090.63,2518.62,7,7,0,2,2,2,Good,18452.02,50.06,118,Yes,1602.1,50.0,Low_spent_Small_value_payments,Poor,1
46,32717.84,2134.38,6,6,4,0,3,3,Good,19036.63,26.7,267,No,336.23,556.95,Low_spent_Medium_value_payments,Good,0
36,81077.06,5368.74,2,6,0,5,1,3,Good,15818.81,10.84,121,Yes,1538.4,761.73,High_spent_Small_value_payments,Good,1
36,23787.93,1554.01,2,4,2,6,4,3,Bad,13395.77,63.91,137,Yes,585.54,441.08,Low_spent_Small_value_payments,Poor,1
19,16159.07,1097.91,5,3,0,3,2,4,Bad,5525.19,29.29,6,Yes,400.09,66.53,High_spent_Small_value_payments,Poor,1
58,36753.81,2430.85,3,6,0,0,0,2,Good,2946.43,50.66,352,Yes,218.45,1339.04,High_spent_Medium_value_payments,Good,1
62,28569.76,1798.25,2,7,0,8,3,3,Bad,10839.64,17.35,348,No,796.4,50.0,Low_spent_Medium_value_payments,Poor,0
32,275523.93,16965.85,3,5,1,11,3,6,Good,75419.26,15.59,96,No,5594.36,1641.26,Low_spent_Medium_value_payments,Standard,0
20,54497.19,3627.68,5,8,2,12,3,4,Good,28986.18,49.13,8,Yes,1067.55,1285.93,Low_spent_Large_value_payments,Poor,1
28,28407.14,1854.97,1,4,4,1,0,1,Standard,9691.62,18.78,98,No,221.77,704.96,High_spent_Small_value_payments,Good,0
63,19270.55,1176.27,5,4,3,4,1,4,Good,476.36,34.5,212,Yes,13.72,708.56,Low_spent_Small_value_payments,Standard,0
47,15000.0,964.29,2,4,1,6,1,7,Good,5889.13,29.05,191,No,438.42,187.42,Low_spent_Small_value_payments,Standard,1
57,19631.07,1287.34,4,9,2,0,1,3,Good,7862.65,30.0,325,Yes,384.22,253.17,Low_spent_Large_value_payments,Good,0
35,38908.39,2683.05,7,5,2,4,2,7,Bad,18868.61,17.16,66,Yes,632.61,688.83,Low_spent_Large_value_payments,Poor,1
68,85510.73,5201.14,7,3,3,0,0,0,Standard,12541.9,28.81,506,Yes,374.25,2758.54,Low_spent_Large_value_payments,Good,0
65,71183.3,4539.74,4,2,0,8,4,2,Standard,23350.67,35.53,159,Yes,1979.66,373.87,High_spent_Large_value_payments,Poor,1
19,41666.67,2871.34,5,6,1,10,4,3,Standard,11385.37,17.15,8,Yes,960.71,819.21,High_spent_Large_value_payments,Poor,1
49,29914.52,2005.01,5,6,1,5,3,5,Bad,8281.29,25.99,295,No,704.28,283.61,High_spent_Small_value_payments,Poor,0
25,42671.54,2694.33,5,4,1,13,4,2,Standard,1683.79,30.34,54,No,139.57,1128.48,Low_spent_Medium_value_payments,Poor,1
39,26604.01,1839.87,3,7,0,1,1,4,Good,793.93,32.66,65,Yes,77.98,992.66,Low_spent_Large_value_payments,Standard,0
23,101825.76,6653.7,8,2,1,6,2,2,Good,10639.18,32.53,14,Yes,928.71,3178.24,High_spent_Small_value_payments,Good,0
29,32418.54,2120.13,3,3,5,0,0,5,Good,7523.96,36.59,94,No,123.36,1265.36,Low_spent_Small_value_payments,Good,0
64,34482.16,2433.74,5,3,0,0,1,0,Standard,7561.45,24.07,377,No,720.87,269.19,High_spent_Medium_value_payments,Good,0
57,15000.0,1053.91,3,6,3,2,3,3,Bad,2788.35,57.57,409,No,89.53,428.59,High_spent_Small_value_payments,Poor,1
53,32297.31,2063.28,6,8,1,14,9,2,Standard,7734.35,5.57,334,No,715.27,551.3,Low_spent_Large_value_payments,Standard,0
32,59987.44,3690.6,3,10,1,8,3,1,Bad,10057.86,17.84,42,Yes,862.9,1476.5,Low_spent_Medium_value_payments,Poor,1
45,19136.76,1215.72,5,4,2,6,4,3,Bad,6667.63,39.5,151,Yes,227.0,342.78,Low_spent_Small_value_payments,Poor,1
69,23145.78,1396.39,4,4,1,5,1,2,Good,14611.8,24.12,381,Yes,977.47,50.0,High_spent_Medium_value_payments,Good,0
66,58432.45,3519.09,3,3,1,1,0,2,Standard,11534.0,9.49,157,Yes,1083.26,1023.74,High_spent_Large_value_payments,Good,0
62,15000.0,964.27,5,5,2,0,1,2,Standard,7335.37,55.37,193,No,358.64,94.05,Low_spent_Large_value_payments,Poor,0
35,68506.27,4808.76,4,5,0,3,1,5,Bad,20135.75,11.92,61,Yes,1432.68,1134.87,High_spent_Medium_value_payments,Poor,1
19,26389.29,1832.46,1,8,3,1,0,4,Bad,10167.83,5.93,7,Yes,334.54,577.92,High_spent_Large_value_payments,Poor,1
30,28763.4,1885.17,4,4,2,2,2,3,Good,6623.37,14.64,100,No,327.38,989.64,High_spent_Medium_value_payments,Good,0
62,18502.72,1223.46,5,2,2,0,1,3,Good,8518.63,16.3,173,Yes,348.33,469.73,Low_spent_Medium_value_payments,Good,0
32,45561.93,2736.64,5,5,0,1,0,3,Good,5053.56,15.4,134,No,349.43,832.88,High_spent_Medium_value_payments,Good,1
37,158882.97,9903.91,3,8,1,4,2,4,Standard,36392.54,16.71,91,No,3180.54,3085.87,High_spent_Large_value_payments,Standard,1
46,58040.62,3498.01,5,3,1,11,5,2,Good,9612.62,45.98,270,Yes,841.5,1440.19,Low_spent_Small_value_payments,Standard,1
59,21621.18,1474.01,7,6,2,8,2,2,Good,5518.47,17.88,325,Yes,232.75,726.88,High_spent_Large_value_payments,Good,0
46,71780.8,4420.11,5,7,1,1,3,2,Bad,18242.36,41.14,230,No,1415.69,508.14,Low_spent_Medium_value_payments,Poor,1
20,30031.2,2084.61,3,4,2,7,1,3,Standard,10493.2,49.46,10,No,362.33,522.99,High_spent_Medium_value_payments,Poor,1
36,82842.04,5547.88,6,3,1,5,4,3,Standard,29908.88,7.49,173,Yes,2554.6,662.01,Low_spent_Large_value_payments,Poor,1
20,58924.12,3681.9,4,8,3,0,3,2,Bad,19628.8,31.61,15,No,504.72,1322.27,Low_spent_Small_value_payments,Poor,0
31,15000.0,925.63,5,3,1,4,1,0,Good,849.65,25.93,82,No,59.47,361.56,Low_spent_Large_value_payments,Good,0
57,19881.64,1328.08,4,6,3,7,3,3,Good,5639.78,55.23,157,Yes,137.25,399.03,Low_spent_Medium_value_payments,Poor,0
21,63999.54,4464.55,5,5,2,0,3,3,Good,21977.7,7.52,8,Yes,1022.15,1110.7,High_spent_Medium_value_payments,Standard,0
69,39775.02,2696.04,2,5,3,0,0,1,Good,12832.3,34.1,534,No,400.14,723.58,High_spent_Medium_value_payments,Good,0
28,19648.31,1253.09,6,7,4,0,3,2,Bad,8740.17,29.03,105,No,201.58,430.97,High_spent_Small_value_payments,Poor,1
48,24830.95,1647.86,9,8,3,3,2,3,Standard,2025.79,12.11,209,Yes,46.72,1090.63,Low_spent_Medium_value_payments,Standard,0
60,15000.0,950.5,3,2,2,0,1,4,Standard,3177.0,29.66,247,Yes,111.76,369.38,High_spent_Small_value_payments,Standard,0
49,34440.07,2439.19,5,4,2,3,2,3,Good,8676.7,39.67,287,No,322.96,976.85,Low_spent_Medium_value_payments,Good,0
44,136818.96,9319.07,5,4,3,3,1,3,Standard,31766.07,16.83,151,Yes,1051.59,3832.64,High_spent_Medium_value_payments,Good,0
47,58862.53,3923.53,5,3,0,1,1,4,Standard,10895.72,39.57,175,No,826.22,1869.13,High_spent_Medium_value_payments,Standard,0
60,135164.82,8729.66,5,5,2,17,4,4,Standard,20292.45,58.78,417,Yes,992.56,4461.13,Low_spent_Small_value_payments,Standard,0
19,61662.93,4112.71,4,6,1,6,3,11,Bad,16942.89,9.32,6,Yes,1501.81,893.48,Low_spent_Large_value_payments,Poor,1
66,67271.21,4285.23,5,6,2,2,2,4,Good,5629.72,14.19,221,Yes,190.23,1610.32,High_spent_Medium_value_payments,Good,0
26,118711.0,7159.78,4,3,4,10,3,0,Good,74782.24,35.85,82,Yes,1550.12,2381.1,High_spent_Small_value_payments,Poor,1
45,45540.53,2927.35,3,4,2,2,2,3,Standard,24871.66,18.23,83,Yes,1175.64,743.36,High_spent_Small_value_payments,Poor,0
48,32456.75,2274.58,2,5,2,6,3,3,Standard,4652.12,25.61,103,No,160.0,987.26,Low_spent_Small_value_payments,Standard,0
51,67480.54,4506.68,1,4,0,4,4,2,Bad,36065.06,56.31,212,Yes,3137.55,50.0,Low_spent_Large_value_payments,Poor,1
32,86881.83,5291.93,3,6,6,3,2,1,Good,53370.78,68.07,147,Yes,688.03,1633.16,Low_spent_Medium_value_payments,Poor,1
65,27228.55,1894.76,5,7,1,1,4,1,Good,3214.76,9.0,471,Yes,235.78,677.78,High_spent_Medium_value_payments,Good,0
42,23554.18,1481.86,2,4,0,0,2,0,Good,2901.89,9.39,218,Yes,244.58,696.31,High_spent_Small_value_payments,Good,0
53,39470.69,2472.48,2,6,1,0,0,2,Standard,8268.15,45.83,283,Yes,770.58,475.37,High_spent_Large_value_payments,Standard,1
25,59808.28,3780.99,2,7,3,5,2,2,Bad,11369.38,20.45,50,Yes,351.01,1325.11,Low_spent_Large_value_payments,Poor,1
26,58621.37,3883.84,4,5,3,10,2,3,Standard,8720.11,48.53,58,No,210.66,1728.13,Low_spent_Small_value_payments,Poor,0
54,15452.09,1018.3,2,6,2,8,3,0,Good,6419.89,50.14,273,Yes,251.25,349.65,High_spent_Large_value_payments,Standard,1
65,114343.65,7469.34,6,6,2,3,0,3,Bad,46451.96,28.08,196,Yes,1817.97,1264.78,Low_spent_Small_value_payments,Poor,1
62,24718.35,1675.24,2,5,3,0,2,7,Bad,2598.19,21.18,114,No,81.54,1087.56,High_spent_Large_value_payments,Poor,1
56,30975.78,1964.77,3,5,2,0,1,6,Standard,7983.09,8.6,168,No,332.13,998.91,Low_spent_Medium_value_payments,Good,1
49,21129.12,1446.76,5,5,1,1,3,0,Standard,5730.79,40.86,282,No,453.73,430.71,High_spent_Small_value_payments,Standard,0
69,183321.61,11347.48,1,9,0,1,0,4,Standard,25853.15,12.42,136,No,2417.41,4319.56,High_spent_Large_value_payments,Good,0
34,41992.34,2875.57,6,6,4,2,2,3,Standard,20496.13,32.87,141,Yes,493.78,971.88,High_spent_Small_value_payments,Poor,0
52,21794.54,1464.4,3,5,2,1,2,3,Good,11863.54,24.64,243,Yes,459.47,400.84,Low_spent_Large_value_payments,Good,0
54,60983.23,4110.36,3,2,0,1,0,4,Standard,6566.93,47.08,270,No,653.46,1303.3,Low_spent_Small_value_payments,Standard,0
36,57611.73,3757.25,7,5,1,0,2,5,Standard,7805.86,33.82,63,Yes,659.79,1677.87,High_spent_Medium_value_payments,Poor,0
61,32447.02,2181.28,5,6,4,2,0,3,Bad,4842.27,25.52,310,No,83.2,1346.51,High_spent_Small_value_payments,Standard,1
46,60136.01,3660.15,4,4,1,3,3,3,Good,30804.95,9.0,80,Yes,2429.2,50.0,Low_spent_Large_value_payments,Standard,0
24,22133.0,1532.16,2,10,3,6,3,2,Standard,9484.93,5.07,54,No,268.13,708.22,Low_spent_Small_value_payments,Standard,0
45,27017.74,1637.32,4,9,0,0,3,1,Bad,6424.48,15.28,240,Yes,605.29,373.9,High_spent_Large_value_payments,Poor,0
26,15000.0,924.17,3,3,2,12,6,2,Standard,3677.85,11.45,67,Yes,166.07,453.46,Low_spent_Large_value_payments,Poor,1
45,16409.72,1087.12,6,6,2,2,1,2,Bad,2847.8,16.46,70,No,104.4,367.02,High_spent_Medium_value_payments,Poor,1
23,107428.25,7306.23,2,6,3,2,1,4,Standard,13360.79,52.75,18,Yes,359.8,4454.99,High_spent_Small_value_payments,Standard,1
46,97232.2,5914.25,4,3,1,15,4,3,Bad,48130.42,27.41,116,Yes,3366.44,50.0,High_spent_Medium_value_payments,Poor,1
34,37777.66,2643.49,5,8,2,3,2,5,Good,15270.95,45.78,107,No,732.32,988.78,Low_spent_Large_value_payments,Standard,0
33,98494.78,6948.55,4,7,1,1,1,3,Good,34544.43,52.76,138,No,2307.25,1566.88,High_spent_Small_value_payments,Standard,0
40,32989.85,2195.95,4,5,0,0,0,4,Standard,657.81,6.36,84,No,49.57,1182.44,High_spent_Large_value_payments,Good,0
48,31380.87,2046.46,3,8,1,10,5,3,Bad,8350.29,59.3,201,Yes,768.87,312.65,High_spent_Medium_value_payments,Poor,1
20,37567.94,2555.81,4,2,1,7,1,1,Good,11297.72,44.15,18,No,761.47,960.4,High_spent_Small_value_payments,Standard,0
38,33693.06,2141.44,7,3,4,5,3,7,Good,8925.95,56.38,110,No,202.4,930.84,High_spent_Small_value_payments,Poor,1
43,31916.62,2085.55,4,5,1,2,1,3,Standard,8944.25,69.73,156,Yes,791.37,643.56,Low_spent_Medium_value_payments,Poor,1
53,72116.55,5042.75,4,2,3,7,2,4,Good,6197.25,39.62,231,Yes,168.39,1877.8,High_spent_Medium_value_payments,Good,0
59,39738.72,2795.74,7,7,3,1,3,1,Bad,15664.79,17.95,336,Yes,372.71,967.19,Low_spent_Large_value_payments,Standard,0
54,55686.28,3900.45,7,5,2,1,1,2,Bad,20268.57,42.46,184,Yes,780.16,1066.77,Low_spent_Large_value_payments,Poor,1
39,67428.85,4237.44,4,3,3,13,4,2,Good,10798.23,7.04,126,No,263.85,2404.54,High_spent_Large_value_payments,Good,0
59,45839.96,2865.84,4,2,1,0,0,6,Good,14620.7,61.71,355,Yes,977.61,390.51,Low_spent_Small_value_payments,Standard,1
29,20289.06,1282.77,5,4,3,11,3,3,Standard,6441.74,42.67,65,No,169.47,697.63,Low_spent_Large_value_payments,Poor,1
59,16127.49,1044.75,5,6,4,1,2,5,Bad,3040.66,17.0,327,Yes,73.54,577.17,Low_spent_Small_value_payments,Poor,0
30,39706.43,2517.53,3,3,2,14,3,2,Good,3266.89,29.31,56,Yes,135.01,1594.77,High_spent_Small_value_payments,Standard,1
28,32769.26,2099.0,1,6,3,2,2,4,Standard,9072.22,43.14,100,Yes,262.15,1008.21,High_spent_Small_value_payments,Poor,1
33,38270.51,2553.54,2,5,3,2,1,2,Bad,2866.57,62.0,137,Yes,93.69,1610.33,High_spent_Medium_value_payments,Poor,0
25,35967.38,2455.16,6,1,1,0,2,2,Standard,6779.96,18.17,70,No,553.9,1046.25,High_spent_Medium_value_payments,Standard,0
57,171124.08,11631.06,2,9,2,8,4,4,Bad,42212.92,9.17,134,No,1817.59,4610.9,High_spent_Medium_value_payments,Standard,1
57,16348.06,1125.12,6,8,1,10,4,3,Bad,5804.92,3.28,264,No,404.87,305.92,High_spent_Large_value_payments,Poor,1
62,15000.0,905.23,4,3,1,6,3,5,Standard,2151.79,19.01,141,Yes,153.04,444.59,Low_spent_Medium_value_payments,Poor,1
19,44330.41,2682.75,5,7,2,6,2,1,Good,6114.08,63.31,6,No,263.31,1535.83,Low_spent_Medium_value_payments,Standard,1
47,28973.78,1986.2,3,3,1,1,1,1,Good,11395.05,20.86,276,Yes,777.82,433.15,High_spent_Medium_value_payments,Good,1
47,43898.73,2887.44,5,5,0,5,4,2,Bad,6026.81,43.45,138,Yes,408.98,1566.14,High_spent_Medium_value_payments,Poor,1
29,51551.15,3415.94,9,4,0,0,2,2,Standard,3626.07,9.04,86,Yes,254.37,1738.8,Low_spent_Large_value_payments,Good,0
27,78469.31,4752.86,1,4,1,6,3,5,Good,12006.15,21.65,69,Yes,893.74,1814.48,High_spent_Large_value_payments,Standard,1
61,15000.0,941.49,6,4,3,12,5,3,Standard,449.65,73.72,420,Yes,10.48,575.37,Low_spent_Medium_value_payments,Poor,0
28,26003.05,1740.01,1,4,0,1,3,4,Standard,5275.17,9.47,60,No,396.73,610.77,Low_spent_Small_value_payments,Standard,0
32,46969.64,3255.36,5,3,3,0,0,3,Standard,6475.91,59.15,149,No,197.06,2001.26,Low_spent_Medium_value_payments,Standard,1
33,57657.65,4032.23,3,3,1,6,1,2,Standard,13642.02,55.03,85,Yes,1098.46,1578.95,High_spent_Medium_value_payments,Poor,1
34,135410.98,8858.75,6,3,1,13,6,1,Good,19366.53,55.59,164,Yes,1719.84,2749.37,Low_spent_Large_value_payments,Standard,0
43,64435.65,4246.91,2,8,0,11,3,2,Good,20050.69,39.02,268,Yes,1847.67,908.68,High_spent_Medium_value_payments,Standard,0
19,35098.96,2422.7,2,5,2,13,4,4,Bad,13638.08,21.72,6,No,529.17,1024.3,Low_spent_Large_value_payments,Poor,1
67,21284.59,1401.04,3,7,3,5,4,4,Standard,11833.44,41.52,316,No,380.52,282.89,High_spent_Medium_value_payments,Standard,0
29,25885.19,1698.05,5,2,3,2,2,3,Standard,7784.33,9.71,46,Yes,247.5,775.88,Low_spent_Medium_value_payments,Standard,0
68,25447.64,1776.37,2,3,2,2,1,2,Good,2937.12,46.9,322,Yes,118.13,863.7,High_spent_Small_value_payments,Good,0
43,53806.0,3688.81,3,7,4,12,5,2,Good,17743.31,5.51,206,Yes,417.77,1091.33,High_spent_Large_value_payments,Good,0
40,42370.11,2959.48,6,4,4,5,3,2,Standard,8342.78,19.02,59,Yes,162.48,1462.29,High_spent_Medium_value_payments,Standard,1
35,16412.69,1023.57,6,4,2,4,4,5,Standard,4435.43,1.86,155,Yes,201.32,394.36,Low_spent_Small_value_payments,Standard,1
49,27958.01,1836.3,5,6,2,5,2,1,Standard,7846.76,32.24,114,Yes,388.57,665.6,High_spent_Small_value_payments,Poor,0
66,61483.77,4250.18,2,4,2,9,3,5,Good,30783.65,12.79,303,Yes,1185.96,1070.82,Low_spent_Large_value_payments,Standard,0
55,44846.35,2744.78,4,9,3,0,0,5,Bad,15321.94,22.93,237,Yes,437.96,904.35,High_spent_Large_value_payments,Poor,0
64,51081.96,3504.67,5,7,0,0,3,1,Bad,13679.2,14.13,316,Yes,1076.24,682.45,High_spent_Small_value_payments,Standard,0
20,45695.41,2832.3,3,3,3,1,2,3,Standard,10475.85,32.54,6,No,290.69,1134.74,Low_spent_Large_value_payments,Standard,1
55,96361.15,6625.27,3,5,2,1,1,3,Good,14189.63,29.3,217,Yes,524.5,3462.83,Low_spent_Medium_value_payments,Good,0
20,41840.74,2787.85,3,1,2,3,0,0,Bad,6148.41,47.07,7,No,248.82,881.09,Low_spent_Small_value_payments,Poor,1
47,28807.36,1788.75,3,3,0,1,0,1,Standard,12519.21,18.66,147,No,1103.61,50.0,High_spent_Large_value_payments,Standard,0
18,20963.69,1365.32,3,6,3,2,2,4,Good,1100.23,36.19,6,No,28.66,742.98,High_spent_Large_value_payments,Standard,0
47,42182.71,2842.58,5,6,2,3,0,2,Bad,10189.68,34.39,193,No,388.73,1555.96,High_spent_Large_value_payments,Poor,1
62,15000.0,1003.0,2,4,1,3,4,4,Standard,7452.79,9.44,266,No,579.09,50.0,Low_spent_Medium_value_payments,Standard,0
49,32514.02,2101.33,3,4,1,3,2,3,Standard,3098.53,27.7,197,No,238.83,846.46,Low_spent_Large_value_payments,Standard,0
45,32096.3,2238.5,6,7,4,4,2,1,Standard,7505.8,20.05,197,No,135.13,1172.35,High_spent_Small_value_payments,Good,0
38,16015.58,1051.03,6,7,0,1,2,1,Standard,2547.77,15.81,73,Yes,246.82,230.66,High_spent_Medium_value_payments,Standard,0
63,20806.91,1362.44,4,3,2,4,2,4,Standard,2941.27,16.96,485,No,144.89,786.98,High_spent_Small_value_payments,Good,0
30,59029.61,3581.59,2,3,2,2,2,5,Bad,15757.82,41.42,108,Yes,594.8,1017.23,High_spent_Small_value_payments,Poor,1
44,41707.12,2919.07,4,6,0,16,6,4,Good,13742.06,14.61,142,Yes,1198.62,648.05,High_spent_Large_value_payments,Poor,1
53,38602.53,2390.22,3,7,5,12,7,1,Standard,5459.99,10.28,293,No,84.27,1031.85,High_spent_Large_value_payments,Good,0
24,43643.45,2868.41,2,9,1,7,1,2,Standard,10254.69,63.64,32,Yes,881.93,765.05,Low_spent_Small_value_payments,Poor,1
39,38390.93,2637.66,4,2,0,8,5,5,Bad,8531.27,28.55,214,Yes,652.15,555.97,High_spent_Large_value_payments,Poor,1
27,76551.39,4771.76,8,4,1,17,4,5,Good,12561.43,76.06,93,Yes,862.89,2362.53,High_spent_Medium_value_payments,Poor,1
56,39107.03,2569.85,4,5,0,1,2,2,Standard,5506.59,30.6,409,Yes,394.6,1162.75,Low_spent_Small_value_payments,Good,0
32,15139.65,947.85,4,7,2,5,2,1,Good,2216.24,18.43,62,No,93.2,428.99,High_spent_Medium_value_payments,Good,0
32,96575.27,6589.33,6,6,2,0,3,3,Bad,27801.49,15.85,48,No,1042.27,2646.15,High_spent_Small_value_payments,Poor,0
21,45351.76,2998.37,4,7,0,1,1,5,Standard,24209.05,20.6,14,No,2004.19,50.0,Low_spent_Medium_value_payments,Poor,0
49,25500.36,1766.49,2,6,2,2,2,2,Standard,5291.27,27.96,139,Yes,256.63,815.63,High_spent_Medium_value_payments,Standard,1
40,17119.25,1193.06,6,5,1,0,4,2,Good,2478.95,57.23,143,Yes,168.66,538.85,High_spent_Medium_value_payments,Poor,1
23,46053.02,3086.84,3,7,1,2,2,2,Standard,12128.09,39.87,13,No,1138.14,902.95,Low_spent_Medium_value_payments,Poor,0
41,33850.09,2297.01,2,4,1,4,3,0,Bad,5886.25,18.73,159,Yes,487.95,708.8,Low_spent_Small_value_payments,Poor,1
37,93385.19,6158.74,5,7,1,0,2,1,Good,42713.35,18.02,69,Yes,3067.32,1088.87,High_spent_Medium_value_payments,Standard,0
54,29509.15,1893.44,4,6,1,4,2,3,Bad,7780.05,28.13,146,Yes,578.88,291.62,Low_spent_Small_value_payments,Poor,1
37,21973.04,1472.66,3,8,3,2,0,3,Standard,11941.72,13.53,50,Yes,396.85,323.35,High_spent_Large_value_payments,Poor,1
29,62160.67,4341.29,5,6,3,2,3,1,Good,4442.92,31.32,93,Yes,115.9,2519.32,High_spent_Small_value_payments,Good,0
50,63270.16,4081.81,1,4,3,11,5,1,Good,42036.92,9.77,113,No,964.42,1748.98,Low_spent_Medium_value_payments,Standard,0
45,40182.66,2547.83,3,2,2,2,1,3,Good,10422.42,55.92,198,Yes,449.16,770.16,Low_spent_Small_value_payments,Standard,0
25,54492.28,3498.84,4,3,3,6,1,2,Standard,11899.71,36.87,68,Yes,289.85,1155.72,Low_spent_Large_value_payments,Poor,1
18,35503.54,2297.68,4,4,0,12,6,6,Standard,11634.88,37.41,6,Yes,1124.11,50.0,High_spent_Medium_value_payments,Poor,1
54,41786.1,2540.47,3,4,6,6,4,5,Good,8015.43,15.86,99,Yes,104.85,1546.89,Low_spent_Large_value_payments,Standard,0
39,73056.95,4777.91,4,6,0,5,4,1,Standard,12578.01,39.13,134,Yes,1097.79,1955.41,High_spent_Medium_value_payments,Poor,1
23,52848.84,3453.94,4,7,3,1,0,3,Good,7098.8,23.04,28,Yes,224.91,1699.69,Low_spent_Large_value_payments,Good,0
38,32808.25,2177.64,4,6,2,6,2,3,Good,3820.48,45.47,125,Yes,190.01,869.36,Low_spent_Medium_value_payments,Standard,1
49,81749.71,5226.3,3,4,1,1,1,6,Standard,6532.66,47.53,86,No,644.21,2348.11,High_spent_Large_value_payments,Standard,0
52,15000.0,999.63,2,2,1,0,1,7,Standard,1555.34,48.22,188,Yes,109.52,345.69,High_spent_Large_value_payments,Poor,1
32,124398.32,8647.43,7,6,4,4,2,2,Good,46624.47,3.63,40,Yes,908.3,4989.66,High_spent_Large_value_payments,Good,1
22,15000.0,1055.26,4,3,2,12,6,5,Good,3952.3,46.02,40,Yes,174.1,375.25,High_spent_Small_value_payments,Poor,1
63,24927.93,1653.28,2,8,4,1,1,2,Good,2887.33,27.82,291,Yes,51.11,611.08,Low_spent_Small_value_payments,Good,0
67,35434.79,2142.44,4,3,0,1,2,5,Good,5959.96,35.86,508,Yes,473.38,800.59,Low_spent_Small_value_payments,Good,0
65,33260.03,2344.83,6,7,2,4,2,4,Bad,8502.93,33.7,156,No,418.12,952.73,High_spent_Large_value_payments,Poor,1
23,66426.19,4493.52,1,5,1,0,0,4,Bad,6783.45,38.7,27,No,495.36,2638.19,High_spent_Medium_value_payments,Poor,1
42,19250.61,1225.1,4,3,3,5,2,1,Good,10403.65,42.5,153,No,288.65,247.06,High_spent_Small_value_payments,Standard,1
63,42466.04,2615.66,6,4,1,3,0,1,Good,13357.95,55.27,482,No,912.59,768.43,High_spent_Small_value_payments,Good,0
57,25669.86,1580.07,3,7,2,0,2,3,Standard,2932.45,18.41,136,Yes,129.03,718.38,Low_spent_Small_value_payments,Standard,1
46,43350.98,2679.84,6,6,1,3,2,2,Good,11707.1,20.41,240,No,1011.96,368.05,High_spent_Medium_value_payments,Good,0
24,34931.23,2113.12,6,6,1,0,3,0,Good,3817.77,9.83,62,Yes,360.83,926.37,High_spent_Medium_value_payments,Good,1
57,38398.03,2679.16,2,4,4,4,3,0,Standard,7058.18,42.99,266,Yes,168.92,1198.09,High_spent_Medium_value_payments,Standard,0
30,26109.25,1719.51,4,4,1,0,0,3,Standard,13331.26,7.71,123,No,983.14,106.57,High_spent_Medium_value_payments,Standard,1
55,26741.22,1807.25,4,8,6,7,3,1,Good,10880.3,32.96,161,Yes,172.83,879.94,Low_spent_Small_value_payments,Standard,0
35,43146.8,2975.89,3,7,2,5,1,3,Bad,10047.94,5.08,81,Yes,499.05,1244.12,Low_spent_Large_value_payments,Poor,1
19,63973.83,4387.01,8,7,2,0,1,4,Good,13303.57,17.23,6,Yes,639.62,1455.04,High_spent_Medium_value_payments,Standard,0
25,25362.64,1764.26,8,3,1,0,0,4,Standard,8694.11,24.31,52,Yes,829.9,382.88,High_spent_Large_value_payments,Poor,1
28,21563.11,1519.74,3,5,2,1,0,3,Good,2594.81,53.21,72,Yes,111.23,790.8,Low_spent_Large_value_payments,Standard,0
50,52474.16,3398.05,2,10,3,0,3,4,Bad,19701.6,5.62,252,No,581.23,1241.32,High_spent_Large_value_payments,Standard,0
55,35614.13,2503.51,4,3,2,1,0,1,Bad,14624.91,34.75,360,No,679.63,850.64,Low_spent_Small_value_payments,Standard,1
65,59772.38,4054.7,3,7,2,1,1,5,Good,30242.39,19.61,341,Yes,1097.92,1466.01,High_spent_Medium_value_payments,Good,0
44,21089.31,1281.5,8,8,2,5,4,2,Standard,3566.69,26.48,99,Yes,177.0,483.01,High_spent_Small_value_payments,Poor,1
37,15000.0,1010.79,4,5,2,0,2,4,Bad,6670.36,40.2,50,Yes,255.49,234.54,High_spent_Small_value_payments,Poor,1
29,26375.68,1778.76,4,2,3,0,3,0,Standard,8746.06,63.13,31,No,244.36,605.34,Low_spent_Medium_value_payments,Poor,1
60,22929.7,1600.8,8,2,2,1,1,3,Good,11103.22,38.14,322,No,471.55,246.34,High_spent_Large_value_payments,Good,0
48,34638.7,2218.27,4,9,2,2,1,4,Standard,11072.13,23.19,249,No,523.46,416.5,High_spent_Large_value_payments,Standard,0
44,24782.5,1643.99,4,3,5,0,4,5,Standard,5557.76,57.8,127,Yes,91.36,997.99,Low_spent_Medium_value_payments,Poor,1
49,56647.9,3406.35,7,2,3,6,3,2,Good,10654.52,22.65,277,Yes,285.83,2078.66,Low_spent_Medium_value_payments,Good,0
27,30549.69,1942.88,5,4,0,6,3,2,Good,1310.28,32.78,46,No,102.8,1171.93,Low_spent_Medium_value_payments,Standard,0
20,39746.8,2411.61,4,5,3,3,2,4,Standard,10274.65,46.95,15,No,329.3,1140.23,High_spent_Large_value_payments,Poor,1
62,39917.92,2620.76,5,3,2,3,1,4,Bad,11734.37,18.31,440,Yes,557.7,659.66,Low_spent_Large_value_payments,Standard,1
44,40821.86,2810.82,5,3,4,6,5,4,Bad,19660.37,6.27,105,No,397.97,792.07,High_spent_Small_value_payments,Poor,1
52,35793.53,2227.66,2,5,2,6,2,0,Good,21642.82,17.1,320,Yes,871.36,644.8,Low_spent_Large_value_payments,Good,0
48,49333.59,3241.9,3,5,4,5,2,0,Good,24523.95,2.57,74,No,447.39,1747.04,High_spent_Small_value_payments,Good,0
32,22530.09,1401.6,4,6,4,0,2,0,Standard,1742.43,15.31,125,No,36.35,940.1,Low_spent_Small_value_payments,Good,0
33,84090.66,5155.38,3,5,2,4,2,2,Standard,18717.69,15.8,67,No,729.87,2064.97,Low_spent_Medium_value_payments,Good,0
30,31510.55,2065.07,1,3,1,4,3,2,Good,8405.53,23.17,29,No,674.12,597.09,Low_spent_Large_value_payments,Standard,0
66,16532.29,1006.11,2,2,0,2,0,1,Standard,4922.65,2.61,119,Yes,360.3,155.57,Low_spent_Large_value_payments,Standard,0
52,40653.65,2697.9,1,6,1,0,1,2,Standard,13185.11,55.91,210,Yes,1149.45,173.65,Low_spent_Medium_value_payments,Poor,1
69,21791.86,1314.91,4,2,1,13,4,3,Good,6075.36,24.51,169,No,493.34,304.2,Low_spent_Medium_value_payments,Standard,1
28,54133.08,3310.57,1,4,3,7,2,6,Good,15661.88,30.7,66,Yes,505.78,926.45,High_spent_Medium_value_payments,Poor,1
38,136729.98,9018.48,3,8,2,2,0,1,Standard,20771.0,27.11,184,Yes,839.91,2854.29,High_spent_Small_value_payments,Good,0
68,22653.21,1504.33,2,4,1,1,1,5,Bad,2317.82,18.05,382,Yes,215.43,623.41,High_spent_Small_value_payments,Standard,0
28,44330.29,2673.74,3,7,1,2,1,1,Standard,9572.56,8.5,89,Yes,827.95,337.58,Low_spent_Small_value_payments,Standard,0
47,15000.0,993.17,1,1,2,3,1,3,Bad,5572.74,46.39,198,Yes,269.24,334.95,Low_spent_Small_value_payments,Poor,1
65,47683.62,3294.16,8,5,0,7,3,0,Bad,11524.93,21.37,372,Yes,1098.66,861.06,Low_spent_Large_value_payments,Poor,1
52,21344.98,1447.73,4,5,0,0,0,2,Standard,2373.86,14.28,259,No,226.63,736.26,Low_spent_Large_value_payments,Good,0
39,24961.73,1533.18,3,8,1,5,2,2,Bad,7684.82,40.32,80,No,762.9,104.9,Low_spent_Medium_value_payments,Poor,1
55,18755.23,1245.69,5,6,4,5,2,3,Standard,5559.2,26.65,211,No,97.67,700.73,High_spent_Medium_value_payments,Standard,0
48,56347.36,3791.2,2,6,0,5,2,1,Good,10125.66,70.02,247,Yes,768.7,1760.16,High_spent_Medium_value_payments,Standard,1
31,66461.8,4014.51,5,5,1,6,2,2,Standard,7056.65,45.42,107,Yes,470.47,2211.34,High_spent_Large_value_payments,Poor,1
41,36828.64,2550.98,6,2,4,15,5,4,Bad,12886.32,33.84,93,Yes,301.37,863.5,High_spent_Large_value_payments,Poor,1
67,21619.35,1509.42,4,8,1,8,4,4,Standard,6495.2,13.76,348,Yes,583.82,70.06,Low_spent_Large_value_payments,Standard,1
66,94250.73,6523.4,3,5,3,4,4,0,Standard,6359.11,27.8,153,No,207.07,2483.05,Low_spent_Small_value_payments,Good,0
49,23150.09,1595.82,1,4,1,2,3,2,Bad,663.5,39.83,271,Yes,59.89,916.93,High_spent_Medium_value_payments,Poor,1
53,15000.0,1021.06,1,11,2,9,2,0,Good,7455.95,51.6,296,Yes,255.86,191.69,High_spent_Large_value_payments,Standard,1
49,47812.07,3196.82,5,9,1,23,7,5,Good,13572.0,32.73,275,Yes,1002.92,776.4,Low_spent_Medium_value_payments,Poor,0
32,18716.02,1260.56,1,6,1,18,4,5,Standard,8483.59,14.38,48,Yes,591.82,50.0,High_spent_Small_value_payments,Poor,1
60,65720.44,4517.36,5,5,2,4,4,1,Standard,12566.89,23.41,212,No,422.3,1841.57,Low_spent_Large_value_payments,Good,0
52,28891.92,1940.87,6,2,1,5,2,6,Bad,3837.53,10.87,170,Yes,290.64,679.69,High_spent_Large_value_payments,Poor,1
20,52168.18,3315.31,3,3,1,8,3,5,Good,3226.73,9.21,7,No,277.43,1607.95,Low_spent_Large_value_payments,Good,0
33,84195.79,5394.67,1,3,3,2,2,4,Standard,7718.83,29.08,41,Yes,246.23,3512.13,High_spent_Medium_value_payments,Standard,0
22,17582.95,1225.85,2,3,2,6,3,1,Standard,5430.36,27.14,32,Yes,241.09,291.05,Low_spent_Large_value_payments,Poor,1
38,25859.61,1556.37,7,3,1,2,2,3,Good,6953.47,22.21,147,Yes,506.4,459.14,Low_spent_Medium_value_payments,Standard,0
27,34703.55,2344.94,2,7,4,4,2,9,Standard,4150.15,7.32,50,Yes,85.8,1230.54,Low_spent_Medium_value_payments,Poor,0
36,91357.06,6426.37,1,9,1,0,1,1,Bad,15427.58,17.38,98,No,1146.51,1457.62,Low_spent_Medium_value_payments,Standard,0
42,24464.3,1655.03,3,4,2,7,3,7,Good,2124.16,12.53,117,No,91.92,686.48,High_spent_Large_value_payments,Standard,0
21,25420.16,1798.92,4,4,2,0,0,2,Bad,3297.12,61.1,10,Yes,142.87,1074.96,High_spent_Small_value_payments,Poor,1
46,48382.06,3263.29,8,3,2,0,1,2,Standard,13203.72,48.71,138,No,518.34,791.07,Low_spent_Medium_value_payments,Standard,0
36,25685.01,1550.66,4,4,3,8,3,8,Standard,3343.41,33.69,130,No,80.49,548.31,High_spent_Medium_value_payments,Poor,1
60,39795.76,2744.29,5,4,2,4,2,0,Good,11370.55,26.99,106,Yes,514.99,859.34,High_spent_Medium_value_payments,Standard,0
19,15000.0,946.25,5,4,2,3,2,4,Standard,3398.27,25.17,6,Yes,130.23,319.19,Low_spent_Medium_value_payments,Poor,1
27,137118.11,8889.68,2,8,2,10,4,2,Bad,38000.48,13.6,56,Yes,1854.9,3237.22,High_spent_Medium_value_payments,Poor,1
60,16177.46,1025.34,4,4,1,2,1,1,Standard,4800.38,26.56,168,No,383.03,84.29,High_spent_Small_value_payments,Standard,0
42,29939.93,1883.5,2,3,2,2,1,4,Bad,7453.41,19.9,94,Yes,249.41,939.95,Low_spent_Small_value_payments,Poor,0
37,35614.62,2303.32,5,2,0,3,2,3,Standard,9553.24,42.02,101,No,808.84,588.3,Low_spent_Medium_value_payments,Poor,0
65,114417.91,7334.55,5,6,3,9,3,2,Good,16201.45,28.6,261,Yes,451.94,3110.33,High_spent_Small_value_payments,Good,0
36,16400.92,1096.58,6,2,1,1,2,8,Bad,8613.69,22.05,81,No,675.66,73.18,High_spent_Small_value_payments,Poor,1
40,119398.57,8215.71,4,7,1,1,1,3,Good,65060.99,36.42,77,Yes,4618.49,1021.29,High_spent_Medium_value_payments,Poor,1
41,57199.82,3616.08,7,7,2,6,2,4,Good,16608.49,29.77,155,No,741.35,750.59,High_spent_Medium_value_payments,Standard,1
28,46642.02,2906.51,4,6,1,22,7,5,Good,16778.27,40.01,71,Yes,1285.7,681.9,Low_spent_Large_value_payments,Poor,1
63,20114.97,1352.22,3,6,3,5,2,3,Good,10033.17,21.43,235,Yes,227.98,424.4,Low_spent_Small_value_payments,Standard,1
51,51158.54,3441.02,2,6,3,4,2,2,Good,7829.96,53.45,318,No,253.57,2063.91,Low_spent_Large_value_payments,Good,0
45,23527.1,1641.3,8,7,5,10,3,1,Bad,10246.4,17.32,259,No,147.63,867.29,High_spent_Medium_value_payments,Poor,0
22,77652.32,4672.55,9,6,2,2,0,2,Standard,16541.02,24.49,42,Yes,592.63,1929.98,Low_spent_Large_value_payments,Standard,1
22,20279.44,1404.17,3,5,2,5,3,0,Good,3613.56,33.05,27,Yes,129.22,543.3,Low_spent_Small_value_payments,Standard,1
68,33931.7,2227.42,6,3,0,1,1,1,Standard,4984.48,14.34,400,Yes,372.42,948.32,Low_spent_Large_value_payments,Good,0
38,26025.61,1736.71,4,2,2,2,1,9,Bad,8781.67,28.45,212,Yes,326.74,678.17,High_spent_Medium_value_payments,Poor,1
29,20080.13,1224.68,6,3,1,6,1,5,Good,4150.78,31.63,107,No,295.92,540.66,Low_spent_Large_value_payments,Standard,0
67,56658.19,3665.03,3,7,3,4,2,2,Standard,16138.32,9.25,443,Yes,495.55,1133.52,High_spent_Large_value_payments,Good,0
21,50074.9,3127.8,5,5,3,11,3,4,Standard,6318.56,43.66,28,No,191.17,1380.4,Low_spent_Small_value_payments,Poor,1
66,75012.21,4707.32,2,8,4,1,3,2,Good,5052.25,24.62,362,No,85.88,3076.61,High_spent_Large_value_payments,Good,0
59,15000.0,981.92,4,8,3,3,2,2,Good,3492.01,32.94,402,No,82.41,555.54,Low_spent_Medium_value_payments,Good,0
37,68768.59,4731.39,5,2,0,0,1,4,Standard,36860.29,19.35,185,No,3311.97,50.0,High_spent_Small_value_payments,Poor,1
55,163287.76,11112.98,3,7,2,17,6,4,Standard,54326.6,43.22,273,No,2292.55,5421.09,High_spent_Small_value_payments,Poor,1
42,27695.23,1839.03,3,8,0,4,2,1,Standard,10998.22,29.78,127,No,810.13,333.06,Low_spent_Medium_value_payments,Standard,0
31,113220.12,7454.83,5,4,1,1,1,1,Good,20422.69,6.5,85,Yes,1899.37,1241.62,High_spent_Medium_value_payments,Good,0
28,31011.19,2004.23,4,3,2,9,4,2,Standard,10329.93,46.02,24,Yes,472.1,704.15,Low_spent_Large_value_payments,Poor,1
49,15939.48,1124.33,3,6,2,0,2,7,Standard,6103.96,65.92,326,Yes,277.39,345.1,High_spent_Small_value_payments,Poor,1
28,30230.92,1997.32,3,6,1,10,5,2,Good,12015.15,16.17,51,Yes,834.89,50.0,High_spent_Large_value_payments,Poor,0
35,68112.93,4274.18,5,6,7,0,4,2,Standard,15067.66,29.12,115,Yes,197.56,2374.83,Low_spent_Medium_value_payments,Standard,1
44,21962.55,1372.5,7,6,3,14,5,4,Good,11779.17,23.71,245,Yes,314.21,320.09,High_spent_Small_value_payments,Poor,1
35,25331.32,1687.65,2,9,1,1,1,5,Good,4153.87,4.92,65,Yes,306.9,824.57,High_spent_Medium_value_payments,Good,1
40,51850.7,3404.72,3,5,5,2,1,3,Good,3506.49,25.11,220,Yes,57.54,2122.55,High_spent_Large_value_payments,Good,0
28,36382.24,2185.97,4,5,1,4,2,1,Good,15757.94,15.56,38,Yes,1207.32,269.6,Low_spent_Large_value_payments,Standard,0
38,51574.04,3558.22,2,5,1,14,5,3,Standard,19537.93,46.78,66,Yes,1870.22,50.0,Low_spent_Medium_value_payments,Poor,1
61,41885.61,2832.64,5,7,3,1,1,2,Good,11263.08,33.03,360,No,314.89,1619.22,High_spent_Medium_value_payments,Good,1
22,48425.18,3252.71,4,8,1,2,2,4,Standard,20836.24,18.24,23,No,1873.53,50.0,Low_spent_Small_value_payments,Poor,1
40,28018.47,1701.99,5,5,2,5,1,1,Bad,769.35,23.1,118,No,26.74,719.07,High_spent_Small_value_payments,Poor,0
58,41732.63,2667.64,5,8,2,0,1,2,Bad,16020.91,52.15,248,Yes,618.33,802.87,High_spent_Small_value_payments,Poor,1
42,20818.06,1460.04,4,4,1,2,1,4,Standard,3123.92,3.15,143,Yes,279.58,489.57,High_spent_Large_value_payments,Standard,0
58,78673.38,5455.58,2,4,2,5,3,3,Bad,38185.87,58.24,118,No,1451.36,2209.76,High_spent_Small_value_payments,Poor,1
27,24820.75,1566.03,4,6,2,2,3,1,Good,6417.05,49.81,24,Yes,275.39,684.95,Low_spent_Small_value_payments,Poor,0
39,71489.69,4411.02,6,12,3,19,4,4,Good,12702.12,42.37,124,No,321.55,2550.51,Low_spent_Medium_value_payments,Standard,0
36,31566.0,2047.53,3,6,3,18,4,1,Good,8625.32,9.09,57,Yes,216.05,912.9,Low_spent_Small_value_payments,Standard,1
18,40994.75,2617.71,3,8,1,13,4,3,Standard,6495.96,58.46,6,No,480.51,764.5,Low_spent_Small_value_payments,Poor,1
24,26984.59,1818.51,5,1,1,15,4,5,Standard,8787.06,21.83,57,Yes,652.9,490.59,High_spent_Large_value_payments,Poor,1
21,19740.01,1391.07,7,6,3,15,8,3,Standard,2746.06,26.45,13,Yes,83.82,539.63,Low_spent_Medium_value_payments,Poor,1
18,15000.0,958.99,2,8,1,9,3,2,Good,7560.61,6.01,6,No,512.92,76.46,High_spent_Small_value_payments,Standard,1
32,19279.65,1169.78,4,4,1,14,4,2,Good,6236.35,21.4,85,Yes,467.38,190.9,High_spent_Medium_value_payments,Poor,0
57,29901.22,2084.84,4,4,2,0,0,2,Standard,7681.72,23.7,285,Yes,372.48,1074.02,Low_spent_Large_value_payments,Good,1
29,41238.5,2491.26,5,6,0,7,2,4,Good,18128.82,48.8,47,Yes,1403.47,228.77,Low_spent_Small_value_payments,Poor,0
39,66584.53,4682.33,4,5,1,3,0,3,Good,6319.28,24.52,53,No,501.16,1553.15,High_spent_Small_value_payments,Good,0
39,27793.17,1867.69,5,7,1,3,1,0,Good,5421.44,21.8,129,No,504.03,562.51,High_spent_Large_value_payments,Good,0
67,21393.1,1501.83,1,5,2,0,2,2,Bad,5892.03,42.3,378,Yes,265.62,770.22,Low_spent_Small_value_payments,Poor,1
64,15281.09,949.92,2,3,3,2,1,2,Bad,4003.38,61.64,184,No,90.12,415.06,Low_spent_Large_value_payments,Poor,1
34,48437.92,2927.63,6,5,1,2,0,1,Good,3649.62,27.8,161,No,256.26,1559.87,High_spent_Small_value_payments,Good,0
46,83276.09,5437.01,4,4,1,1,2,6,Standard,16326.69,8.82,111,Yes,1322.13,1381.83,Low_spent_Small_value_payments,Standard,1
63,77636.9,5037.22,3,4,4,14,6,3,Standard,17032.41,14.79,391,Yes,354.81,2740.6,Low_spent_Medium_value_payments,Standard,0
31,55601.18,3535.74,2,4,1,4,4,5,Good,11923.79,39.81,94,Yes,860.87,869.29,High_spent_Large_value_payments,Poor,1
67,53269.86,3748.85,4,4,2,16,5,1,Standard,30497.04,28.44,141,Yes,1143.51,886.63,Low_spent_Small_value_payments,Poor,1
37,100566.48,6930.17,4,7,1,4,2,2,Standard,9534.21,24.39,118,No,884.27,3760.67,Low_spent_Medium_value_payments,Good,0
67,44322.55,2977.02,3,7,5,3,2,3,Good,13898.7,4.88,172,Yes,221.32,1640.9,High_spent_Large_value_payments,Good,0
65,53512.89,3305.19,4,9,0,2,1,6,Good,4863.39,18.43,253,No,452.52,1052.71,High_spent_Small_value_payments,Good,0
50,29957.34,2035.76,3,6,5,1,1,3,Standard,3348.79,20.01,214,Yes,61.32,1020.54,Low_spent_Small_value_payments,Standard,1
60,16038.93,1088.66,8,12,2,0,2,3,Standard,10855.0,27.43,221,Yes,429.34,161.7,Low_spent_Medium_value_payments,Standard,0
32,24093.34,1556.55,2,7,1,6,3,4,Good,9882.1,8.08,63,Yes,935.51,108.37,High_spent_Small_value_payments,Standard,0
29,36116.48,2528.82,2,2,1,8,6,5,Bad,17747.63,11.12,68,Yes,1548.0,50.0,Low_spent_Small_value_payments,Poor,1
57,37664.42,2328.0,6,7,2,0,1,3,Standard,10327.85,27.47,295,No,349.27,821.36,Low_spent_Medium_value_payments,Good,0
37,115355.22,7255.4,6,3,5,0,0,9,Good,30383.55,69.5,184,Yes,444.83,2926.51,Low_spent_Large_value_payments,Standard,0
47,38130.37,2313.94,3,3,0,6,3,0,Bad,10344.05,13.27,210,Yes,760.73,571.22,Low_spent_Small_value_payments,Poor,1
55,73666.69,5054.82,2,6,2,0,2,3,Standard,18560.4,31.81,166,Yes,621.55,1684.77,Low_spent_Large_value_payments,Standard,0
20,27971.84,1866.72,3,4,2,2,0,3,Bad,7755.02,27.41,20,Yes,348.76,673.46,High_spent_Medium_value_payments,Poor,1
45,30121.5,1910.06,6,3,2,7,3,2,Good,3650.39,9.11,104,No,165.42,781.42,Low_spent_Medium_value_payments,Good,1
43,16360.01,1010.63,4,6,2,10,4,1,Good,2869.32,10.03,112,No,134.7,479.12,High_spent_Small_value_payments,Good,0
47,23262.62,1405.87,5,10,3,12,3,1,Bad,6216.25,42.65,96,Yes,171.62,809.05,High_spent_Medium_value_payments,Poor,1
30,49820.85,3079.25,2,5,2,2,1,1,Standard,13190.54,29.32,90,Yes,512.84,1403.38,Low_spent_Large_value_payments,Standard,0
30,36480.61,2367.98,5,2,4,4,2,1,Standard,1210.63,48.49,44,Yes,26.92,1568.49,Low_spent_Small_value_payments,Poor,0
19,63944.01,4007.87,5,5,3,3,0,2,Standard,19933.22,34.3,6,Yes,609.66,1841.02,High_spent_Large_value_payments,Poor,1
54,40487.65,2542.85,6,3,4,6,2,5,Standard,5637.48,16.84,324,No,130.46,1641.46,Low_spent_Medium_value_payments,Good,0
66,29393.47,2042.42,3,7,1,6,1,4,Standard,8354.9,25.92,402,Yes,701.75,376.22,Low_spent_Medium_value_payments,Standard,0
55,131791.73,8642.99,4,9,1,1,0,3,Standard,22838.29,8.12,360,No,1721.46,3965.62,High_spent_Medium_value_payments,Good,0
19,34325.98,2330.74,3,5,1,14,5,5,Standard,14210.37,29.22,7,Yes,990.8,609.69,High_spent_Large_value_payments,Poor,1
53,72969.77,4406.42,2,3,0,3,2,5,Bad,23830.82,47.87,159,Yes,1985.1,350.22,High_spent_Small_value_payments,Poor,1
43,28546.07,1825.69,4,8,0,1,2,2,Good,14681.06,53.06,214,Yes,1138.89,50.0,Low_spent_Large_value_payments,Poor,0
28,55590.06,3623.97,6,5,3,1,0,4,Standard,7467.64,1.85,63,Yes,243.09,1789.33,Low_spent_Large_value_payments,Good,0
25,63374.03,3930.43,4,5,3,0,0,5,Good,10596.77,20.98,44,Yes,351.09,2101.83,High_spent_Medium_value_payments,Good,0
61,41154.77,2522.87,2,5,2,0,0,5,Good,17016.87,24.05,172,No,572.79,812.8,Low_spent_Medium_value_payments,Good,0
57,15000.0,1041.42,3,5,2,9,2,4,Good,3635.82,61.83,339,Yes,177.05,362.06,Low_spent_Large_value_payments,Poor,1
60,36715.4,2576.58,7,2,2,9,2,4,Standard,12964.17,69.07,406,Yes,539.86,1026.39,High_spent_Medium_value_payments,Poor,1
39,75983.84,4623.9,6,3,3,2,2,6,Bad,13103.81,29.54,123,Yes,394.35,2689.73,High_spent_Large_value_payments,Poor,0
37,49835.78,3178.58,5,3,3,3,0,3,Standard,2539.54,14.71,78,Yes,61.53,1337.54,Low_spent_Medium_value_payments,Standard,0
25,47453.39,3339.84,4,2,3,0,0,1,Good,7565.33,20.73,25,Yes,241.44,1652.2,Low_spent_Medium_value_payments,Good,0
46,15000.0,913.51,2,4,3,1,1,2,Standard,5727.07,25.81,96,No,136.75,252.88,Low_spent_Small_value_payments,Standard,0
57,23569.93,1578.54,7,11,2,1,2,1,Standard,3818.65,23.81,200,Yes,174.44,513.68,Low_spent_Medium_value_payments,Standard,1
43,46481.73,3278.47,1,5,2,9,3,8,Good,4888.25,6.49,226,Yes,224.25,1747.26,Low_spent_Medium_value_payments,Good,0
47,46454.56,3279.57,2,5,3,2,0,3,Standard,5672.28,30.44,292,Yes,128.11,1978.55,High_spent_Medium_value_payments,Good,1
34,75267.23,4900.27,4,4,1,0,2,0,Good,7492.23,55.58,146,No,646.27,2449.74,High_spent_Large_value_payments,Good,0
37,33292.25,2056.23,4,5,1,1,1,1,Standard,3413.19,20.68,106,Yes,300.78,689.12,Low_spent_Large_value_payments,Standard,1
69,46327.66,2881.08,4,2,2,2,1,1,Standard,8452.91,20.44,394,Yes,389.94,1377.25,Low_spent_Large_value_payments,Good,0
33,36674.04,2553.88,4,3,3,0,1,2,Bad,7110.08,9.27,53,Yes,210.28,1023.04,High_spent_Large_value_payments,Poor,0
63,20087.13,1403.62,4,8,3,0,3,5,Standard,3289.55,42.81,393,Yes,75.03,613.39,High_spent_Large_value_payments,Standard,1
60,15000.0,998.78,5,7,3,0,0,2,Standard,4753.47,68.93,336,Yes,130.99,391.68,High_spent_Large_value_payments,Poor,1
24,47033.05,3212.37,4,9,3,1,0,4,Good,8173.38,9.82,37,Yes,256.35,1401.74,High_spent_Large_value_payments,Good,0
33,40310.54,2741.76,5,6,3,3,0,2,Bad,17180.25,18.42,131,Yes,496.3,606.71,High_spent_Medium_value_payments,Poor,1
62,25061.67,1683.39,2,6,3,7,3,3,Standard,11411.12,22.06,367,Yes,272.88,626.61,High_spent_Small_value_payments,Standard,0
64,15000.0,1034.43,4,2,3,1,2,2,Standard,3506.2,27.93,457,Yes,84.54,504.23,Low_spent_Medium_value_payments,Good,0
65,52989.22,3572.81,4,6,2,8,3,0,Standard,7524.68,26.59,307,No,290.07,1948.55,High_spent_Small_value_payments,Good,1
44,30959.9,2036.7,3,6,2,9,3,4,Standard,1633.24,25.13,240,Yes,68.36,786.47,Low_spent_Large_value_payments,Standard,1
40,50722.5,3173.56,3,6,4,5,4,1,Standard,9781.71,7.13,167,Yes,189.9,1216.41,Low_spent_Large_value_payments,Standard,0
41,111127.02,7563.17,4,6,4,3,1,4,Bad,36398.57,24.68,192,No,664.86,4597.36,Low_spent_Small_value_payments,Standard,1
26,15000.0,976.93,3,9,1,0,2,4,Good,7401.69,35.78,29,Yes,644.15,50.0,Low_spent_Small_value_payments,Poor,0
52,23866.7,1508.22,1,9,3,4,4,2,Good,6369.32,67.07,178,Yes,199.61,653.93,High_spent_Small_value_payments,Poor,1
68,32028.28,2199.95,1,4,1,2,0,2,Standard,8634.9,28.66,215,Yes,752.21,194.77,High_spent_Large_value_payments,Standard,1
37,86933.24,5872.14,3,4,3,0,1,2,Standard,7274.63,53.22,64,Yes,173.68,3846.45,Low_spent_Large_value_payments,Standard,0
54,15000.0,1052.32,5,2,0,0,3,1,Bad,5209.31,27.77,243,Yes,354.58,105.16,Low_spent_Large_value_payments,Poor,1
59,116019.85,7169.13,6,5,0,1,2,2,Standard,49353.57,44.76,149,No,4263.13,50.0,Low_spent_Small_value_payments,Poor,1
34,39399.7,2641.08,3,8,3,6,2,3,Good,15992.14,19.09,66,Yes,529.28,1212.34,High_spent_Medium_value_payments,Standard,0
64,34282.82,2147.68,2,6,0,4,2,2,Good,11026.64,27.29,296,Yes,804.66,647.04,Low_spent_Small_value_payments,Good,0
48,32246.48,2250.44,2,5,0,0,1,2,Standard,6218.31,11.67,216,No,540.68,407.21,Low_spent_Small_value_payments,Good,0
25,27951.95,1707.25,4,10,2,2,0,4,Standard,8253.12,23.72,31,No,340.0,836.59,High_spent_Large_value_payments,Standard,1
32,68109.37,4570.71,6,9,2,1,4,3,Good,16103.01,25.34,49,Yes,760.58,1311.94,Low_spent_Small_value_payments,Standard,1
48,19127.6,1311.58,3,4,2,11,2,2,Bad,6257.55,41.4,263,Yes,214.76,466.15,High_spent_Medium_value_payments,Poor,1
47,44678.54,2852.5,5,5,1,0,3,1,Standard,10888.43,17.5,248,Yes,884.72,1082.89,High_spent_Large_value_payments,Standard,1
63,28839.2,2028.45,3,5,2,1,0,1,Good,11233.12,31.77,197,Yes,430.6,540.05,Low_spent_Small_value_payments,Good,0
37,22987.82,1591.13,4,3,3,1,1,2,Standard,3084.85,16.45,162,No,76.92,1000.41,Low_spent_Small_value_payments,Good,0
56,171370.83,10829.21,3,6,1,2,1,2,Standard,89901.0,17.87,162,Yes,7580.45,50.0,Low_spent_Medium_value_payments,Poor,1
29,46696.78,2805.62,6,4,1,0,1,4,Good,12357.13,35.53,84,Yes,907.65,415.6,High_spent_Medium_value_payments,Standard,1
66,52468.03,3316.7,5,4,3,1,0,1,Standard,8776.86,63.69,398,Yes,230.45,2000.26,Low_spent_Small_value_payments,Standard,0
34,71873.73,4531.46,5,7,0,12,4,1,Good,7501.8,22.98,84,Yes,723.2,2353.92,High_spent_Small_value_payments,Standard,0
59,15478.23,1077.92,4,2,3,1,1,4,Good,3864.07,7.12,189,No,118.92,618.44,Low_spent_Small_value_payments,Good,0
47,103919.84,7323.97,4,6,2,1,1,2,Standard,30461.24,22.74,212,Yes,1359.26,2880.7,Low_spent_Small_value_payments,Good,0
46,15000.0,911.45,3,6,4,2,1,5,Good,4293.28,32.79,76,Yes,84.69,552.87,High_spent_Small_value_payments,Standard,0
36,22896.52,1490.69,2,7,0,1,0,4,Standard,13023.5,23.97,191,No,1043.48,50.0,Low_spent_Medium_value_payments,Standard,1
63,27572.69,1818.15,6,5,2,5,1,6,Standard,6153.94,23.4,128,Yes,221.53,858.82,Low_spent_Small_value_payments,Poor,0
28,51484.39,3140.88,10,2,3,17,6,3,Standard,26560.75,33.36,102,Yes,773.67,752.69,Low_spent_Large_value_payments,Poor,1
51,41408.07,2653.82,7,4,3,3,0,3,Good,10768.58,24.05,354,Yes,265.42,1306.03,Low_spent_Medium_value_payments,Good,0
67,32856.71,2084.27,2,6,4,8,2,1,Standard,7459.59,27.58,168,Yes,134.63,978.66,Low_spent_Small_value_payments,Standard,1
24,36055.03,2372.68,4,6,3,0,1,2,Good,5410.64,25.22,42,Yes,164.5,1244.69,Low_spent_Medium_value_payments,Good,0
61,20194.92,1356.35,3,3,1,2,3,1,Standard,6853.06,15.77,352,Yes,643.43,198.43,High_spent_Medium_value_payments,Good,0
51,15000.0,1014.32,3,4,0,1,4,3,Standard,4467.81,68.32,302,Yes,423.7,50.0,High_spent_Small_value_payments,Poor,1
37,56157.02,3452.62,8,6,5,1,1,2,Standard,20195.75,45.33,53,Yes,278.71,1858.53,High_spent_Large_value_payments,Poor,1
67,55062.47,3788.68,5,5,3,9,2,3,Standard,15340.15,31.3,268,Yes,363.12,1311.94,Low_spent_Medium_value_payments,Standard,0
55,93966.78,6328.74,2,4,0,3,0,2,Good,7610.53,36.76,156,Yes,735.89,2091.82,High_spent_Small_value_payments,Good,0
41,22606.43,1574.12,6,2,2,2,0,4,Bad,6066.67,19.67,226,Yes,241.59,547.67,High_spent_Small_value_payments,Poor,1
27,55033.05,3569.87,4,5,1,1,0,3,Good,6967.75,17.72,95,Yes,633.32,1268.87,Low_spent_Large_value_payments,Good,0
49,30631.25,2134.5,4,9,1,0,2,3,Good,6186.85,26.3,242,No,482.01,426.39,High_spent_Small_value_payments,Good,0
69,74182.61,5146.73,5,4,0,11,3,5,Standard,42118.5,44.34,389,Yes,3101.74,493.36,High_spent_Small_value_payments,Poor,1
32,67048.91,4341.38,7,2,3,2,1,3,Bad,7906.55,11.44,86,Yes,258.99,2178.75,Low_spent_Medium_value_payments,Standard,0
54,41221.93,2643.52,5,7,3,4,2,3,Good,10793.61,23.17,149,Yes,265.71,1113.84,High_spent_Medium_value_payments,Standard,1
37,29622.28,2076.68,6,3,2,4,3,2,Standard,4593.32,17.85,77,Yes,200.69,1122.77,Low_spent_Large_value_payments,Standard,0
20,64638.1,4379.08,2,7,3,3,0,5,Good,29463.57,28.86,11,Yes,764.79,1751.33,High_spent_Medium_value_payments,Standard,0
54,53537.77,3750.64,4,6,2,8,3,3,Bad,7418.53,19.28,129,Yes,361.91,1381.76,Low_spent_Medium_value_payments,Poor,1
57,24084.79,1653.03,5,3,2,1,0,1,Standard,9286.02,23.67,216,Yes,435.7,240.66,High_spent_Small_value_payments,Standard,0
25,16371.88,1090.38,7,3,0,3,0,1,Bad,6142.08,41.03,57,Yes,462.77,50.0,Low_spent_Medium_value_payments,Poor,1
57,30542.68,1870.89,2,6,2,1,2,4,Standard,6727.9,51.83,383,Yes,270.31,959.71,High_spent_Medium_value_payments,Standard,1
61,90151.63,5693.77,3,2,3,9,3,3,Standard,6857.28,21.68,303,No,193.54,3254.95,Low_spent_Large_value_payments,Good,0
40,72250.34,5093.34,4,4,1,4,3,3,Standard,22143.94,56.69,152,No,1505.97,874.47,Low_spent_Large_value_payments,Poor,0
57,18631.4,1182.36,3,8,1,2,1,1,Standard,3289.96,9.6,156,Yes,253.34,372.31,Low_spent_Medium_value_payments,Standard,0
28,18021.95,1099.52,3,3,4,0,2,2,Standard,5097.63,43.95,91,No,112.96,372.17,Low_spent_Large_value_payments,Poor,0
63,78027.01,5279.71,4,7,2,4,2,2,Standard,9173.57,27.89,329,No,315.93,2133.28,Low_spent_Medium_value_payments,Good,0
25,18372.65,1248.45,5,2,1,6,2,3,Bad,3834.66,42.83,73,No,294.58,327.52,Low_spent_Medium_value_payments,Poor,1
46,49294.96,3110.14,6,2,2,4,1,1,Standard,19241.41,18.48,219,Yes,852.04,1000.9,Low_spent_Medium_value_payments,Standard,0
47,25093.33,1586.52,3,5,1,21,5,2,Bad,16000.21,10.83,214,Yes,1110.56,50.0,Low_spent_Small_value_payments,Poor,1
27,95820.02,6235.94,5,6,0,0,4,4,Good,6883.65,31.65,43,Yes,511.19,3733.57,Low_spent_Medium_value_payments,Good,0
56,22873.75,1377.82,5,5,0,1,0,3,Good,1218.26,33.33,284,Yes,89.39,550.55,Low_spent_Small_value_payments,Good,0
45,72114.97,4943.55,5,4,1,2,2,7,Good,17993.13,40.18,215,No,1680.45,714.43,Low_spent_Large_value_payments,Standard,1
66,40575.32,2573.9,4,5,0,2,2,3,Good,14110.05,50.4,232,Yes,1302.27,219.33,Low_spent_Large_value_payments,Standard,1
53,42248.2,2925.65,3,2,1,6,3,2,Standard,11214.71,14.86,101,Yes,1018.27,264.76,Low_spent_Medium_value_payments,Poor,0
30,15000.0,1030.43,3,7,1,0,3,2,Standard,5702.19,50.15,97,No,536.39,50.0,High_spent_Small_value_payments,Poor,0
49,15000.0,1007.48,3,8,0,0,1,5,Standard,2123.1,20.05,204,Yes,150.77,331.8,Low_spent_Medium_value_payments,Standard,0
53,31813.96,2020.81,1,7,2,0,2,3,Standard,8628.07,9.96,198,Yes,384.88,736.97,High_spent_Small_value_payments,Standard,1
54,42114.34,2762.42,2,6,1,5,2,2,Standard,6787.04,23.76,303,Yes,562.94,896.55,Low_spent_Medium_value_payments,Standard,0
43,18488.08,1198.38,1,5,2,7,3,2,Standard,3725.11,52.48,214,Yes,143.38,442.96,High_spent_Medium_value_payments,Poor,0
39,18897.48,1203.23,8,4,0,3,1,1,Good,1383.31,51.74,107,No,109.69,712.76,Low_spent_Small_value_payments,Standard,0
21,50862.62,3519.09,2,5,3,2,2,3,Standard,19520.11,43.47,8,No,543.85,1168.1,Low_spent_Small_value_payments,Poor,0
48,50904.81,3320.93,7,5,4,0,2,2,Standard,7535.02,31.1,123,Yes,151.31,1596.93,Low_spent_Small_value_payments,Standard,1
35,33434.89,2307.72,3,4,2,3,2,4,Bad,9951.35,31.76,172,Yes,356.62,1253.77,High_spent_Small_value_payments,Poor,1
55,57995.52,3545.84,4,3,1,0,2,1,Good,22198.31,40.16,180,No,1904.18,50.0,Low_spent_Small_value_payments,Standard,1
41,17952.39,1104.57,7,3,1,0,2,3,Bad,3401.56,17.29,84,No,232.06,248.69,Low_spent_Large_value_payments,Poor,0
40,29332.14,2070.49,4,2,3,2,1,2,Good,10755.97,19.83,214,No,267.13,801.27,High_spent_Medium_value_payments,Good,1
39,97609.15,6478.07,2,4,4,0,0,2,Good,20836.76,22.1,57,No,480.74,3488.72,Low_spent_Large_value_payments,Good,0
19,37835.13,2479.05,2,4,2,6,1,2,Standard,5204.92,12.36,9,Yes,198.96,1357.18,Low_spent_Medium_value_payments,Standard,1
48,39174.74,2572.51,3,2,1,12,6,3,Good,16721.69,8.64,267,Yes,1637.79,50.0,High_spent_Small_value_payments,Standard,0
28,144866.51,9029.83,5,4,2,1,1,1,Good,8279.78,24.66,71,No,391.56,4013.05,Low_spent_Medium_value_payments,Good,0
45,15683.97,1063.15,2,3,1,5,3,3,Bad,2828.04,7.74,209,Yes,224.7,358.69,High_spent_Medium_value_payments,Poor,0
63,58562.99,3567.57,2,6,1,12,3,3,Standard,11848.5,55.62,170,No,1145.14,689.14,Low_spent_Small_value_payments,Poor,1
49,98557.14,6525.57,5,8,1,1,1,4,Bad,18466.78,18.61,221,No,1336.04,1947.1,High_spent_Large_value_payments,Standard,0
22,29884.2,1977.84,6,5,1,3,2,3,Standard,5089.13,10.48,27,Yes,372.94,646.1,High_spent_Small_value_payments,Standard,0
55,60826.36,4251.99,2,7,1,4,1,3,Standard,29224.78,27.42,144,Yes,2764.52,50.0,Low_spent_Small_value_payments,Poor,1
27,20146.55,1323.63,3,4,1,8,4,2,Good,10029.55,8.07,77,Yes,926.54,50.0,High_spent_Medium_value_payments,Standard,1
57,24051.69,1478.81,5,3,3,4,2,4,Good,11723.74,25.84,105,Yes,357.87,565.59,High_spent_Large_value_payments,Standard,1
63,45751.5,3028.97,9,5,2,7,4,0,Good,27375.9,57.8,242,Yes,1272.76,805.38,High_spent_Medium_value_payments,Poor,1
41,58638.1,3576.3,4,7,1,1,2,2,Bad,28905.25,21.86,180,Yes,2468.6,50.0,High_spent_Medium_value_payments,Poor,0
52,71151.16,4426.15,4,5,3,5,2,5,Standard,33276.62,23.16,310,Yes,767.9,1243.3,Low_spent_Small_value_payments,Standard,0
61,93132.38,5619.33,9,4,1,3,2,0,Good,19649.44,37.29,308,Yes,1895.63,469.42,Low_spent_Large_value_payments,Good,0
65,34875.23,2286.44,7,5,6,4,2,5,Good,10522.35,43.67,475,Yes,124.59,1425.63,High_spent_Medium_value_payments,Good,1
40,74322.35,4527.4,2,6,1,5,1,2,Standard,10103.4,7.7,120,Yes,731.32,1207.41,High_spent_Small_value_payments,Standard,0
34,29573.0,1924.76,6,3,1,8,4,2,Standard,8846.65,24.6,168,Yes,823.54,287.18,Low_spent_Medium_value_payments,Poor,1
18,62395.9,4374.38,4,3,1,1,0,1,Standard,19106.12,59.7,6,Yes,1306.35,1155.29,Low_spent_Large_value_payments,Poor,1
48,41130.01,2788.51,3,9,3,1,1,1,Standard,21203.28,12.29,193,Yes,586.85,981.21,Low_spent_Large_value_payments,Standard,0
48,47448.81,2886.72,7,3,1,34,9,4,Good,9047.06,49.03,303,Yes,683.71,492.04,High_spent_Medium_value_payments,Poor,1
59,46821.83,2923.04,2,4,0,0,2,2,Good,17518.37,10.25,287,Yes,1366.29,666.43,Low_spent_Medium_value_payments,Good,0
59,15000.0,1009.47,7,5,2,0,1,4,Standard,3359.36,11.38,318,Yes,133.72,389.67,High_spent_Small_value_payments,Good,0
51,18500.02,1289.31,1,3,1,3,2,5,Bad,4029.37,48.12,334,No,291.99,509.85,High_spent_Small_value_payments,Poor,1
26,38619.97,2330.97,4,6,1,3,1,4,Good,1811.07,1.98,82,Yes,169.34,769.9,High_spent_Medium_value_payments,Good,0
39,15000.0,1032.02,3,4,2,6,5,3,Bad,3340.55,8.4,89,Yes,127.25,402.62,Low_spent_Medium_value_payments,Poor,1
30,59797.95,3951.83,5,5,5,12,4,1,Good,12629.31,39.29,108,Yes,202.81,2543.62,High_spent_Medium_value_payments,Standard,1
42,61263.14,4038.22,6,4,7,12,6,6,Standard,13395.18,50.69,250,Yes,132.38,1852.78,High_spent_Medium_value_payments,Poor,1
65,44192.14,3110.08,3,4,2,5,2,3,Good,13252.18,62.61,127,Yes,463.28,1240.76,Low_spent_Large_value_payments,Poor,1
35,18533.21,1262.1,2,2,0,7,2,1,Bad,2169.37,12.79,112,Yes,187.73,354.8,Low_spent_Small_value_payments,Poor,1
68,83123.55,5752.95,6,6,1,5,2,6,Standard,12966.92,16.3,474,No,1047.57,1636.04,High_spent_Large_value_payments,Good,0
29,123293.92,7870.46,3,4,4,0,2,2,Standard,29432.05,34.56,65,No,610.52,3179.53,Low_spent_Small_value_payments,Good,0
57,39665.86,2618.17,10,4,5,14,6,2,Bad,135.2,25.75,253,Yes,2.34,1659.67,High_spent_Medium_value_payments,Poor,1
34,49331.65,3288.79,7,6,1,9,5,0,Standard,23714.74,20.11,166,No,2255.61,50.0,Low_spent_Medium_value_payments,Poor,0
32,40988.35,2602.1,5,6,1,0,2,2,Standard,6091.07,8.07,114,Yes,454.04,603.79,High_spent_Small_value_payments,Standard,1
59,49922.22,3303.74,2,4,4,21,5,4,Bad,10104.93,16.18,311,No,172.06,1552.29,High_spent_Large_value_payments,Poor,1
32,33801.64,2114.76,2,3,3,9,5,4,Bad,7908.92,25.64,125,Yes,219.41,1149.87,High_spent_Large_value_payments,Poor,0
32,35570.13,2189.46,3,4,2,11,2,4,Bad,6559.84,5.91,126,Yes,280.94,827.45,High_spent_Large_value_payments,Poor,1
56,62531.8,4005.25,4,2,1,3,2,3,Standard,29704.49,18.89,339,Yes,2023.68,50.0,High_spent_Medium_value_payments,Standard,1
30,148356.66,10089.58,2,6,4,11,4,4,Good,77313.59,17.04,52,No,1373.44,5200.95,Low_spent_Large_value_payments,Standard,1
34,15677.11,1096.23,5,5,1,2,3,3,Standard,5181.93,32.61,39,Yes,496.85,196.75,High_spent_Small_value_payments,Poor,1
49,34122.51,2216.55,6,5,3,0,1,2,Standard,17529.05,55.35,219,Yes,392.12,847.0,High_spent_Medium_value_payments,Poor,1
26,17885.11,1197.66,5,8,1,0,0,1,Good,3604.75,44.47,22,Yes,336.04,212.43,High_spent_Large_value_payments,Standard,1
57,94392.31,5768.9,1,2,2,1,1,5,Standard,45826.16,34.66,94,No,2062.06,506.0,High_spent_Small_value_payments,Poor,1
37,25523.56,1781.5,4,4,3,10,4,3,Good,9610.14,19.86,204,Yes,315.47,539.08,High_spent_Medium_value_payments,Standard,1
43,15276.63,1010.7,4,7,2,5,1,1,Standard,6367.11,27.74,181,Yes,236.42,464.11,Low_spent_Small_value_payments,Standard,1
44,53258.47,3645.74,7,3,2,2,3,8,Standard,13541.41,16.69,213,Yes,500.52,1456.85,Low_spent_Large_value_payments,Standard,0
38,103423.42,7095.51,8,5,2,1,0,0,Standard,14210.01,36.03,214,Yes,600.25,3895.25,Low_spent_Small_value_payments,Good,0
35,54076.7,3394.86,4,5,2,1,0,3,Bad,18428.56,13.63,99,Yes,763.04,725.36,High_spent_Medium_value_payments,Poor,1
30,41063.66,2699.23,6,2,5,5,2,4,Standard,8253.02,34.48,117,No,146.23,1180.31,Low_spent_Large_value_payments,Standard,1
33,46419.95,3268.21,3,5,1,0,0,0,Bad,32124.52,30.54,127,Yes,2287.75,50.0,High_spent_Large_value_payments,Poor,1
26,84872.41,5174.76,3,5,0,0,2,4,Good,20961.6,11.11,40,No,1436.33,955.57,High_spent_Small_value_payments,Good,0
29,21492.95,1448.62,2,4,0,5,4,3,Good,6502.17,55.12,34,Yes,562.27,216.2,Low_spent_Medium_value_payments,Poor,0
61,33958.41,2391.5,8,8,0,10,2,4,Standard,9161.56,19.64,332,Yes,819.8,411.68,High_spent_Medium_value_payments,Standard,1
55,27677.8,1750.79,6,7,1,7,3,1,Standard,12809.41,15.35,393,No,1027.33,162.32,High_spent_Large_value_payments,Good,0
36,18020.78,1249.42,1,4,0,0,3,5,Standard,8159.93,10.3,127,Yes,786.79,50.0,High_spent_Medium_value_payments,Poor,1
24,29821.2,2090.9,5,2,0,7,2,2,Standard,10801.74,43.58,62,No,885.24,542.85,Low_spent_Large_value_payments,Poor,1
52,70589.22,4806.66,7,8,0,11,4,2,Good,10355.15,11.57,104,No,957.71,1667.13,High_spent_Large_value_payments,Good,0
65,51019.4,3189.02,2,6,3,5,2,4,Standard,23245.27,3.82,481,No,541.65,866.02,Low_spent_Small_value_payments,Good,0
35,53454.51,3400.69,5,7,1,7,4,1,Standard,20395.52,22.04,174,No,2000.32,148.32,Low_spent_Large_value_payments,Poor,1
33,39651.55,2394.48,3,6,4,10,3,3,Standard,20613.43,39.85,85,No,426.82,902.07,High_spent_Large_value_payments,Poor,1
56,49711.63,3430.47,2,5,4,3,2,4,Standard,17920.06,40.0,123,No,326.82,1994.2,Low_spent_Large_value_payments,Standard,0
21,22463.47,1554.56,3,6,2,3,3,3,Standard,2011.07,36.23,31,Yes,70.63,880.55,High_spent_Large_value_payments,Poor,1
42,30160.67,2016.37,1,13,1,4,2,1,Good,13396.8,16.17,234,No,1115.04,50.0,High_spent_Small_value_payments,Good,0
49,40749.65,2600.6,3,2,2,1,0,2,Standard,21046.18,7.28,324,Yes,768.72,962.01,High_spent_Medium_value_payments,Good,0
57,42894.96,2609.39,5,2,1,2,2,4,Bad,5946.56,15.66,186,Yes,443.57,1059.64,Low_spent_Large_value_payments,Poor,1
30,44007.38,2999.46,5,6,0,3,0,7,Standard,9705.87,45.64,60,Yes,663.23,1240.36,Low_spent_Large_value_payments,Poor,1
62,33422.98,2268.44,5,1,1,0,3,2,Bad,10070.09,35.2,289,No,981.68,50.0,High_spent_Medium_value_payments,Poor,0
34,28956.38,2023.66,4,6,1,3,2,1,Good,10740.65,14.68,116,Yes,857.8,155.01,High_spent_Large_value_payments,Standard,1
66,241509.18,16401.88,5,5,1,5,2,1,Good,127607.66,43.09,351,No,11481.32,50.0,High_spent_Large_value_payments,Poor,1
54,62571.95,4316.06,3,4,3,6,1,3,Standard,5042.03,5.82,150,Yes,156.8,1887.81,High_spent_Medium_value_payments,Good,0
23,46531.67,3167.93,3,5,5,0,1,3,Bad,15696.63,10.79,13,Yes,288.29,1470.51,High_spent_Small_value_payments,Poor,1
36,31573.55,2110.14,2,3,1,3,1,1,Good,12912.57,45.32,182,No,1209.37,50.0,High_spent_Large_value_payments,Standard,1
30,27702.24,1790.27,3,4,1,7,4,1,Bad,8353.93,9.81,103,No,563.47,315.84,Low_spent_Small_value_payments,Poor,1
43,33574.42,2342.59,4,4,2,1,4,2,Good,10283.58,8.94,84,No,465.03,858.72,High_spent_Medium_value_payments,Good,0
31,43290.88,2902.75,5,4,0,2,2,1,Standard,9332.01,7.94,98,Yes,869.38,810.37,Low_spent_Large_value_payments,Standard,1
48,15000.0,964.73,3,6,2,0,3,4,Good,7109.69,4.82,120,Yes,282.57,364.18,High_spent_Small_value_payments,Good,0
21,15000.0,913.56,3,4,1,2,1,3,Good,7154.99,29.78,8,Yes,599.87,50.0,Low_spent_Small_value_payments,Poor,1
56,24781.94,1564.96,3,1,1,1,4,6,Good,3032.9,25.66,145,No,285.01,613.62,High_spent_Medium_value_payments,Standard,0
25,41121.39,2709.5,2,7,1,2,3,2,Standard,11356.03,42.5,59,Yes,1107.0,297.45,Low_spent_Small_value_payments,Poor,1
42,31458.87,1981.47,3,3,1,0,1,3,Standard,2458.36,39.12,157,No,198.26,1132.92,Low_spent_Medium_value_payments,Standard,0
30,88156.84,5500.7,4,4,2,1,1,1,Standard,35695.49,52.53,58,No,1387.08,1435.87,High_spent_Large_value_payments,Poor,1
49,15000.0,985.7,3,9,3,2,1,3,Good,5469.19,42.3,269,Yes,133.3,344.2,Low_spent_Medium_value_payments,Standard,0
55,23137.1,1430.79,3,3,3,0,2,5,Good,9108.16,28.7,236,Yes,225.42,454.03,Low_spent_Small_value_payments,Standard,0
55,90405.02,6208.21,1,4,2,1,1,7,Standard,43296.99,52.44,201,Yes,1672.51,1046.98,High_spent_Small_value_payments,Poor,1
45,39287.89,2563.43,2,5,1,0,2,4,Good,10322.64,13.91,82,Yes,697.7,782.46,High_spent_Medium_value_payments,Standard,0
47,61753.48,4089.12,3,3,1,13,4,2,Good,17819.2,31.72,98,Yes,1681.35,743.22,Low_spent_Medium_value_payments,Poor,1
20,124336.66,7658.72,5,3,2,2,1,4,Good,27903.0,28.05,9,Yes,1333.58,2916.52,Low_spent_Small_value_payments,Standard,1
45,23949.85,1521.2,1,6,3,2,0,4,Bad,2967.01,32.04,126,Yes,69.44,632.15,High_spent_Medium_value_payments,Poor,1
20,34214.73,2204.89,3,3,2,10,3,3,Good,8147.77,20.07,8,No,383.6,783.82,Low_spent_Medium_value_payments,Standard,0
62,30839.26,2120.37,3,7,3,8,5,3,Standard,12183.21,9.21,143,No,354.52,535.99,Low_spent_Large_value_payments,Standard,0
51,15000.0,1025.15,5,5,1,0,2,7,Standard,5482.83,18.27,250,Yes,418.75,133.73,Low_spent_Large_value_payments,Standard,0
33,30144.63,1881.49,2,5,1,0,1,2,Standard,10624.64,58.03,97,Yes,770.65,444.96,Low_spent_Large_value_payments,Poor,1
39,61613.56,4108.1,2,5,1,9,2,6,Standard,30110.65,29.18,162,Yes,2862.08,50.0,High_spent_Small_value_payments,Poor,1
49,50229.3,3146.23,4,6,0,0,0,0,Standard,4975.74,20.42,197,Yes,473.33,1181.76,High_spent_Medium_value_payments,Good,1
55,52651.49,3722.78,2,3,2,3,3,0,Bad,22418.72,10.16,276,No,935.62,1033.98,High_spent_Small_value_payments,Standard,0
25,28989.66,2038.4,5,5,4,0,1,2,Standard,3121.56,7.93,67,Yes,76.79,992.15,Low_spent_Small_value_payments,Standard,1
25,24497.88,1619.36,7,3,1,2,0,3,Good,7843.78,46.89,19,No,675.04,264.88,Low_spent_Medium_value_payments,Standard,0
23,77773.3,5255.25,3,5,1,1,2,0,Standard,21254.14,54.25,35,Yes,1752.02,402.1,High_spent_Small_value_payments,Poor,1
31,26946.53,1850.75,5,2,2,5,1,2,Bad,7617.24,12.46,63,No,277.4,978.72,Low_spent_Large_value_payments,Poor,1
49,43323.45,2937.8,3,4,1,0,4,5,Bad,16276.33,14.53,125,No,1171.38,575.68,High_spent_Large_value_payments,Poor,1
52,40054.68,2706.95,4,3,3,5,3,4,Bad,17350.01,60.92,160,Yes,428.69,1024.02,Low_spent_Small_value_payments,Poor,1
27,87293.41,6144.09,9,7,3,3,2,1,Standard,33111.97,7.75,87,No,1069.97,2253.2,Low_spent_Medium_value_payments,Good,0
20,65045.83,4323.05,2,7,3,4,3,3,Good,17774.02,12.99,19,No,441.35,1859.25,Low_spent_Medium_value_payments,Good,1
29,16694.67,1116.76,3,10,1,2,4,1,Good,1728.11,11.77,37,Yes,167.47,337.99,Low_spent_Small_value_payments,Standard,0
66,17809.16,1232.4,3,7,3,13,4,3,Good,5252.97,42.04,475,Yes,160.89,656.2,Low_spent_Large_value_payments,Standard,0
48,51397.56,3456.85,3,5,0,0,2,2,Good,3235.51,17.15,259,Yes,271.32,1198.76,Low_spent_Large_value_payments,Good,0
46,34940.34,2373.85,3,4,2,11,6,1,Good,7139.27,23.62,74,Yes,284.01,946.68,High_spent_Small_value_payments,Standard,1
22,27636.62,1728.31,4,10,0,3,2,3,Good,7680.86,45.1,35,Yes,564.54,640.03,High_spent_Small_value_payments,Poor,1
69,66794.55,4276.32,3,6,2,9,3,1,Standard,14657.72,10.63,128,Yes,646.05,1840.07,Low_spent_Medium_value_payments,Standard,1
42,40638.68,2503.17,8,8,3,8,3,6,Standard,7273.59,11.7,149,Yes,240.31,1376.01,Low_spent_Large_value_payments,Poor,0
58,37476.69,2453.94,5,4,1,1,3,1,Good,13680.11,62.24,183,Yes,1316.32,101.82,High_spent_Medium_value_payments,Poor,1
48,57982.54,3765.21,3,5,2,1,2,4,Standard,20762.01,21.38,209,Yes,793.1,1032.36,Low_spent_Medium_value_payments,Standard,0
38,28996.62,2053.04,2,7,1,3,1,6,Good,2968.4,35.27,186,No,295.33,965.74,Low_spent_Medium_value_payments,Good,0
37,93070.39,6200.48,3,2,3,6,4,2,Standard,55785.67,50.85,53,Yes,1734.59,2122.79,High_spent_Medium_value_payments,Poor,1
56,22633.16,1550.82,2,6,3,2,1,2,Standard,553.66,38.23,192,No,16.46,888.95,High_spent_Large_value_payments,Standard,0
39,53860.76,3426.54,4,8,3,11,2,2,Standard,22077.31,28.64,131,Yes,516.17,1744.92,High_spent_Small_value_payments,Poor,0
21,85845.09,5924.03,5,4,2,2,3,6,Bad,18261.45,59.51,27,Yes,848.78,1553.77,Low_spent_Medium_value_payments,Poor,1
30,15892.82,1059.47,3,2,1,0,0,4,Bad,2473.08,40.26,69,Yes,173.76,357.65,Low_spent_Medium_value_payments,Poor,1
62,29554.72,1996.44,4,9,4,6,2,4,Standard,6426.74,3.84,148,Yes,133.81,669.8,Low_spent_Small_value_payments,Standard,0
59,72065.05,4553.77,2,8,1,0,3,3,Standard,16514.84,13.4,115,No,1530.5,977.06,Low_spent_Large_value_payments,Standard,1
67,72718.18,4795.3,2,2,4,12,3,3,Good,31037.12,13.02,369,Yes,549.9,1487.93,Low_spent_Large_value_payments,Good,0
66,32764.56,2190.92,1,4,5,5,2,2,Standard,13610.76,28.55,139,Yes,262.91,782.11,Low_spent_Small_value_payments,Poor,0
37,23369.74,1551.33,5,9,4,1,0,3,Good,1932.17,12.31,176,Yes,46.94,616.91,High_spent_Medium_value_payments,Good,0
69,64444.62,4505.62,3,6,1,2,1,4,Standard,16171.34,19.13,471,Yes,1416.21,676.59,Low_spent_Large_value_payments,Good,1
30,73874.98,5151.4,5,4,3,2,1,2,Good,47151.72,68.04,128,Yes,1426.19,2109.09,High_spent_Large_value_payments,Poor,1
34,18055.43,1273.25,8,2,0,3,1,0,Standard,5852.67,12.79,102,Yes,473.03,270.47,Low_spent_Medium_value_payments,Standard,0
53,17635.19,1185.62,6,7,1,1,2,2,Standard,6780.61,36.1,188,Yes,532.66,122.61,Low_spent_Medium_value_payments,Poor,1
50,41570.83,2931.95,2,5,3,0,2,2,Good,7717.88,13.52,334,Yes,238.25,1301.21,High_spent_Small_value_payments,Good,0
18,52977.17,3656.41,3,6,2,4,2,6,Bad,5750.13,20.88,6,Yes,207.05,1616.73,Low_spent_Small_value_payments,Poor,1
32,30350.2,1910.06,5,8,2,4,3,2,Good,13896.01,52.22,61,No,594.12,734.07,Low_spent_Large_value_payments,Poor,0
30,54588.38,3528.08,5,6,2,2,1,2,Bad,10367.69,38.97,112,No,432.21,1780.78,High_spent_Small_value_payments,Poor,0
34,23716.3,1484.23,3,6,3,10,2,0,Standard,6641.43,17.98,153,Yes,202.57,422.99,Low_spent_Medium_value_payments,Standard,1
41,15000.0,900.68,3,5,1,7,2,3,Good,3169.14,48.89,221,No,300.93,189.48,Low_spent_Large_value_payments,Standard,0
25,28160.04,1746.97,3,3,1,1,0,6,Standard,6109.59,43.14,65,No,538.61,303.1,High_spent_Medium_value_payments,Poor,1
67,37719.76,2264.84,4,3,2,3,2,4,Bad,16459.71,28.72,241,Yes,804.58,703.33,Low_spent_Medium_value_payments,Poor,1
44,30776.17,2086.57,4,5,1,0,1,4,Good,3568.57,44.88,135,Yes,289.53,1065.42,Low_spent_Medium_value_payments,Standard,1
62,18121.2,1170.81,2,4,3,1,1,1,Good,1553.44,15.65,434,Yes,49.07,601.32,High_spent_Small_value_payments,Good,0
40,15000.0,950.79,4,5,3,12,4,4,Good,9554.43,26.29,98,No,232.3,202.51,High_spent_Medium_value_payments,Standard,0
63,26676.72,1820.74,5,5,1,11,3,3,Standard,3496.27,10.75,267,Yes,233.55,647.06,High_spent_Large_value_payments,Standard,1
25,62230.06,4295.03,2,3,4,1,2,5,Standard,12707.4,47.43,21,Yes,278.54,2348.45,High_spent_Large_value_payments,Poor,0
25,77166.33,5445.3,2,5,1,1,1,3,Standard,22683.32,36.66,60,No,1646.77,1012.47,Low_spent_Large_value_payments,Poor,1
43,74059.79,4958.68,4,10,1,15,4,2,Good,32826.26,39.39,178,Yes,3258.02,50.0,High_spent_Medium_value_payments,Poor,1
64,22257.94,1446.76,5,4,2,3,3,3,Good,8075.43,40.11,375,Yes,277.75,532.05,High_spent_Large_value_payments,Good,0
30,18174.53,1150.58,4,6,3,14,4,3,Standard,2565.06,30.72,60,No,72.94,725.29,Low_spent_Small_value_payments,Poor,1
56,48921.92,3053.14,4,5,2,2,0,1,Standard,20110.67,28.79,322,Yes,961.81,1114.44,High_spent_Small_value_payments,Standard,0
54,53159.92,3312.22,4,9,0,5,2,2,Good,15350.54,2.93,255,No,1325.72,531.5,High_spent_Large_value_payments,Good,0
66,46170.75,2974.91,4,4,2,8,2,2,Good,29122.72,38.48,509,Yes,1207.67,217.23,Low_spent_Large_value_payments,Good,0
45,15000.0,1061.17,3,6,3,1,1,4,Good,2260.51,43.99,65,No,62.82,668.73,High_spent_Small_value_payments,Standard,1
42,21587.49,1295.45,5,4,6,5,3,2,Good,6238.75,20.19,189,No,74.7,476.76,High_spent_Small_value_payments,Good,0
33,35674.33,2216.67,2,2,1,0,2,3,Bad,16040.07,15.44,65,Yes,1301.2,50.0,High_spent_Medium_value_payments,Poor,1
19,48646.29,3018.06,3,1,5,0,1,4,Good,7795.86,40.67,6,No,152.58,1520.77,Low_spent_Medium_value_payments,Standard,0
35,57548.56,3900.0,6,9,0,1,3,3,Good,12029.82,15.84,121,Yes,816.09,1120.96,Low_spent_Large_value_payments,Good,0
34,39598.72,2527.13,3,3,1,2,6,4,Standard,11468.05,24.6,91,Yes,1013.45,295.65,Low_spent_Medium_value_payments,Poor,1
47,44288.06,2876.67,5,3,0,2,3,2,Standard,4747.28,21.22,194,Yes,419.17,1352.98,High_spent_Small_value_payments,Standard,0
56,38212.55,2354.28,5,4,1,3,5,3,Standard,8977.05,18.66,173,Yes,875.48,447.71,High_spent_Small_value_payments,Poor,0
30,54795.95,3528.17,4,10,2,7,6,4,Standard,10278.26,36.15,106,Yes,362.19,1854.37,High_spent_Medium_value_payments,Poor,1
49,43814.47,2677.85,2,3,2,7,1,2,Good,637.52,7.32,240,Yes,28.68,1164.3,High_spent_Medium_value_payments,Good,0
67,37776.5,2484.74,4,3,3,3,2,1,Good,10951.55,44.37,357,Yes,345.74,1342.68,High_spent_Small_value_payments,Good,0
46,30914.44,1887.67,3,4,3,0,0,1,Standard,4256.65,35.71,234,Yes,99.82,932.08,High_spent_Medium_value_payments,Standard,0
63,38130.69,2614.39,4,3,4,5,3,3,Good,10600.71,44.93,394,Yes,200.89,1551.81,High_spent_Small_value_payments,Good,0
47,48569.68,3212.31,4,5,3,10,6,3,Good,18276.4,38.47,205,Yes,521.03,1664.43,High_spent_Medium_value_payments,Poor,0
35,42637.32,2892.64,6,3,2,3,3,3,Bad,15875.59,25.89,60,No,531.11,1280.55,High_spent_Small_value_payments,Poor,1
30,45637.99,2945.2,2,3,3,0,2,3,Bad,3725.06,27.31,55,Yes,86.99,1486.22,Low_spent_Medium_value_payments,Poor,1
60,81278.2,5212.6,2,6,2,1,3,2,Good,40464.12,64.64,137,No,1381.36,1139.7,Low_spent_Medium_value_payments,Poor,1
38,42578.23,2599.99,3,7,1,4,3,4,Standard,8793.38,26.66,75,No,587.0,950.37,Low_spent_Large_value_payments,Standard,1
47,24602.44,1615.77,6,6,1,5,3,3,Good,12213.12,31.19,88,Yes,1049.91,50.0,High_spent_Small_value_payments,Poor,1
38,61707.7,4046.41,4,3,1,0,2,2,Good,31660.51,17.36,136,Yes,2657.6,50.0,Low_spent_Small_value_payments,Standard,1
65,15998.99,1041.07,4,5,2,6,3,3,Standard,3933.43,42.13,392,Yes,162.18,344.42,Low_spent_Large_value_payments,Standard,1
34,18980.21,1291.08,2,6,3,17,5,3,Good,4293.28,21.49,58,Yes,141.74,407.42,Low_spent_Medium_value_payments,Poor,1
57,44422.81,3066.01,4,8,3,1,2,2,Good,15038.79,41.81,108,Yes,426.34,941.07,High_spent_Medium_value_payments,Standard,1
36,49505.45,3372.98,4,7,5,0,2,3,Good,12747.37,19.88,112,Yes,250.78,1934.15,High_spent_Large_value_payments,Good,1
69,17205.24,1059.13,6,6,3,3,1,2,Bad,6195.72,45.41,538,Yes,178.99,266.96,High_spent_Medium_value_payments,Standard,0
32,28862.82,1926.28,4,8,2,18,7,1,Good,4317.76,76.27,104,Yes,189.73,689.94,High_spent_Medium_value_payments,Poor,1
26,25244.15,1536.62,3,5,1,0,4,3,Good,4556.25,2.19,73,Yes,320.58,633.76,High_spent_Small_value_payments,Good,0
69,27119.12,1831.22,3,4,0,3,1,3,Good,9270.55,55.98,208,Yes,748.1,187.61,High_spent_Medium_value_payments,Poor,1
27,63969.31,4102.77,8,4,1,2,1,3,Bad,25011.36,52.88,91,No,2370.59,211.47,High_spent_Small_value_payments,Poor,1
61,55486.96,3408.86,2,7,0,3,1,4,Good,6370.95,16.98,260,No,604.58,1088.47,High_spent_Small_value_payments,Good,0
48,35901.22,2489.35,2,6,1,10,2,4,Good,2338.24,30.46,147,No,220.81,994.79,Low_spent_Small_value_payments,Standard,0
40,26171.41,1744.37,4,7,3,3,2,5,Standard,9013.25,27.24,149,Yes,262.89,436.08,Low_spent_Medium_value_payments,Poor,1
69,16158.64,1031.61,6,3,0,6,2,4,Standard,3150.79,63.82,464,No,258.32,216.23,High_spent_Medium_value_payments,Standard,1
47,85145.0,5137.04,3,4,1,7,1,7,Good,45884.57,36.3,261,Yes,3595.93,50.0,High_spent_Small_value_payments,Poor,1
50,51806.37,3409.94,6,7,2,5,5,8,Good,17303.17,43.53,179,No,679.49,844.66,Low_spent_Small_value_payments,Poor,1
69,23765.7,1663.64,3,4,2,0,1,4,Bad,6423.02,43.82,197,Yes,247.06,756.74,High_spent_Large_value_payments,Poor,1
26,55924.6,3716.79,3,4,2,15,4,5,Good,14469.64,53.34,29,Yes,671.03,1300.68,Low_spent_Medium_value_payments,Poor,1
64,34817.17,2455.52,4,2,0,1,1,5,Good,8102.81,16.08,214,No,626.59,899.92,High_spent_Small_value_payments,Good,0
18,30568.77,1879.31,7,4,2,4,2,4,Standard,8029.84,20.14,6,Yes,289.83,964.72,Low_spent_Small_value_payments,Poor,0
61,47151.77,3119.4,1,1,2,0,4,3,Standard,20943.31,25.34,180,Yes,1038.62,989.75,High_spent_Small_value_payments,Poor,0
52,23274.21,1597.69,3,5,3,0,2,1,Standard,6067.96,31.26,260,Yes,169.75,756.37,Low_spent_Small_value_payments,Standard,0
28,29547.25,1941.06,5,3,1,0,3,5,Standard,14243.34,41.01,45,No,1083.52,50.0,Low_spent_Medium_value_payments,Poor,1
51,39060.88,2382.19,8,5,1,2,2,6,Standard,9580.2,21.78,310,Yes,781.98,410.7,High_spent_Medium_value_payments,Standard,1
33,26912.05,1784.66,3,3,3,2,1,2,Standard,5414.8,15.34,123,Yes,130.0,601.82,High_spent_Large_value_payments,Standard,0
26,54255.04,3614.86,4,4,4,4,4,5,Standard,1075.61,10.11,76,Yes,20.51,2442.72,Low_spent_Medium_value_payments,Standard,0
49,111462.1,7567.65,6,6,3,2,1,7,Bad,27640.84,18.9,193,No,750.04,3484.0,Low_spent_Large_value_payments,Standard,0
32,23096.15,1576.23,4,9,2,2,5,1,Bad,3583.2,29.48,101,No,130.83,698.9,High_spent_Medium_value_payments,Poor,1
29,15000.0,1025.25,3,4,2,11,6,2,Bad,1926.09,23.22,47,Yes,86.45,523.59,Low_spent_Small_value_payments,Poor,1
50,15000.0,1007.81,7,6,1,2,1,5,Standard,4466.36,0.87,108,Yes,318.57,320.4,Low_spent_Small_value_payments,Standard,1
62,33180.55,2068.41,7,3,4,1,2,4,Good,15178.69,33.93,435,No,362.63,804.08,Low_spent_Large_value_payments,Good,0
31,24394.21,1570.48,5,6,2,6,2,1,Standard,11468.28,20.51,62,Yes,516.58,191.64,High_spent_Small_value_payments,Poor,1
25,41139.18,2814.25,6,4,0,19,5,6,Bad,12143.74,35.87,59,No,1023.72,602.62,Low_spent_Small_value_payments,Poor,1
25,39322.75,2765.52,3,6,4,0,1,3,Standard,11464.11,16.2,29,Yes,269.94,1045.82,High_spent_Large_value_payments,Standard,0
44,15000.0,912.83,3,4,0,0,0,1,Good,5662.98,6.49,151,Yes,387.7,50.0,High_spent_Large_value_payments,Good,1
29,15000.0,987.02,3,11,1,7,1,4,Good,3168.73,17.23,117,No,283.96,261.06,High_spent_Medium_value_payments,Good,0
18,43371.59,2749.14,6,8,1,0,2,4,Good,13810.7,16.65,6,No,1006.47,683.05,High_spent_Medium_value_payments,Standard,0
60,39389.61,2459.56,4,4,1,6,2,6,Good,7038.72,48.29,182,No,536.33,964.89,High_spent_Large_value_payments,Standard,0
57,28127.67,1841.79,2,3,1,2,1,3,Standard,9311.31,4.8,334,Yes,744.39,343.15,Low_spent_Small_value_payments,Good,0
59,15000.0,998.49,3,8,0,3,1,4,Good,845.16,29.78,135,No,71.23,449.3,Low_spent_Medium_value_payments,Good,0
68,48186.53,2896.29,2,4,1,0,2,2,Standard,17113.76,26.12,475,No,1572.74,50.0,High_spent_Medium_value_payments,Good,0
28,77896.77,5332.21,2,2,2,1,3,4,Standard,11287.84,22.93,26,No,416.93,2959.31,Low_spent_Small_value_payments,Standard,0
56,42906.97,2955.52,2,7,0,9,5,2,Bad,8926.51,40.52,251,Yes,766.66,1148.68,High_spent_Large_value_payments,Poor,1
60,21840.38,1538.87,5,3,2,15,5,2,Bad,5304.07,64.94,233,No,200.43,425.27,Low_spent_Small_value_payments,Poor,1
48,37299.35,2310.95,7,4,3,3,3,3,Good,8990.19,52.64,104,Yes,215.04,1366.99,Low_spent_Small_value_payments,Poor,1
34,15999.8,1063.04,4,5,2,20,9,4,Standard,5719.26,33.7,124,Yes,277.76,158.82,High_spent_Large_value_payments,Poor,1
50,68512.84,4427.42,4,8,0,0,1,5,Good,7601.73,41.07,336,Yes,625.79,1456.14,High_spent_Small_value_payments,Good,0
49,38143.35,2426.96,3,4,2,10,6,3,Good,4898.95,38.17,227,Yes,178.95,1348.1,Low_spent_Large_value_payments,Standard,1
46,15000.0,991.92,4,4,0,7,2,3,Standard,5113.47,24.38,114,Yes,481.45,120.05,Low_spent_Small_value_payments,Poor,0
38,30320.99,2076.25,4,3,0,0,2,1,Good,16170.23,3.11,64,No,1249.83,188.77,High_spent_Medium_value_payments,Good,0
38,47953.2,2889.17,5,5,0,5,1,2,Good,8601.16,30.04,182,Yes,610.73,902.48,High_spent_Large_value_payments,Good,1
57,29737.72,2096.56,3,6,4,5,3,6,Good,5525.71,9.33,371,Yes,94.92,807.49,High_spent_Small_value_payments,Good,0
40,30775.14,2116.52,5,5,1,14,5,6,Good,8429.09,62.47,165,Yes,655.91,789.07,High_spent_Small_value_payments,Poor,1
23,17419.73,1186.94,4,5,4,1,1,0,Good,8892.81,12.81,12,Yes,211.15,550.62,Low_spent_Large_value_payments,Good,1
39,51017.53,3481.31,4,5,3,1,0,5,Standard,26581.06,52.77,67,No,718.2,1063.45,High_spent_Small_value_payments,Poor,0
67,24610.25,1580.34,3,5,3,1,2,1,Good,9746.37,36.07,402,Yes,235.44,641.3,Low_spent_Large_value_payments,Good,0
55,15000.0,1022.14,3,9,1,13,4,4,Good,1517.64,14.26,181,Yes,116.22,372.69,Low_spent_Small_value_payments,Standard,0
54,29063.71,1865.6,7,6,0,9,2,1,Standard,8442.1,17.72,170,Yes,596.7,383.18,High_spent_Large_value_payments,Standard,1
62,65426.97,4562.61,5,4,1,1,1,2,Good,13868.7,26.49,244,Yes,1238.47,1718.24,Low_spent_Small_value_payments,Good,0
68,28791.7,1782.78,2,7,5,9,4,3,Standard,2023.35,28.13,456,Yes,29.37,780.78,Low_spent_Small_value_payments,Standard,0
25,103031.6,6508.21,5,11,0,16,5,2,Standard,23600.38,62.28,63,No,1922.3,2473.23,High_spent_Small_value_payments,Poor,1
58,46975.47,3099.1,3,5,4,0,2,2,Standard,19274.85,49.58,184,Yes,326.88,1005.33,High_spent_Small_value_payments,Poor,1
66,44500.46,2823.92,4,5,1,15,3,1,Standard,6212.03,19.51,420,Yes,549.79,1107.84,Low_spent_Large_value_payments,Standard,0
52,33622.85,2171.9,2,4,0,10,3,4,Standard,13543.04,41.35,159,Yes,1038.23,61.41,High_spent_Large_value_payments,Poor,1
68,34857.66,2277.41,6,8,4,11,3,0,Bad,14249.03,10.86,193,Yes,258.94,791.0,Low_spent_Medium_value_payments,Poor,1
28,31006.3,2148.03,2,2,2,0,3,1,Good,15754.28,29.84,100,No,709.43,684.35,Low_spent_Medium_value_payments,Good,0
41,30291.98,1989.21,3,1,4,13,4,2,Good,512.19,30.87,138,No,10.53,1231.69,High_spent_Medium_value_payments,Standard,1
66,49937.14,3192.31,2,6,2,26,7,8,Good,20349.39,36.91,367,Yes,913.43,670.37,Low_spent_Small_value_payments,Poor,1
38,20712.68,1298.35,4,3,0,6,1,3,Standard,4020.15,32.05,73,No,328.33,473.27,Low_spent_Large_value_payments,Poor,1
68,19043.17,1226.9,4,5,2,9,3,5,Good,7318.08,46.44,164,Yes,263.77,522.6,Low_spent_Medium_value_payments,Poor,1
19,18510.31,1214.04,3,5,2,3,1,1,Standard,8149.46,37.26,8,Yes,351.57,422.34,Low_spent_Small_value_payments,Poor,0
57,123920.16,8436.85,5,4,2,0,1,1,Standard,14324.54,46.84,340,Yes,689.27,3954.26,Low_spent_Large_value_payments,Good,0
36,49921.43,3060.75,2,6,2,3,2,4,Standard,18557.07,27.8,143,Yes,863.36,1021.78,High_spent_Small_value_payments,Poor,0
56,43594.89,2720.35,5,7,1,11,3,3,Good,19258.46,38.01,233,Yes,1546.02,52.44,Low_spent_Large_value_payments,Poor,0
45,19254.33,1234.45,4,5,2,2,2,0,Standard,11626.0,14.88,260,No,550.97,128.4,High_spent_Large_value_payments,Good,0
34,52786.22,3373.27,3,6,2,2,2,1,Standard,13077.26,7.5,46,No,443.29,1822.97,Low_spent_Small_value_payments,Good,0
23,33862.29,2175.45,2,7,3,5,1,1,Bad,18045.38,37.75,45,No,554.94,511.57,High_spent_Medium_value_payments,Poor,1
36,41295.19,2832.7,3,4,2,17,5,2,Standard,6903.68,4.05,85,Yes,310.45,1279.74,Low_spent_Small_value_payments,Poor,1
55,20211.92,1283.69,4,3,2,4,1,4,Standard,5400.34,17.24,370,Yes,245.13,283.22,Low_spent_Large_value_payments,Standard,0
45,39981.07,2616.25,5,3,5,3,5,4,Standard,21119.74,37.2,110,Yes,301.04,1022.11,Low_spent_Large_value_payments,Poor,1
19,28161.18,1880.01,2,4,2,3,0,5,Good,4400.91,23.67,6,Yes,147.32,1069.32,High_spent_Large_value_payments,Standard,0
55,22939.91,1434.09,4,3,1,2,0,3,Good,3247.44,19.39,183,Yes,250.53,406.28,Low_spent_Medium_value_payments,Good,0
54,56413.5,3824.04,3,8,1,2,1,3,Bad,17063.13,33.76,183,Yes,1313.03,914.24,Low_spent_Small_value_payments,Poor,1
68,15000.0,988.91,7,4,2,17,5,5,Good,2767.97,2.12,395,Yes,119.57,326.44,Low_spent_Small_value_payments,Good,0
69,50963.54,3304.48,4,3,3,1,1,5,Standard,18943.73,21.56,188,No,490.18,1340.17,Low_spent_Large_value_payments,Standard,0
21,54758.71,3765.9,9,7,4,3,0,2,Standard,7342.64,58.7,14,Yes,133.09,1862.66,High_spent_Medium_value_payments,Poor,1
39,21422.86,1341.88,5,3,3,0,2,4,Standard,3517.41,28.58,157,Yes,115.47,504.02,Low_spent_Large_value_payments,Standard,0
43,22199.01,1544.33,2,6,2,3,1,1,Standard,4003.4,51.79,119,Yes,177.21,885.93,High_spent_Medium_value_payments,Poor,1
66,31767.04,2099.1,3,3,2,2,0,4,Good,4312.67,51.54,275,Yes,167.17,1202.78,Low_spent_Large_value_payments,Standard,0
60,43011.45,2864.54,3,4,2,3,1,2,Standard,16481.52,30.36,147,Yes,709.23,1291.21,Low_spent_Small_value_payments,Poor,1
53,33133.06,2302.08,9,3,1,2,0,2,Standard,14193.18,12.47,116,Yes,1207.28,50.0,High_spent_Medium_value_payments,Standard,0
30,47105.14,3243.53,1,5,2,11,3,4,Standard,14406.75,54.76,103,No,673.04,1569.14,High_spent_Small_value_payments,Poor,1
69,104588.39,6956.9,4,3,3,4,2,4,Standard,29426.85,28.08,150,No,898.39,2790.25,Low_spent_Small_value_payments,Standard,0
49,26778.91,1825.24,7,4,4,2,1,3,Good,10075.72,11.33,325,Yes,185.7,576.95,High_spent_Medium_value_payments,Good,0
34,15000.0,970.41,4,4,1,2,0,2,Standard,2717.2,37.22,133,Yes,225.81,355.63,Low_spent_Medium_value_payments,Poor,0
58,59608.54,3929.99,1,4,0,0,2,2,Good,9050.15,24.59,359,Yes,711.66,1554.95,High_spent_Large_value_payments,Good,0
53,99706.76,6049.45,3,4,3,1,1,2,Bad,45481.71,26.2,226,No,1111.36,1734.46,High_spent_Medium_value_payments,Standard,1
63,45966.17,2802.72,4,7,2,10,2,1,Good,11266.36,20.11,191,Yes,530.39,983.29,Low_spent_Medium_value_payments,Good,0
36,18908.2,1304.39,5,6,1,2,0,3,Bad,4974.4,35.23,184,No,338.81,287.27,Low_spent_Medium_value_payments,Poor,1
52,33713.87,2044.63,2,1,1,15,3,3,Standard,3107.91,39.55,360,Yes,231.07,792.22,High_spent_Large_value_payments,Poor,1
63,18562.26,1147.8,7,5,4,0,2,2,Good,1470.89,10.4,475,Yes,34.86,633.52,High_spent_Small_value_payments,Good,0
57,53407.86,3664.93,4,5,3,0,0,5,Standard,4874.85,2.03,206,Yes,146.64,2403.56,Low_spent_Large_value_payments,Good,0
45,16142.74,968.76,5,7,4,10,4,3,Bad,4753.71,31.08,148,No,96.44,347.31,Low_spent_Large_value_payments,Poor,1
18,30330.91,1912.65,3,14,1,3,4,3,Standard,7902.75,31.46,6,Yes,589.22,315.34,Low_spent_Medium_value_payments,Poor,1
59,19878.57,1318.49,6,3,1,9,4,4,Good,2826.46,32.93,145,Yes,220.27,591.57,High_spent_Small_value_payments,Poor,0
35,39186.78,2603.99,6,4,2,1,0,2,Good,7067.7,31.28,127,Yes,320.52,1226.77,High_spent_Small_value_payments,Good,1
65,29149.56,1994.39,9,6,2,1,1,3,Bad,6534.78,18.7,415,No,295.56,911.12,Low_spent_Small_value_payments,Good,0
57,40378.68,2644.03,5,4,1,4,2,1,Bad,7279.38,20.53,377,Yes,563.88,967.73,Low_spent_Large_value_payments,Standard,1
50,36805.79,2411.46,3,4,2,1,4,2,Good,12751.86,6.78,198,Yes,596.1,435.3,High_spent_Medium_value_payments,Good,0
29,20090.54,1363.29,4,5,2,0,1,5,Bad,10920.98,52.64,31,No,499.62,86.09,High_spent_Medium_value_payments,Poor,1
25,52898.29,3459.64,3,2,3,11,4,2,Standard,8956.63,35.0,37,No,239.6,1158.9,High_spent_Medium_value_payments,Poor,1
41,35268.33,2348.59,2,9,3,8,4,3,Bad,9916.15,31.65,85,Yes,303.18,1049.82,Low_spent_Small_value_payments,Poor,1
33,20068.02,1399.26,4,9,1,3,1,8,Good,5867.01,8.83,104,Yes,408.63,230.49,Low_spent_Small_value_payments,Standard,1
67,139323.79,8965.35,4,6,1,1,0,7,Bad,47877.2,11.97,400,Yes,3826.78,1344.97,Low_spent_Medium_value_payments,Poor,1
21,48332.43,3101.6,2,5,3,1,1,2,Bad,25964.27,25.95,17,Yes,786.49,537.02,Low_spent_Medium_value_payments,Poor,1
55,33125.0,1988.77,2,7,0,0,3,2,Standard,2301.52,31.66,350,No,178.32,716.87,High_spent_Medium_value_payments,Good,0
61,84890.95,5657.6,2,2,6,0,4,3,Good,24736.46,1.52,370,No,287.97,3264.55,Low_spent_Small_value_payments,Good,0
44,109654.45,6614.63,3,5,2,2,0,5,Standard,8892.19,28.22,130,No,320.62,3391.89,High_spent_Small_value_payments,Good,1
26,33282.61,2178.73,3,2,2,8,7,2,Bad,6060.19,12.59,23,Yes,262.31,1125.38,High_spent_Medium_value_payments,Poor,1
64,44731.74,3073.63,2,5,3,7,5,2,Standard,10158.43,26.99,252,No,337.84,1384.38,Low_spent_Medium_value_payments,Standard,0
